scheme_name,fund_house,category,sub_category,scheme_code,nav,aum,expense_ratio,min_sip_amount,min_lumpsum,returns_1y,returns_3y,returns_5y,returns_since_launch,benchmark,riskometer,volatility,sharpe_ratio,portfolio_turnover,fund_manager,fund_manager_tenure,investment_objective,asset_allocation,exit_load,top_holdings,holdings_date,launch_date,stamp_duty,tax_regime,fund_house_rank,seo_title,seo_description,keywords
SBI Blue Chip Fund - Direct Plan - Growth,SBI Mutual Fund,Large Cap,INF200K01QX4,120503,101.6833,53468.34,0.79,500,1000,9.84,31.25,25.25,12.02,BSE 100 Total Return Index,Very High,11.35,2.18,8,Pradeep Kesavan; Saurabh Pant,2.5 years,Aims to provide capital appreciation by investing in Large Cap securities,Equity: 97.26% | T-Bills: 0.78%,Nil,HDFC Bank Ltd. (8.73%) | ICICI Bank Ltd. (7.76%) | Reliance Industries Ltd. (6.56%) | Larsen & Toubro Ltd. (5.56%) | Infosys Ltd. (3.94%) | State Bank of India (3.82%) | Asian Paints Ltd. (3.79%) | Axis Bank Ltd. (3.26%) | HDFC Life Insurance Co Ltd. (3.18%) | Tata Motors Ltd. (2.91%),25-May-2026,03-Jan-2013,0%,LTCG 12.5% after 2 years for equity,1,SBI Blue Chip Fund - Direct Plan - Growth - SBI Mutual Fund,"Detailed review and analysis of SBI Blue Chip Fund - Direct Plan - Growth (Large Cap). Compare returns, expenses, holdings and risks. Start investing today.",SBI Blue Chip Fund - Direct Plan - Growth | SBI Blue Chip Fund - Direct Plan - Growth review | Large Cap mutual fund | Large Cap fund in India | SBI Mutual Fund Large Cap | best Large Cap funds | SBI Blue Chip Fund - Direct Plan - Growth NAV | SBI Blue Chip Fund - Direct Plan - Growth returns | SBI Blue Chip Fund - Direct Plan - Growth expense ratio | invest in SBI Blue Chip Fund - Direct Plan - Growth | SBI Blue Chip Fund - Direct Plan - Growth SIP | Large Cap investment 2025 | SBI Blue Chip Fund - Direct Plan - Growth vs Large Cap | top Large Cap funds India | SBI Blue Chip Fund - Direct Plan - Growth performance | SBI Blue Chip Fund - Direct Plan - Growth fund manager | Large Cap fund comparison | buy SBI Blue Chip Fund - Direct Plan - Growth online | SBI Blue Chip Fund - Direct Plan - Growth minimum investment | Large Cap fund returns India
SBI Blue Chip Fund - Regular Plan - Growth,SBI Mutual Fund,Large Cap,Large Cap Fund,120504,166.7351,53468.34,1.43,500,1000,-0.75,12.44,13.47,22.61,Nifty 50,Very High,11.37,0.52,8,Pradeep Kesavan; Saurabh Pant,2.5 years,Aims to provide capital appreciation by investing in Large Cap securities,Equity: 97.26% | T-Bills: 0.78%,Nil,HDFC Bank Ltd. (8.73%) | ICICI Bank Ltd. (7.76%) | Reliance Industries Ltd. (6.56%) | Larsen & Toubro Ltd. (5.56%) | Infosys Ltd. (3.94%) | State Bank of India (3.82%) | Asian Paints Ltd. (3.79%) | Axis Bank Ltd. (3.26%) | HDFC Life Insurance Co Ltd. (3.18%) | Tata Motors Ltd. (2.91%),25-May-2026,18-Nov-2013,0%,LTCG 12.5% after 2 years for equity,1,SBI Blue Chip Fund - Regular Plan - Growth - SBI Mutual Fund,"Detailed review and analysis of SBI Blue Chip Fund - Regular Plan - Growth (Large Cap). Compare returns, expenses, holdings and risks. Start investing today.",SBI Blue Chip Fund - Regular Plan - Growth | SBI Blue Chip Fund - Regular Plan - Growth review | Large Cap mutual fund | Large Cap fund in India | SBI Mutual Fund Large Cap | best Large Cap funds | SBI Blue Chip Fund - Regular Plan - Growth NAV | SBI Blue Chip Fund - Regular Plan - Growth returns | SBI Blue Chip Fund - Regular Plan - Growth expense ratio | invest in SBI Blue Chip Fund - Regular Plan - Growth | SBI Blue Chip Fund - Regular Plan - Growth SIP | Large Cap investment 2025 | SBI Blue Chip Fund - Regular Plan - Growth vs Large Cap | top Large Cap funds India | SBI Blue Chip Fund - Regular Plan - Growth performance | SBI Blue Chip Fund - Regular Plan - Growth fund manager | Large Cap fund comparison | buy SBI Blue Chip Fund - Regular Plan - Growth online | SBI Blue Chip Fund - Regular Plan - Growth minimum investment | Large Cap fund returns India
SBI Small Cap Fund - Direct Plan - Growth,SBI Mutual Fund,Small Cap,Small Cap Fund,119529,192.1227,24574.56,0.82,500,1000,0.06,13.45,14.57,23.96,Nifty Smallcap 250 TRI,Very High,17.83,0.39,23,R. Srinivasan,10.2 years,Aims to provide capital appreciation by investing in Small Cap securities,Equity: 91.00% | Cash & Equivalents: 9.00%,Nil,Aarti Drugs Ltd. (3.2%) | Hatsun Agro Product Ltd. (2.9%) | National Aluminium Company Ltd. (2.7%) | VST Tillers Tractors Ltd. (2.5%) | Repco Home Finance Ltd. (2.3%) | RACL Geartech Ltd. (2.1%) | Neuland Laboratories Ltd. (2.0%) | Mold-Tek Packaging Ltd. (1.9%) | NIIT Learning Systems Ltd. (1.8%) | Nuvama Wealth Management Ltd. (1.7%),25-May-2026,18-Nov-2013,0%,LTCG 12.5% after 2 years for equity,1,SBI Small Cap Fund - Direct Plan - Growth - SBI Mutual Fund,"Detailed review and analysis of SBI Small Cap Fund - Direct Plan - Growth (Small Cap). Compare returns, expenses, holdings and risks. Start investing today.",SBI Small Cap Fund - Direct Plan - Growth | SBI Small Cap Fund - Direct Plan - Growth review | Small Cap mutual fund | Small Cap fund in India | SBI Mutual Fund Small Cap | best Small Cap funds | SBI Small Cap Fund - Direct Plan - Growth NAV | SBI Small Cap Fund - Direct Plan - Growth returns | SBI Small Cap Fund - Direct Plan - Growth expense ratio | invest in SBI Small Cap Fund - Direct Plan - Growth | SBI Small Cap Fund - Direct Plan - Growth SIP | Small Cap investment 2025 | SBI Small Cap Fund - Direct Plan - Growth vs Small Cap | top Small Cap funds India | SBI Small Cap Fund - Direct Plan - Growth performance | SBI Small Cap Fund - Direct Plan - Growth fund manager | Small Cap fund comparison | buy SBI Small Cap Fund - Direct Plan - Growth online | SBI Small Cap Fund - Direct Plan - Growth minimum investment | Small Cap fund returns India
SBI Midcap Fund - Direct Plan - Growth,SBI Mutual Fund,Mid Cap,Mid Cap Fund,120511,264.9314,23247.37,1.62,500,1000,1.71,15.45,16.58,18.28,Nifty Midcap 150 TRI,Very High,14.71,0.61,33,Bhavin Vithlani; Pradeep Kesavan,2.5 years,Aims to provide capital appreciation by investing in Mid Cap securities,Equity: 93.08% | T-Bills: 1.19% | Futures: 0.29%,Nil,Bharat Heavy Electricals Ltd. (3.79%) | Torrent Power Ltd. (3.73%) | Adani Energy Solutions Ltd. (3.49%) | Crisil Ltd. (3.08%) | AIA Engineering Ltd. (2.88%) | Supreme Industries Ltd. (2.8%) | Sundaram Finance Ltd. (2.63%) | Shree Cement Ltd. (2.6%) | Biocon Ltd. (2.41%) | The Federal Bank Ltd. (2.22%),25-May-2026,02-Jan-2013,0%,LTCG 12.5% after 2 years for equity,1,SBI Midcap Fund - Direct Plan - Growth - SBI Mutual Fund Rev,"Detailed review and analysis of SBI Midcap Fund - Direct Plan - Growth (Mid Cap). Compare returns, expenses, holdings and risks. Start investing today.",SBI Midcap Fund - Direct Plan - Growth | SBI Midcap Fund - Direct Plan - Growth review | Mid Cap mutual fund | Mid Cap fund in India | SBI Mutual Fund Mid Cap | best Mid Cap funds | SBI Midcap Fund - Direct Plan - Growth NAV | SBI Midcap Fund - Direct Plan - Growth returns | SBI Midcap Fund - Direct Plan - Growth expense ratio | invest in SBI Midcap Fund - Direct Plan - Growth | SBI Midcap Fund - Direct Plan - Growth SIP | Mid Cap investment 2025 | SBI Midcap Fund - Direct Plan - Growth vs Mid Cap | top Mid Cap funds India | SBI Midcap Fund - Direct Plan - Growth performance | SBI Midcap Fund - Direct Plan - Growth fund manager | Mid Cap fund comparison | buy SBI Midcap Fund - Direct Plan - Growth online | SBI Midcap Fund - Direct Plan - Growth minimum investment | Mid Cap fund returns India
SBI Focused Fund - Direct Plan - Growth,SBI Mutual Fund,Multi Cap,Multi Cap Fund,120512,432.2142,46041.95,1.47,500,1000,12.11,18.13,15.02,15.63,Nifty 500 Multicap 50:25:25 TRI,Very High,13.25,0.88,45,Pradeep Kesavan; Rama Iyer Srinivasan,17.0 years,Aims to provide capital appreciation by investing in Multi Cap securities,Equity: 76.29% | Forgn. Eq: 14.88% | Debenture: 0.74% | T-Bills: 0.16%,Nil,Alphabet Inc Class A (11.14%) | State Bank of India (6.96%) | ICICI Bank Ltd. (6.59%) | Adani Power Ltd. (5.94%) | Muthoot Finance Ltd. (5.21%) | Bajaj Finance Ltd. (5.18%) | Kotak Mahindra Bank Ltd. (4.99%) | Bharti Airtel Ltd. (4.88%) | Adani Energy Solutions Ltd. (4.42%) | Bajaj Finserv Ltd. (3.79%),25-May-2026,02-Jan-2013,0%,LTCG 12.5% after 2 years for equity,1,SBI Focused Fund - Direct Plan - Growth - SBI Mutual Fund Re,"Detailed review and analysis of SBI Focused Fund - Direct Plan - Growth (Multi Cap). Compare returns, expenses, holdings and risks. Start investing today.",SBI Focused Fund - Direct Plan - Growth | SBI Focused Fund - Direct Plan - Growth review | Multi Cap mutual fund | Multi Cap fund in India | SBI Mutual Fund Multi Cap | best Multi Cap funds | SBI Focused Fund - Direct Plan - Growth NAV | SBI Focused Fund - Direct Plan - Growth returns | SBI Focused Fund - Direct Plan - Growth expense ratio | invest in SBI Focused Fund - Direct Plan - Growth | SBI Focused Fund - Direct Plan - Growth SIP | Multi Cap investment 2025 | SBI Focused Fund - Direct Plan - Growth vs Multi Cap | top Multi Cap funds India | SBI Focused Fund - Direct Plan - Growth performance | SBI Focused Fund - Direct Plan - Growth fund manager | Multi Cap fund comparison | buy SBI Focused Fund - Direct Plan - Growth online | SBI Focused Fund - Direct Plan - Growth minimum investment | Multi Cap fund returns India
SBI Contra Fund - Direct Plan - Growth,SBI Mutual Fund,Multi Cap,INF200K01RA0,119530,408.5142,47352.17,0.72,500,1000,-1.21,16.36,18.26,15.48,Nifty 500 Multicap 50:25:25 TRI,Very High,13.70,0.72,130,Dinesh Balachandran; Pradeep Kesavan,8.1 years,Aims to provide capital appreciation by investing in Multi Cap securities,Equity: 81.12% | T-Bills: 2.35% | Forgn. Eq: 2.19% | Debenture: 1.92% | CD: 1.05% | REITs: 0.94% | Call Option: -0.03% | Futures: -0.16%,Nil,HDFC Bank Ltd. (6.59%) | Reliance Industries Ltd. (5.35%) | Biocon Ltd. (3.04%) | Tata Steel Ltd. (2.98%) | ICICI Bank Ltd. (2.93%) | Punjab National Bank (2.68%) | Kotak Mahindra Bank Ltd. (2.59%) | Torrent Power Ltd. (2.56%) | Indus Towers Ltd. (2.43%) | GAIL (India) Ltd. (2.12%),25-May-2026,02-Jan-2013,0%,LTCG 12.5% after 2 years for equity,1,SBI Contra Fund - Direct Plan - Growth - SBI Mutual Fund Rev,"Detailed review and analysis of SBI Contra Fund - Direct Plan - Growth (Multi Cap). Compare returns, expenses, holdings and risks. Start investing today.",SBI Contra Fund - Direct Plan - Growth | SBI Contra Fund - Direct Plan - Growth review | Multi Cap mutual fund | Multi Cap fund in India | SBI Mutual Fund Multi Cap | best Multi Cap funds | SBI Contra Fund - Direct Plan - Growth NAV | SBI Contra Fund - Direct Plan - Growth returns | SBI Contra Fund - Direct Plan - Growth expense ratio | invest in SBI Contra Fund - Direct Plan - Growth | SBI Contra Fund - Direct Plan - Growth SIP | Multi Cap investment 2025 | SBI Contra Fund - Direct Plan - Growth vs Multi Cap | top Multi Cap funds India | SBI Contra Fund - Direct Plan - Growth performance | SBI Contra Fund - Direct Plan - Growth fund manager | Multi Cap fund comparison | buy SBI Contra Fund - Direct Plan - Growth online | SBI Contra Fund - Direct Plan - Growth minimum investment | Multi Cap fund returns India
SBI ELSS Tax Saver Fund - Direct Plan - Growth,SBI Mutual Fund,ELSS,INF200K01UM9,118991,462.7335,31093.9,0.93,500,1000,-1.1,19.98,17.91,15.42,Nifty 500 TRI,Very High,15.53,0.87,37,Milind Agrawal,0.4 years,Aims to provide capital appreciation by investing in ELSS securities,Equity: 96.05% | T-Bills: 0.12%,Nil,ICICI Bank Ltd. (8.95%) | Reliance Industries Ltd. (5.19%) | Kotak Mahindra Bank Ltd. (4.9%) | Tata Steel Ltd. (4.17%) | Axis Bank Ltd. (4.07%) | HDFC Bank Ltd. (3.99%) | State Bank of India (3.83%) | Torrent Power Ltd. (3.13%) | Larsen & Toubro Ltd. (2.93%) | Tata Consultancy Services Ltd. (2.27%),25-May-2026,02-Jan-2013,0%,LTCG 12.5% after 2 years for equity,1,SBI ELSS Tax Saver Fund - Direct Plan - Growth - SBI Mutual,"Detailed review and analysis of SBI ELSS Tax Saver Fund - Direct Plan - Growth (ELSS). Compare returns, expenses, holdings and risks. Start investing today.",SBI ELSS Tax Saver Fund - Direct Plan - Growth | SBI ELSS Tax Saver Fund - Direct Plan - Growth review | ELSS mutual fund | ELSS fund in India | SBI Mutual Fund ELSS | best ELSS funds | SBI ELSS Tax Saver Fund - Direct Plan - Growth NAV | SBI ELSS Tax Saver Fund - Direct Plan - Growth returns | SBI ELSS Tax Saver Fund - Direct Plan - Growth expense ratio | invest in SBI ELSS Tax Saver Fund - Direct Plan - Growth | SBI ELSS Tax Saver Fund - Direct Plan - Growth SIP | ELSS investment 2025 | SBI ELSS Tax Saver Fund - Direct Plan - Growth vs ELSS | top ELSS funds India | SBI ELSS Tax Saver Fund - Direct Plan - Growth performance | SBI ELSS Tax Saver Fund - Direct Plan - Growth fund manager | ELSS fund comparison | buy SBI ELSS Tax Saver Fund - Direct Plan - Growth online | SBI ELSS Tax Saver Fund - Direct Plan - Growth minimum investment | ELSS fund returns India
SBI Liquid Fund - Direct Plan - Growth,SBI Mutual Fund,Liquid,Liquid Fund,120560,4351.1564,71248.45,0.12,500,1000,6.15,6.89,6.09,6.79,NIFTY Liquid Index,Low,0.12,3.25,260,Ruchit Mehta; Ardhendu Bhattacharya,3.2 years,Aims to provide capital appreciation by investing in Liquid securities,T-Bills: 65.00% | CD: 20.00% | CP: 10.00% | Cash: 5.00%,Nil,State Bank of India CD (8.5%) | HDFC Bank CD (7.2%) | Reliance Industries T-Bills (6.8%) | ICICI Bank CP (5.9%) | 182-Day T-Bill (5.5%) | National Bank For Agriculture And Rural Development (5.2%) | 91-Day T-Bill (4.8%) | Kotak Mahindra Bank CD (4.5%) | Axis Bank CP (4.1%) | Power Finance Corporation (3.8%),25-May-2026,01-Jan-2013,0%,LTCG 12.5% after 2 years for equity,1,SBI Liquid Fund - Direct Plan - Growth - SBI Mutual Fund Rev,"Detailed review and analysis of SBI Liquid Fund - Direct Plan - Growth (Liquid). Compare returns, expenses, holdings and risks. Start investing today.",SBI Liquid Fund - Direct Plan - Growth | SBI Liquid Fund - Direct Plan - Growth review | Liquid mutual fund | Liquid fund in India | SBI Mutual Fund Liquid | best Liquid funds | SBI Liquid Fund - Direct Plan - Growth NAV | SBI Liquid Fund - Direct Plan - Growth returns | SBI Liquid Fund - Direct Plan - Growth expense ratio | invest in SBI Liquid Fund - Direct Plan - Growth | SBI Liquid Fund - Direct Plan - Growth SIP | Liquid investment 2025 | SBI Liquid Fund - Direct Plan - Growth vs Liquid | top Liquid funds India | SBI Liquid Fund - Direct Plan - Growth performance | SBI Liquid Fund - Direct Plan - Growth fund manager | Liquid fund comparison | buy SBI Liquid Fund - Direct Plan - Growth online | SBI Liquid Fund - Direct Plan - Growth minimum investment | Liquid fund returns India
SBI Debt Fund - Direct Plan - Growth,SBI Mutual Fund,Debt,Short Duration Fund,120530,13.7266,83353,0.71,500,1000,4.95,14.51,12.09,,CRISIL Composite Bond Fund Index,Moderate,3.00,2.67,150,Ardhendu Bhattacharya; Ruchit Mehta,4.1 years,Aims to provide capital appreciation by investing in Debt securities,Debenture: 40.00% | SDL: 30.00% | T-Bills: 20.00% | GOI Sec: 10.00%,Nil,National Bank For Agriculture And Rural Development (5.8%) | Power Finance Corporation Ltd. (5.2%) | Rural Electrification Corporation Ltd. (4.9%) | 7.26% GOI 2032 (4.5%) | State Bank of India (4.1%) | National Highways Authority of India (3.8%) | Housing Development Finance Corporation Ltd. (3.5%) | Indian Railway Finance Corporation Ltd. (3.2%) | HDFC Bank Ltd. (2.9%) | Bajaj Finance Ltd. (2.5%),25-May-2026,09-Apr-2018,0%,LTCG 12.5% after 2 years for equity,1,SBI Debt Fund - Direct Plan - Growth - SBI Mutual Fund Revie,"Detailed review and analysis of SBI Debt Fund - Direct Plan - Growth (Debt). Compare returns, expenses, holdings and risks. Start investing today.",SBI Debt Fund - Direct Plan - Growth | SBI Debt Fund - Direct Plan - Growth review | Debt mutual fund | Debt fund in India | SBI Mutual Fund Debt | best Debt funds | SBI Debt Fund - Direct Plan - Growth NAV | SBI Debt Fund - Direct Plan - Growth returns | SBI Debt Fund - Direct Plan - Growth expense ratio | invest in SBI Debt Fund - Direct Plan - Growth | SBI Debt Fund - Direct Plan - Growth SIP | Debt investment 2025 | SBI Debt Fund - Direct Plan - Growth vs Debt | top Debt funds India | SBI Debt Fund - Direct Plan - Growth performance | SBI Debt Fund - Direct Plan - Growth fund manager | Debt fund comparison | buy SBI Debt Fund - Direct Plan - Growth online | SBI Debt Fund - Direct Plan - Growth minimum investment | Debt fund returns India
SBI Banking and PSU Fund - Direct Plan - Growth,SBI Mutual Fund,Debt,Banking and PSU Fund,120531,3439.5674,4521.32,0.38,500,1000,3.5,6.83,5.87,7.68,CRISIL Composite Bond Fund Index,Moderate,3.01,0.11,152,Ardhendu Bhattacharya,5.0 years,Aims to provide capital appreciation by investing in Debt securities,SDL: 40.00% | PSU Bonds: 40.00% | T-Bills: 20.00%,Nil,National Bank For Agriculture And Rural Development (5.8%) | Power Finance Corporation Ltd. (5.2%) | Rural Electrification Corporation Ltd. (4.9%) | 7.26% GOI 2032 (4.5%) | State Bank of India (4.1%) | National Highways Authority of India (3.8%) | Housing Development Finance Corporation Ltd. (3.5%) | Indian Railway Finance Corporation Ltd. (3.2%) | HDFC Bank Ltd. (2.9%) | Bajaj Finance Ltd. (2.5%),25-May-2026,18-Nov-2013,0%,LTCG 12.5% after 2 years for equity,1,SBI Banking and PSU Fund - Direct Plan - Growth - SBI Mutual,"Detailed review and analysis of SBI Banking and PSU Fund - Direct Plan - Growth (Debt). Compare returns, expenses, holdings and risks. Start investing today.",SBI Banking and PSU Fund - Direct Plan - Growth | SBI Banking and PSU Fund - Direct Plan - Growth review | Debt mutual fund | Debt fund in India | SBI Mutual Fund Debt | best Debt funds | SBI Banking and PSU Fund - Direct Plan - Growth NAV | SBI Banking and PSU Fund - Direct Plan - Growth returns | SBI Banking and PSU Fund - Direct Plan - Growth expense ratio | invest in SBI Banking and PSU Fund - Direct Plan - Growth | SBI Banking and PSU Fund - Direct Plan - Growth SIP | Debt investment 2025 | SBI Banking and PSU Fund - Direct Plan - Growth vs Debt | top Debt funds India | SBI Banking and PSU Fund - Direct Plan - Growth performance | SBI Banking and PSU Fund - Direct Plan - Growth fund manager | Debt fund comparison | buy SBI Banking and PSU Fund - Direct Plan - Growth online | SBI Banking and PSU Fund - Direct Plan - Growth minimum investment | Debt fund returns India
ICICI Prudential Bluechip Fund - Direct Plan - Growth,ICICI Prudential,Large Cap,Large Cap Fund,102968,83.91,58145.22,0.52,500,1000,24.48,15.44,12.65,16.42,Nifty 50,Very High,12.52,0.71,28,Anish Tawakley; Vaibhav Dusad,6.5 years,Aims to provide capital appreciation by investing in Large Cap securities,Equity: 96.00% | T-Bills: 4.00%,Nil,HDFC Bank Ltd. (8.5%) | ICICI Bank Ltd. (7.8%) | Reliance Industries Ltd. (6.9%) | Infosys Ltd. (5.2%) | Larsen & Toubro Ltd. (4.8%) | Axis Bank Ltd. (3.9%) | Tata Consultancy Services Ltd. (3.7%) | Bharti Airtel Ltd. (3.4%) | State Bank of India (3.1%) | ITC Ltd. (2.8%),25-May-2026,03-Jan-2013,0%,LTCG 12.5% after 2 years for equity,2,ICICI Prudential Bluechip Fund - Direct Plan - Growth - ICIC,"Detailed review and analysis of ICICI Prudential Bluechip Fund - Direct Plan - Growth (Large Cap). Compare returns, expenses, holdings and risks. Start investin",ICICI Prudential Bluechip Fund - Direct Plan - Growth | ICICI Prudential Bluechip Fund - Direct Plan - Growth review | Large Cap mutual fund | Large Cap fund in India | ICICI Prudential Large Cap | best Large Cap funds | ICICI Prudential Bluechip Fund - Direct Plan - Growth NAV | ICICI Prudential Bluechip Fund - Direct Plan - Growth returns | ICICI Prudential Bluechip Fund - Direct Plan - Growth expense ratio | invest in ICICI Prudential Bluechip Fund - Direct Plan - Growth | ICICI Prudential Bluechip Fund - Direct Plan - Growth SIP | Large Cap investment 2025 | ICICI Prudential Bluechip Fund - Direct Plan - Growth vs Large Cap | top Large Cap funds India | ICICI Prudential Bluechip Fund - Direct Plan - Growth performance | ICICI Prudential Bluechip Fund - Direct Plan - Growth fund manager | Large Cap fund comparison | buy ICICI Prudential Bluechip Fund - Direct Plan - Growth online | ICICI Prudential Bluechip Fund - Direct Plan - Growth minimum investment | Large Cap fund returns India
ICICI Prudential Bluechip Fund - Regular Plan - Growth,ICICI Prudential,Large Cap,Large Cap Fund,102969,83.91,58145.22,1.52,500,1000,24.48,15.44,12.65,16.42,Nifty 50,Very High,12.54,0.71,28,Anish Tawakley; Vaibhav Dusad,6.5 years,Aims to provide capital appreciation by investing in Large Cap securities,Equity: 96.00% | T-Bills: 4.00%,Nil,HDFC Bank Ltd. (8.5%) | ICICI Bank Ltd. (7.8%) | Reliance Industries Ltd. (6.9%) | Infosys Ltd. (5.2%) | Larsen & Toubro Ltd. (4.8%) | Axis Bank Ltd. (3.9%) | Tata Consultancy Services Ltd. (3.7%) | Bharti Airtel Ltd. (3.4%) | State Bank of India (3.1%) | ITC Ltd. (2.8%),25-May-2026,03-Jan-2013,0%,LTCG 12.5% after 2 years for equity,2,ICICI Prudential Bluechip Fund - Regular Plan - Growth - ICI,"Detailed review and analysis of ICICI Prudential Bluechip Fund - Regular Plan - Growth (Large Cap). Compare returns, expenses, holdings and risks. Start investi",ICICI Prudential Bluechip Fund - Regular Plan - Growth | ICICI Prudential Bluechip Fund - Regular Plan - Growth review | Large Cap mutual fund | Large Cap fund in India | ICICI Prudential Large Cap | best Large Cap funds | ICICI Prudential Bluechip Fund - Regular Plan - Growth NAV | ICICI Prudential Bluechip Fund - Regular Plan - Growth returns | ICICI Prudential Bluechip Fund - Regular Plan - Growth expense ratio | invest in ICICI Prudential Bluechip Fund - Regular Plan - Growth | ICICI Prudential Bluechip Fund - Regular Plan - Growth SIP | Large Cap investment 2025 | ICICI Prudential Bluechip Fund - Regular Plan - Growth vs Large Cap | top Large Cap funds India | ICICI Prudential Bluechip Fund - Regular Plan - Growth performance | ICICI Prudential Bluechip Fund - Regular Plan - Growth fund manager | Large Cap fund comparison | buy ICICI Prudential Bluechip Fund - Regular Plan - Growth online | ICICI Prudential Bluechip Fund - Regular Plan - Growth minimum investment | Large Cap fund returns India
ICICI Prudential Small Cap Fund - Direct Plan - Growth,ICICI Prudential,Small Cap,Small Cap Fund,120718,96.92,22741.83,0.82,500,1000,1.68,15.42,17.22,16.62,Nifty Smallcap 250 TRI,Very High,17.48,0.51,21,Harsh Upadhyaya; Sharmila D'Silva,4.2 years,Aims to provide capital appreciation by investing in Small Cap securities,Equity: 91.00% | Cash & Equivalents: 9.00%,Nil,Aarti Drugs Ltd. (3.2%) | Hatsun Agro Product Ltd. (2.9%) | National Aluminium Company Ltd. (2.7%) | VST Tillers Tractors Ltd. (2.5%) | Repco Home Finance Ltd. (2.3%) | RACL Geartech Ltd. (2.1%) | Neuland Laboratories Ltd. (2.0%) | Mold-Tek Packaging Ltd. (1.9%) | NIIT Learning Systems Ltd. (1.8%) | Nuvama Wealth Management Ltd. (1.7%),25-May-2026,03-Jan-2013,0%,LTCG 12.5% after 2 years for equity,2,ICICI Prudential Small Cap Fund - Direct Plan - Growth - ICI,"Detailed review and analysis of ICICI Prudential Small Cap Fund - Direct Plan - Growth (Small Cap). Compare returns, expenses, holdings and risks. Start investi",ICICI Prudential Small Cap Fund - Direct Plan - Growth | ICICI Prudential Small Cap Fund - Direct Plan - Growth review | Small Cap mutual fund | Small Cap fund in India | ICICI Prudential Small Cap | best Small Cap funds | ICICI Prudential Small Cap Fund - Direct Plan - Growth NAV | ICICI Prudential Small Cap Fund - Direct Plan - Growth returns | ICICI Prudential Small Cap Fund - Direct Plan - Growth expense ratio | invest in ICICI Prudential Small Cap Fund - Direct Plan - Growth | ICICI Prudential Small Cap Fund - Direct Plan - Growth SIP | Small Cap investment 2025 | ICICI Prudential Small Cap Fund - Direct Plan - Growth vs Small Cap | top Small Cap funds India | ICICI Prudential Small Cap Fund - Direct Plan - Growth performance | ICICI Prudential Small Cap Fund - Direct Plan - Growth fund manager | Small Cap fund comparison | buy ICICI Prudential Small Cap Fund - Direct Plan - Growth online | ICICI Prudential Small Cap Fund - Direct Plan - Growth minimum investment | Small Cap fund returns India
ICICI Prudential Mid Cap Fund - Direct Plan - Growth,ICICI Prudential,Mid Cap,INF109K011N7,120719,380.93,7556.68,1.16,500,1000,19.85,27.15,20.63,19.66,Nifty Midcap 150 TRI,Very High,14.93,1.38,75,Lalit Kumar; Sharmila D'Silva,3.9 years,Aims to provide capital appreciation by investing in Mid Cap securities,Equity: 98.02%,Nil,Multi Commodity Exchange Of India Ltd. (4.88%) | BSE Ltd. (4.87%) | Jindal Steel Ltd. (4.51%) | Apar Industries Ltd. (4.3%) | Muthoot Finance Ltd. (3.74%) | APL Apollo Tubes Ltd. (3.59%) | Jindal Stainless Ltd. (3.15%) | Hindustan Petroleum Corporation Ltd. (3.14%) | PB Fintech Ltd. (3.11%) | UPL Ltd. (2.94%),25-May-2026,02-Jan-2013,0%,LTCG 12.5% after 2 years for equity,2,ICICI Prudential Mid Cap Fund - Direct Plan - Growth - ICICI,"Detailed review and analysis of ICICI Prudential Mid Cap Fund - Direct Plan - Growth (Mid Cap). Compare returns, expenses, holdings and risks. Start investing t",ICICI Prudential Mid Cap Fund - Direct Plan - Growth | ICICI Prudential Mid Cap Fund - Direct Plan - Growth review | Mid Cap mutual fund | Mid Cap fund in India | ICICI Prudential Mid Cap | best Mid Cap funds | ICICI Prudential Mid Cap Fund - Direct Plan - Growth NAV | ICICI Prudential Mid Cap Fund - Direct Plan - Growth returns | ICICI Prudential Mid Cap Fund - Direct Plan - Growth expense ratio | invest in ICICI Prudential Mid Cap Fund - Direct Plan - Growth | ICICI Prudential Mid Cap Fund - Direct Plan - Growth SIP | Mid Cap investment 2025 | ICICI Prudential Mid Cap Fund - Direct Plan - Growth vs Mid Cap | top Mid Cap funds India | ICICI Prudential Mid Cap Fund - Direct Plan - Growth performance | ICICI Prudential Mid Cap Fund - Direct Plan - Growth fund manager | Mid Cap fund comparison | buy ICICI Prudential Mid Cap Fund - Direct Plan - Growth online | ICICI Prudential Mid Cap Fund - Direct Plan - Growth minimum investment | Mid Cap fund returns India
ICICI Prudential Multi Cap Fund - Direct Plan - Growth,ICICI Prudential,Multi Cap,INF109K014O9,120720,934.98,16997.42,0.99,500,1000,6.9,20.43,17.37,16.31,Nifty 500 Multicap 50:25:25 TRI,Very High,13.45,1.04,45,Lalit Kumar; Sharmila D'Silva,3.9 years,Aims to provide capital appreciation by investing in Multi Cap securities,Equity: 97.97%,Nil,BSE Ltd. (3.31%) | Ultratech Cement Ltd. (2.85%) | Jindal Steel Ltd. (2.73%) | Multi Commodity Exchange Of India Ltd. (2.11%) | ABB India Ltd. (2.06%) | Interglobe Aviation Ltd. (2.06%) | Apar Industries Ltd. (1.82%) | Vedanta Ltd. (1.81%) | Samvardhana Motherson International Ltd. (1.78%) | PB Fintech Ltd. (1.76%),25-May-2026,02-Jan-2013,0%,LTCG 12.5% after 2 years for equity,2,ICICI Prudential Multi Cap Fund - Direct Plan - Growth - ICI,"Detailed review and analysis of ICICI Prudential Multi Cap Fund - Direct Plan - Growth (Multi Cap). Compare returns, expenses, holdings and risks. Start investi",ICICI Prudential Multi Cap Fund - Direct Plan - Growth | ICICI Prudential Multi Cap Fund - Direct Plan - Growth review | Multi Cap mutual fund | Multi Cap fund in India | ICICI Prudential Multi Cap | best Multi Cap funds | ICICI Prudential Multi Cap Fund - Direct Plan - Growth NAV | ICICI Prudential Multi Cap Fund - Direct Plan - Growth returns | ICICI Prudential Multi Cap Fund - Direct Plan - Growth expense ratio | invest in ICICI Prudential Multi Cap Fund - Direct Plan - Growth | ICICI Prudential Multi Cap Fund - Direct Plan - Growth SIP | Multi Cap investment 2025 | ICICI Prudential Multi Cap Fund - Direct Plan - Growth vs Multi Cap | top Multi Cap funds India | ICICI Prudential Multi Cap Fund - Direct Plan - Growth performance | ICICI Prudential Multi Cap Fund - Direct Plan - Growth fund manager | Multi Cap fund comparison | buy ICICI Prudential Multi Cap Fund - Direct Plan - Growth online | ICICI Prudential Multi Cap Fund - Direct Plan - Growth minimum investment | Multi Cap fund returns India
ICICI Prudential Technology Fund - Direct Plan - Growth,ICICI Prudential,Technology,INF109K01Z48,102974,189.63,13067.59,1.02,500,1000,-13.46,8.56,8.78,18.54,Nifty IT TRI,Very High,20.04,0.10,52,Sharmila D'Silva; Vaibhav Dusad,6.1 years,Aims to provide capital appreciation by investing in Technology securities,Equity: 87.48% | Futures: 5.25% | Forgn. Eq: 5.21%,Nil,Infosys Ltd. (14.1%) | Bharti Airtel Ltd. (12.57%) | Tech Mahindra Ltd. (7.65%) | Wipro Ltd. (4.98%) | Mphasis Ltd. (4.04%) | Coforge Ltd. (3.12%) | Cognizant Technology Solutions Corp. (2.98%) | HCL Technologies Ltd. (2.7%) | LTM Limited (2.45%) | Tata Consultancy Services Ltd. (2.11%),25-May-2026,02-Jan-2013,0%,LTCG 12.5% after 2 years for equity,2,ICICI Prudential Technology Fund - Direct Plan - Growth - IC,"Detailed review and analysis of ICICI Prudential Technology Fund - Direct Plan - Growth (Technology). Compare returns, expenses, holdings and risks. Start inves",ICICI Prudential Technology Fund - Direct Plan - Growth | ICICI Prudential Technology Fund - Direct Plan - Growth review | Technology mutual fund | Technology fund in India | ICICI Prudential Technology | best Technology funds | ICICI Prudential Technology Fund - Direct Plan - Growth NAV | ICICI Prudential Technology Fund - Direct Plan - Growth returns | ICICI Prudential Technology Fund - Direct Plan - Growth expense ratio | invest in ICICI Prudential Technology Fund - Direct Plan - Growth | ICICI Prudential Technology Fund - Direct Plan - Growth SIP | Technology investment 2025 | ICICI Prudential Technology Fund - Direct Plan - Growth vs Technology | top Technology funds India | ICICI Prudential Technology Fund - Direct Plan - Growth performance | ICICI Prudential Technology Fund - Direct Plan - Growth fund manager | Technology fund comparison | buy ICICI Prudential Technology Fund - Direct Plan - Growth online | ICICI Prudential Technology Fund - Direct Plan - Growth minimum investment | Technology fund returns India
ICICI Prudential Banking and PSU Fund - Direct Plan - Growth,ICICI Prudential,Debt,Banking and PSU Fund,120540,35.4973,9254.18,0.38,500,1000,3.96,7.06,6.47,7.98,CRISIL Composite Bond Fund Index,Moderate,3.10,0.18,165,Manish Banthia; Ritesh Lunawat,7.2 years,Aims to provide capital appreciation by investing in Debt securities,SDL: 40.00% | PSU Bonds: 40.00% | T-Bills: 20.00%,Nil,National Bank For Agriculture And Rural Development (5.8%) | Power Finance Corporation Ltd. (5.2%) | Rural Electrification Corporation Ltd. (4.9%) | 7.26% GOI 2032 (4.5%) | State Bank of India (4.1%) | National Highways Authority of India (3.8%) | Housing Development Finance Corporation Ltd. (3.5%) | Indian Railway Finance Corporation Ltd. (3.2%) | HDFC Bank Ltd. (2.9%) | Bajaj Finance Ltd. (2.5%),25-May-2026,14-Mar-2013,0%,LTCG 12.5% after 2 years for equity,2,ICICI Prudential Banking and PSU Fund - Direct Plan - Growth,"Detailed review and analysis of ICICI Prudential Banking and PSU Fund - Direct Plan - Growth (Debt). Compare returns, expenses, holdings and risks. Start invest",ICICI Prudential Banking and PSU Fund - Direct Plan - Growth | ICICI Prudential Banking and PSU Fund - Direct Plan - Growth review | Debt mutual fund | Debt fund in India | ICICI Prudential Debt | best Debt funds | ICICI Prudential Banking and PSU Fund - Direct Plan - Growth NAV | ICICI Prudential Banking and PSU Fund - Direct Plan - Growth returns | ICICI Prudential Banking and PSU Fund - Direct Plan - Growth expense ratio | invest in ICICI Prudential Banking and PSU Fund - Direct Plan - Growth | ICICI Prudential Banking and PSU Fund - Direct Plan - Growth SIP | Debt investment 2025 | ICICI Prudential Banking and PSU Fund - Direct Plan - Growth vs Debt | top Debt funds India | ICICI Prudential Banking and PSU Fund - Direct Plan - Growth performance | ICICI Prudential Banking and PSU Fund - Direct Plan - Growth fund manager | Debt fund comparison | buy ICICI Prudential Banking and PSU Fund - Direct Plan - Growth online | ICICI Prudential Banking and PSU Fund - Direct Plan - Growth minimum investment | Debt fund returns India
ICICI Prudential Liquid Fund - Direct Plan - Growth,ICICI Prudential,Liquid,Liquid Fund,120541,411.8751,47382.91,0.12,500,1000,6.15,6.93,6.11,6.84,NIFTY Liquid Index,Low,0.12,3.58,241,Nikhil Kabra; Ritesh Lunawat,4.8 years,Aims to provide capital appreciation by investing in Liquid securities,T-Bills: 65.00% | CD: 20.00% | CP: 10.00% | Cash: 5.00%,Nil,State Bank of India CD (8.5%) | HDFC Bank CD (7.2%) | Reliance Industries T-Bills (6.8%) | ICICI Bank CP (5.9%) | 182-Day T-Bill (5.5%) | National Bank For Agriculture And Rural Development (5.2%) | 91-Day T-Bill (4.8%) | Kotak Mahindra Bank CD (4.5%) | Axis Bank CP (4.1%) | Power Finance Corporation (3.8%),25-May-2026,01-Jan-2013,0%,LTCG 12.5% after 2 years for equity,2,ICICI Prudential Liquid Fund - Direct Plan - Growth - ICICI,"Detailed review and analysis of ICICI Prudential Liquid Fund - Direct Plan - Growth (Liquid). Compare returns, expenses, holdings and risks. Start investing tod",ICICI Prudential Liquid Fund - Direct Plan - Growth | ICICI Prudential Liquid Fund - Direct Plan - Growth review | Liquid mutual fund | Liquid fund in India | ICICI Prudential Liquid | best Liquid funds | ICICI Prudential Liquid Fund - Direct Plan - Growth NAV | ICICI Prudential Liquid Fund - Direct Plan - Growth returns | ICICI Prudential Liquid Fund - Direct Plan - Growth expense ratio | invest in ICICI Prudential Liquid Fund - Direct Plan - Growth | ICICI Prudential Liquid Fund - Direct Plan - Growth SIP | Liquid investment 2025 | ICICI Prudential Liquid Fund - Direct Plan - Growth vs Liquid | top Liquid funds India | ICICI Prudential Liquid Fund - Direct Plan - Growth performance | ICICI Prudential Liquid Fund - Direct Plan - Growth fund manager | Liquid fund comparison | buy ICICI Prudential Liquid Fund - Direct Plan - Growth online | ICICI Prudential Liquid Fund - Direct Plan - Growth minimum investment | Liquid fund returns India
ICICI Prudential Balanced Advantage Fund - Direct Plan - Growth,ICICI Prudential,Hybrid,INF109K012B0,120542,84.6,70551.44,1,500,1000,4.35,12.2,11.25,12.54,Nifty 50 Hybrid Composite Debt 65:35 Index,Moderately High,9.34,0.61,451,Akhil Kakkar; Ihab Dalwai; Manish Banthia; Rajat Chandak; Sharmila D'Silva; Sri Sharma,13.4 years,Aims to provide capital appreciation by investing in Hybrid securities,Equity: 68.12% | CD: 4.05% | REITs: 3.85% | SDL: 3.68% | GOI Sec: 3.07% | Debenture: 2.37% | T-Bills: 2.0% | NCD: 1.59% | Sec. Debt: 0.91% | Debt: 0.49% | InvITs: 0.32% | CP: 0.28% | ZCB: 0.23% | GOI FRB: 0.1% | Pref. Shares: 0.1% | ID: -0.59% | Futures: -3.84%,Nil,TVS Motor Company Ltd. (5.25%) | ICICI Bank Ltd. (3.97%) | HDFC Bank Ltd. (3.65%) | Reliance Industries Ltd. (3.27%) | Infosys Ltd. (2.95%) | Embassy Office Parks REIT (2.9%) | Larsen & Toubro Ltd. (2.25%) | Maruti Suzuki India Ltd. (1.97%) | State Bank of India (1.88%) | Axis Bank Ltd. (1.74%),25-May-2026,02-Jan-2013,0%,LTCG 12.5% after 2 years for equity,2,ICICI Prudential Balanced Advantage Fund - Direct Plan - Gro,"Detailed review and analysis of ICICI Prudential Balanced Advantage Fund - Direct Plan - Growth (Hybrid). Compare returns, expenses, holdings and risks. Start i",ICICI Prudential Balanced Advantage Fund - Direct Plan - Growth | ICICI Prudential Balanced Advantage Fund - Direct Plan - Growth review | Hybrid mutual fund | Hybrid fund in India | ICICI Prudential Hybrid | best Hybrid funds | ICICI Prudential Balanced Advantage Fund - Direct Plan - Growth NAV | ICICI Prudential Balanced Advantage Fund - Direct Plan - Growth returns | ICICI Prudential Balanced Advantage Fund - Direct Plan - Growth expense ratio | invest in ICICI Prudential Balanced Advantage Fund - Direct Plan - Growth | ICICI Prudential Balanced Advantage Fund - Direct Plan - Growth SIP | Hybrid investment 2025 | ICICI Prudential Balanced Advantage Fund - Direct Plan - Growth vs Hybrid | top Hybrid funds India | ICICI Prudential Balanced Advantage Fund - Direct Plan - Growth performance | ICICI Prudential Balanced Advantage Fund - Direct Plan - Growth fund manager | Hybrid fund comparison | buy ICICI Prudential Balanced Advantage Fund - Direct Plan - Growth online | ICICI Prudential Balanced Advantage Fund - Direct Plan - Growth minimum investment | Hybrid fund returns India
ICICI Prudential ELSS Tax Saver Fund - Direct Plan - Growth,ICICI Prudential,ELSS,ELSS (Tax Saving),120543,1002.61,13911.41,1.87,500,1000,-1.56,13.9,12.91,14.71,Nifty 500 TRI,Very High,14.32,0.52,28,Mittul Kalawadia; Priyanka Khandelwal; Sharmila D'Silva,3.9 years,Aims to provide capital appreciation by investing in ELSS securities,Equity: 96.8% | Pref. Shares: 0.05% | T-Bills: 0.02%,Nil,ICICI Bank Ltd. (7.32%) | HDFC Bank Ltd. (6.94%) | Axis Bank Ltd. (6.0%) | Sun Pharmaceutical Industries Ltd. (5.87%) | Reliance Industries Ltd. (5.68%) | Avenue Supermarts Ltd. (5.55%) | Larsen & Toubro Ltd. (4.73%) | NTPC Ltd. (3.97%) | TVS Motor Company Ltd. (3.94%) | Maruti Suzuki India Ltd. (3.56%),25-May-2026,02-Jan-2013,0%,LTCG 12.5% after 2 years for equity,2,ICICI Prudential ELSS Tax Saver Fund - Direct Plan - Growth,"Detailed review and analysis of ICICI Prudential ELSS Tax Saver Fund - Direct Plan - Growth (ELSS). Compare returns, expenses, holdings and risks. Start investi",ICICI Prudential ELSS Tax Saver Fund - Direct Plan - Growth | ICICI Prudential ELSS Tax Saver Fund - Direct Plan - Growth review | ELSS mutual fund | ELSS fund in India | ICICI Prudential ELSS | best ELSS funds | ICICI Prudential ELSS Tax Saver Fund - Direct Plan - Growth NAV | ICICI Prudential ELSS Tax Saver Fund - Direct Plan - Growth returns | ICICI Prudential ELSS Tax Saver Fund - Direct Plan - Growth expense ratio | invest in ICICI Prudential ELSS Tax Saver Fund - Direct Plan - Growth | ICICI Prudential ELSS Tax Saver Fund - Direct Plan - Growth SIP | ELSS investment 2025 | ICICI Prudential ELSS Tax Saver Fund - Direct Plan - Growth vs ELSS | top ELSS funds India | ICICI Prudential ELSS Tax Saver Fund - Direct Plan - Growth performance | ICICI Prudential ELSS Tax Saver Fund - Direct Plan - Growth fund manager | ELSS fund comparison | buy ICICI Prudential ELSS Tax Saver Fund - Direct Plan - Growth online | ICICI Prudential ELSS Tax Saver Fund - Direct Plan - Growth minimum investment | ELSS fund returns India
HDFC Top 100 Fund - Direct Plan - Growth,HDFC Mutual Fund,Large Cap,Large Cap Fund,125497,14.6623,23340,0.31,500,1000,-2.86,11.02,10.33,9.47,Nifty 50,Very High,13.05,0.35,33,Rahul Baijal; Roshi Jain,4.1 years,Aims to provide capital appreciation by investing in Large Cap securities,Equity: 96.00% | T-Bills: 4.00%,Nil,HDFC Bank Ltd. (8.5%) | ICICI Bank Ltd. (7.8%) | Reliance Industries Ltd. (6.9%) | Infosys Ltd. (5.2%) | Larsen & Toubro Ltd. (4.8%) | Axis Bank Ltd. (3.9%) | Tata Consultancy Services Ltd. (3.7%) | Bharti Airtel Ltd. (3.4%) | State Bank of India (3.1%) | ITC Ltd. (2.8%),25-May-2026,23-Feb-2022,0%,LTCG 12.5% after 2 years for equity,3,HDFC Top 100 Fund - Direct Plan - Growth - HDFC Mutual Fund,"Detailed review and analysis of HDFC Top 100 Fund - Direct Plan - Growth (Large Cap). Compare returns, expenses, holdings and risks. Start investing today.",HDFC Top 100 Fund - Direct Plan - Growth | HDFC Top 100 Fund - Direct Plan - Growth review | Large Cap mutual fund | Large Cap fund in India | HDFC Mutual Fund Large Cap | best Large Cap funds | HDFC Top 100 Fund - Direct Plan - Growth NAV | HDFC Top 100 Fund - Direct Plan - Growth returns | HDFC Top 100 Fund - Direct Plan - Growth expense ratio | invest in HDFC Top 100 Fund - Direct Plan - Growth | HDFC Top 100 Fund - Direct Plan - Growth SIP | Large Cap investment 2025 | HDFC Top 100 Fund - Direct Plan - Growth vs Large Cap | top Large Cap funds India | HDFC Top 100 Fund - Direct Plan - Growth performance | HDFC Top 100 Fund - Direct Plan - Growth fund manager | Large Cap fund comparison | buy HDFC Top 100 Fund - Direct Plan - Growth online | HDFC Top 100 Fund - Direct Plan - Growth minimum investment | Large Cap fund returns India
HDFC Top 100 Fund - Regular Plan - Growth,HDFC Mutual Fund,Large Cap,Large Cap Fund,125498,11.205,23340,1.52,500,1000,-2.86,11.02,10.33,4.79,Nifty 50,Very High,13.06,0.35,33,Rahul Baijal; Roshi Jain,4.1 years,Aims to provide capital appreciation by investing in Large Cap securities,Equity: 96.00% | T-Bills: 4.00%,Nil,HDFC Bank Ltd. (8.5%) | ICICI Bank Ltd. (7.8%) | Reliance Industries Ltd. (6.9%) | Infosys Ltd. (5.2%) | Larsen & Toubro Ltd. (4.8%) | Axis Bank Ltd. (3.9%) | Tata Consultancy Services Ltd. (3.7%) | Bharti Airtel Ltd. (3.4%) | State Bank of India (3.1%) | ITC Ltd. (2.8%),25-May-2026,25-Jun-2014,0%,LTCG 12.5% after 2 years for equity,3,HDFC Top 100 Fund - Regular Plan - Growth - HDFC Mutual Fund,"Detailed review and analysis of HDFC Top 100 Fund - Regular Plan - Growth (Large Cap). Compare returns, expenses, holdings and risks. Start investing today.",HDFC Top 100 Fund - Regular Plan - Growth | HDFC Top 100 Fund - Regular Plan - Growth review | Large Cap mutual fund | Large Cap fund in India | HDFC Mutual Fund Large Cap | best Large Cap funds | HDFC Top 100 Fund - Regular Plan - Growth NAV | HDFC Top 100 Fund - Regular Plan - Growth returns | HDFC Top 100 Fund - Regular Plan - Growth expense ratio | invest in HDFC Top 100 Fund - Regular Plan - Growth | HDFC Top 100 Fund - Regular Plan - Growth SIP | Large Cap investment 2025 | HDFC Top 100 Fund - Regular Plan - Growth vs Large Cap | top Large Cap funds India | HDFC Top 100 Fund - Regular Plan - Growth performance | HDFC Top 100 Fund - Regular Plan - Growth fund manager | Large Cap fund comparison | buy HDFC Top 100 Fund - Regular Plan - Growth online | HDFC Top 100 Fund - Regular Plan - Growth minimum investment | Large Cap fund returns India
HDFC Mid Cap Fund - Direct Plan - Growth,HDFC Mutual Fund,Mid Cap,INF179K01XQ0,125499,220.359,94744.72,0.73,500,1000,5.95,22.29,20.24,17.1,Nifty Midcap 150 TRI,Very High,17.17,0.92,13,Chirag Setalvad; Dhruv Muchhal,13.4 years,Aims to provide capital appreciation by investing in Mid Cap securities,Equity: 93.46%,Nil,Max Financial Services Ltd. (4.37%) | AU Small Finance Bank Ltd. (4.24%) | The Federal Bank Ltd. (3.87%) | Glenmark Pharmaceuticals Ltd. (3.41%) | Indian Bank (3.31%) | Balkrishna Industries Ltd. (3.25%) | Fortis Healthcare Ltd. (3.16%) | Vishal Mega Mart Ltd. (2.92%) | Ipca Laboratories Ltd. (2.92%) | Cummins India Ltd. (2.5%),25-May-2026,05-Jul-2007,0%,LTCG 12.5% after 2 years for equity,3,HDFC Mid Cap Fund - Direct Plan - Growth - HDFC Mutual Fund,"Detailed review and analysis of HDFC Mid Cap Fund - Direct Plan - Growth (Mid Cap). Compare returns, expenses, holdings and risks. Start investing today.",HDFC Mid Cap Fund - Direct Plan - Growth | HDFC Mid Cap Fund - Direct Plan - Growth review | Mid Cap mutual fund | Mid Cap fund in India | HDFC Mutual Fund Mid Cap | best Mid Cap funds | HDFC Mid Cap Fund - Direct Plan - Growth NAV | HDFC Mid Cap Fund - Direct Plan - Growth returns | HDFC Mid Cap Fund - Direct Plan - Growth expense ratio | invest in HDFC Mid Cap Fund - Direct Plan - Growth | HDFC Mid Cap Fund - Direct Plan - Growth SIP | Mid Cap investment 2025 | HDFC Mid Cap Fund - Direct Plan - Growth vs Mid Cap | top Mid Cap funds India | HDFC Mid Cap Fund - Direct Plan - Growth performance | HDFC Mid Cap Fund - Direct Plan - Growth fund manager | Mid Cap fund comparison | buy HDFC Mid Cap Fund - Direct Plan - Growth online | HDFC Mid Cap Fund - Direct Plan - Growth minimum investment | Mid Cap fund returns India
HDFC Small Cap Fund - Direct Plan - Growth,HDFC Mutual Fund,Small Cap,INF179KA1RW5,125500,152.639,38168.18,0.73,500,1000,0.2,15.78,18.08,18.02,Nifty Smallcap 250 TRI,Very High,16.90,0.55,6,Chirag Setalvad; Dhruv Muchhal,11.9 years,Aims to provide capital appreciation by investing in Small Cap securities,Equity: 90.45%,Nil,Aster DM Healthcare Ltd. (4.42%) | Bank Of Baroda (3.23%) | Firstsource Solutions Ltd. (3.17%) | Gabriel India Ltd. (2.63%) | eClerx Services Ltd. (2.35%) | Eris Lifesciences Ltd. (2.34%) | Fortis Healthcare Ltd. (2.28%) | Indian Bank (2.16%) | The Great Eastern Shipping Company Ltd. (2.16%) | Krishna Institute of Medical Sciences Ltd (1.94%),25-May-2026,30-Jun-2014,0%,LTCG 12.5% after 2 years for equity,3,HDFC Small Cap Fund - Direct Plan - Growth - HDFC Mutual Fun,"Detailed review and analysis of HDFC Small Cap Fund - Direct Plan - Growth (Small Cap). Compare returns, expenses, holdings and risks. Start investing today.",HDFC Small Cap Fund - Direct Plan - Growth | HDFC Small Cap Fund - Direct Plan - Growth review | Small Cap mutual fund | Small Cap fund in India | HDFC Mutual Fund Small Cap | best Small Cap funds | HDFC Small Cap Fund - Direct Plan - Growth NAV | HDFC Small Cap Fund - Direct Plan - Growth returns | HDFC Small Cap Fund - Direct Plan - Growth expense ratio | invest in HDFC Small Cap Fund - Direct Plan - Growth | HDFC Small Cap Fund - Direct Plan - Growth SIP | Small Cap investment 2025 | HDFC Small Cap Fund - Direct Plan - Growth vs Small Cap | top Small Cap funds India | HDFC Small Cap Fund - Direct Plan - Growth performance | HDFC Small Cap Fund - Direct Plan - Growth fund manager | Small Cap fund comparison | buy HDFC Small Cap Fund - Direct Plan - Growth online | HDFC Small Cap Fund - Direct Plan - Growth minimum investment | Small Cap fund returns India
HDFC Flexi Cap Fund - Direct Plan - Growth,HDFC Mutual Fund,Multi Cap,Multi Cap Fund,125501,1945.714,100479,0.67,500,1000,-0.81,17.84,17.6,14.35,Nifty 500 Multicap 50:25:25 TRI,Very High,12.97,0.87,26,Roshi Jain; Gopal Agrawal,3.8 years,Aims to provide capital appreciation by investing in Multi Cap securities,Equity: 97.00% | T-Bills: 3.00%,Nil,HDFC Bank Ltd. (6.5%) | ICICI Bank Ltd. (5.8%) | Reliance Industries Ltd. (4.9%) | Infosys Ltd. (4.2%) | Axis Bank Ltd. (3.6%) | Larsen & Toubro Ltd. (3.2%) | Tata Consultancy Services Ltd. (2.9%) | Bharti Airtel Ltd. (2.7%) | State Bank of India (2.4%) | Sun Pharmaceutical Industries Ltd. (2.2%),25-May-2026,03-Apr-2006,0%,LTCG 12.5% after 2 years for equity,3,HDFC Flexi Cap Fund - Direct Plan - Growth - HDFC Mutual Fun,"Detailed review and analysis of HDFC Flexi Cap Fund - Direct Plan - Growth (Multi Cap). Compare returns, expenses, holdings and risks. Start investing today.",HDFC Flexi Cap Fund - Direct Plan - Growth | HDFC Flexi Cap Fund - Direct Plan - Growth review | Multi Cap mutual fund | Multi Cap fund in India | HDFC Mutual Fund Multi Cap | best Multi Cap funds | HDFC Flexi Cap Fund - Direct Plan - Growth NAV | HDFC Flexi Cap Fund - Direct Plan - Growth returns | HDFC Flexi Cap Fund - Direct Plan - Growth expense ratio | invest in HDFC Flexi Cap Fund - Direct Plan - Growth | HDFC Flexi Cap Fund - Direct Plan - Growth SIP | Multi Cap investment 2025 | HDFC Flexi Cap Fund - Direct Plan - Growth vs Multi Cap | top Multi Cap funds India | HDFC Flexi Cap Fund - Direct Plan - Growth performance | HDFC Flexi Cap Fund - Direct Plan - Growth fund manager | Multi Cap fund comparison | buy HDFC Flexi Cap Fund - Direct Plan - Growth online | HDFC Flexi Cap Fund - Direct Plan - Growth minimum investment | Multi Cap fund returns India
HDFC ELSS Tax Saver Fund - Direct Plan - Growth,HDFC Mutual Fund,ELSS,ELSS (Tax Saving),125502,1325.001,15559.49,1.24,500,1000,-5.24,16.22,16.62,12.04,Nifty 500 TRI,Very High,13.30,0.73,32,Amar Kalkundrikar; Dhruv Muchhal,2.9 years,Aims to provide capital appreciation by investing in ELSS securities,Equity: 96.57% | GOI Sec: 0.33%,Nil,ICICI Bank Ltd. (8.93%) | HDFC Bank Ltd. (8.23%) | Axis Bank Ltd. (7.22%) | State Bank of India (4.81%) | Maruti Suzuki India Ltd. (4.71%) | Bharti Airtel Ltd. (4.59%) | Kotak Mahindra Bank Ltd. (4.31%) | SBI Life Insurance Company Ltd. (3.51%) | Reliance Industries Ltd. (3.06%) | HCL Technologies Ltd. (2.76%),25-May-2026,03-Apr-2006,0%,LTCG 12.5% after 2 years for equity,3,HDFC ELSS Tax Saver Fund - Direct Plan - Growth - HDFC Mutua,"Detailed review and analysis of HDFC ELSS Tax Saver Fund - Direct Plan - Growth (ELSS). Compare returns, expenses, holdings and risks. Start investing today.",HDFC ELSS Tax Saver Fund - Direct Plan - Growth | HDFC ELSS Tax Saver Fund - Direct Plan - Growth review | ELSS mutual fund | ELSS fund in India | HDFC Mutual Fund ELSS | best ELSS funds | HDFC ELSS Tax Saver Fund - Direct Plan - Growth NAV | HDFC ELSS Tax Saver Fund - Direct Plan - Growth returns | HDFC ELSS Tax Saver Fund - Direct Plan - Growth expense ratio | invest in HDFC ELSS Tax Saver Fund - Direct Plan - Growth | HDFC ELSS Tax Saver Fund - Direct Plan - Growth SIP | ELSS investment 2025 | HDFC ELSS Tax Saver Fund - Direct Plan - Growth vs ELSS | top ELSS funds India | HDFC ELSS Tax Saver Fund - Direct Plan - Growth performance | HDFC ELSS Tax Saver Fund - Direct Plan - Growth fund manager | ELSS fund comparison | buy HDFC ELSS Tax Saver Fund - Direct Plan - Growth online | HDFC ELSS Tax Saver Fund - Direct Plan - Growth minimum investment | ELSS fund returns India
HDFC Liquid Fund - Direct Plan - Growth,HDFC Mutual Fund,Liquid,INF179KB1HP9,125503,5466.1233,72872.56,0.2,500,1000,6.08,6.83,6.01,34.46,NIFTY Liquid Index,Low,0.11,3.00,203,Dhruv Muchhal; Rohan Pillai; Swapnil Jangam,3.6 years,Aims to provide capital appreciation by investing in Liquid securities,CP: 47.67% | CD: 31.92% | T-Bills: 19.85% | Debenture: 2.05% | Bonds/NCD: 0.13% | Debt: 0.06% | SDL: 0.04%,Nil,Reserve Bank of India (5.23%) | Reserve Bank of India (4.44%) | Reserve Bank of India (3.79%) | Reserve Bank of India (2.74%) | Bank Of Baroda (2.72%) | Bank of India (2.72%) | Union Bank of India (2.07%) | Punjab & Sind Bank (2.04%) | National Bank For Agriculture & Rural Development (2.04%) | Axis Bank Ltd. GDR/GDS (2.04%),25-May-2026,02-Apr-2006,0%,LTCG 12.5% after 2 years for equity,3,HDFC Liquid Fund - Direct Plan - Growth - HDFC Mutual Fund R,"Detailed review and analysis of HDFC Liquid Fund - Direct Plan - Growth (Liquid). Compare returns, expenses, holdings and risks. Start investing today.",HDFC Liquid Fund - Direct Plan - Growth | HDFC Liquid Fund - Direct Plan - Growth review | Liquid mutual fund | Liquid fund in India | HDFC Mutual Fund Liquid | best Liquid funds | HDFC Liquid Fund - Direct Plan - Growth NAV | HDFC Liquid Fund - Direct Plan - Growth returns | HDFC Liquid Fund - Direct Plan - Growth expense ratio | invest in HDFC Liquid Fund - Direct Plan - Growth | HDFC Liquid Fund - Direct Plan - Growth SIP | Liquid investment 2025 | HDFC Liquid Fund - Direct Plan - Growth vs Liquid | top Liquid funds India | HDFC Liquid Fund - Direct Plan - Growth performance | HDFC Liquid Fund - Direct Plan - Growth fund manager | Liquid fund comparison | buy HDFC Liquid Fund - Direct Plan - Growth online | HDFC Liquid Fund - Direct Plan - Growth minimum investment | Liquid fund returns India
HDFC Balanced Advantage Fund - Direct Plan - Growth,HDFC Mutual Fund,Hybrid,INF179K01WA6,125504,551.957,105377.65,0.75,500,1000,-1.45,14.5,15.05,13.14,Nifty 50 Hybrid Composite Debt 65:35 Index,Moderately High,8.58,0.93,27,Anil Bamboli; Arun Agarwal; Dhruv Muchhal; Gopal Agrawal; Nandita Menezes; Srinivasan Ramamurthy,3.8 years,Aims to provide capital appreciation by investing in Hybrid securities,Equity: 69.75% | GOI Sec: 7.48% | Debenture: 6.09% | NCD: 3.03% | Debt: 2.73% | SDL: 1.63% | REITs: 1.27% | Bonds/NCD: 0.99% | CD: 0.87% | Bonds/Deb: 0.7% | Sec. Debt: 0.42% | InvITs: 0.28% | FRB: 0.09% | Add. Tier 1 Bond: 0.05% | FD: 0.03% | ZCB: 0.03%,Nil,ICICI Bank Ltd. (4.47%) | HDFC Bank Ltd. (4.14%) | Reliance Industries Ltd. (4.09%) | State Bank of India (3.55%) | Bharti Airtel Ltd. (3.1%) | Larsen & Toubro Ltd. (2.51%) | NTPC Ltd. (2.41%) | Axis Bank Ltd. (2.4%) | GOI (2.1%) | Coal India Ltd. (2.02%),25-May-2026,03-Apr-2006,0%,LTCG 12.5% after 2 years for equity,3,HDFC Balanced Advantage Fund - Direct Plan - Growth - HDFC M,"Detailed review and analysis of HDFC Balanced Advantage Fund - Direct Plan - Growth (Hybrid). Compare returns, expenses, holdings and risks. Start investing tod",HDFC Balanced Advantage Fund - Direct Plan - Growth | HDFC Balanced Advantage Fund - Direct Plan - Growth review | Hybrid mutual fund | Hybrid fund in India | HDFC Mutual Fund Hybrid | best Hybrid funds | HDFC Balanced Advantage Fund - Direct Plan - Growth NAV | HDFC Balanced Advantage Fund - Direct Plan - Growth returns | HDFC Balanced Advantage Fund - Direct Plan - Growth expense ratio | invest in HDFC Balanced Advantage Fund - Direct Plan - Growth | HDFC Balanced Advantage Fund - Direct Plan - Growth SIP | Hybrid investment 2025 | HDFC Balanced Advantage Fund - Direct Plan - Growth vs Hybrid | top Hybrid funds India | HDFC Balanced Advantage Fund - Direct Plan - Growth performance | HDFC Balanced Advantage Fund - Direct Plan - Growth fund manager | Hybrid fund comparison | buy HDFC Balanced Advantage Fund - Direct Plan - Growth online | HDFC Balanced Advantage Fund - Direct Plan - Growth minimum investment | Hybrid fund returns India
HDFC Banking and PSU Fund - Direct Plan - Growth,HDFC Mutual Fund,Debt,Banking and PSU Fund,125505,24.79,8832.00,0.38,500,1000,3.14,6.8,6.02,7.75,CRISIL Composite Bond Fund Index,Moderate,2.75,0.11,113,Roshi Jain,3.5 years,Aims to provide capital appreciation by investing in Debt securities,SDL: 40.00% | PSU Bonds: 40.00% | T-Bills: 20.00%,Nil,National Bank For Agriculture And Rural Development (5.8%) | Power Finance Corporation Ltd. (5.2%) | Rural Electrification Corporation Ltd. (4.9%) | 7.26% GOI 2032 (4.5%) | State Bank of India (4.1%) | National Highways Authority of India (3.8%) | Housing Development Finance Corporation Ltd. (3.5%) | Indian Railway Finance Corporation Ltd. (3.2%) | HDFC Bank Ltd. (2.9%) | Bajaj Finance Ltd. (2.5%),25-May-2026,26-Mar-2014,0%,LTCG 12.5% after 2 years for equity,3,HDFC Banking and PSU Fund - Direct Plan - Growth - HDFC Mutu,"Detailed review and analysis of HDFC Banking and PSU Fund - Direct Plan - Growth (Debt). Compare returns, expenses, holdings and risks. Start investing today.",HDFC Banking and PSU Fund - Direct Plan - Growth | HDFC Banking and PSU Fund - Direct Plan - Growth review | Debt mutual fund | Debt fund in India | HDFC Mutual Fund Debt | best Debt funds | HDFC Banking and PSU Fund - Direct Plan - Growth NAV | HDFC Banking and PSU Fund - Direct Plan - Growth returns | HDFC Banking and PSU Fund - Direct Plan - Growth expense ratio | invest in HDFC Banking and PSU Fund - Direct Plan - Growth | HDFC Banking and PSU Fund - Direct Plan - Growth SIP | Debt investment 2025 | HDFC Banking and PSU Fund - Direct Plan - Growth vs Debt | top Debt funds India | HDFC Banking and PSU Fund - Direct Plan - Growth performance | HDFC Banking and PSU Fund - Direct Plan - Growth fund manager | Debt fund comparison | buy HDFC Banking and PSU Fund - Direct Plan - Growth online | HDFC Banking and PSU Fund - Direct Plan - Growth minimum investment | Debt fund returns India
HDFC Infra Fund - Direct Plan - Growth,HDFC Mutual Fund,Thematic,Thematic - Infrastructure,125506,33.766,21926,0.5,500,1000,6.36,7.4,6.49,6.63,Nifty Infrastructure TRI,Moderate,14.88,0.06,35,Roshi Jain,3.5 years,Aims to provide capital appreciation by investing in Thematic securities,Equity: 95.00% | T-Bills: 5.00%,Nil,HDFC Bank Ltd. (5.8%) | ICICI Bank Ltd. (5.2%) | Larsen & Toubro Ltd. (4.9%) | Reliance Industries Ltd. (4.5%) | Infosys Ltd. (4.1%) | Bharti Airtel Ltd. (3.8%) | Axis Bank Ltd. (3.5%) | State Bank of India (3.2%) | Tata Motors Ltd. (2.9%) | Adani Ports & SEZ Ltd. (2.6%),25-May-2026,01-Jan-2013,0%,LTCG 12.5% after 2 years for equity,3,HDFC Infra Fund - Direct Plan - Growth - HDFC Mutual Fund Re,"Detailed review and analysis of HDFC Infra Fund - Direct Plan - Growth (Thematic). Compare returns, expenses, holdings and risks. Start investing today.",HDFC Infra Fund - Direct Plan - Growth | HDFC Infra Fund - Direct Plan - Growth review | Thematic mutual fund | Thematic fund in India | HDFC Mutual Fund Thematic | best Thematic funds | HDFC Infra Fund - Direct Plan - Growth NAV | HDFC Infra Fund - Direct Plan - Growth returns | HDFC Infra Fund - Direct Plan - Growth expense ratio | invest in HDFC Infra Fund - Direct Plan - Growth | HDFC Infra Fund - Direct Plan - Growth SIP | Thematic investment 2025 | HDFC Infra Fund - Direct Plan - Growth vs Thematic | top Thematic funds India | HDFC Infra Fund - Direct Plan - Growth performance | HDFC Infra Fund - Direct Plan - Growth fund manager | Thematic fund comparison | buy HDFC Infra Fund - Direct Plan - Growth online | HDFC Infra Fund - Direct Plan - Growth minimum investment | Thematic fund returns India
Nippon India Large Cap Fund - Direct Plan - Growth,Nippon India,Large Cap,INF204K01XI3,118553,98.7497,51690.28,0.8,500,1000,-0.91,15.4,16.46,15.3,BSE 100 Total Return Index,Very High,12.25,0.73,70,Amber Singhania; Bhavik Dave; Kinjal Desai; Sailesh Raj Bhan,13.4 years,Aims to provide capital appreciation by investing in Large Cap securities,Equity: 96.43%,Nil,HDFC Bank Ltd. (9.24%) | ICICI Bank Ltd. (7.99%) | Reliance Industries Ltd. (4.3%) | Axis Bank Ltd. (3.83%) | Bajaj Finance Ltd. (3.63%) | Larsen & Toubro Ltd. (3.42%) | GE Vernova T&D India Ltd (2.9%) | Infosys Ltd. (2.77%) | ITC Ltd. (2.74%) | Hindustan Unilever Ltd. (2.61%),25-May-2026,02-Jan-2013,0%,LTCG 12.5% after 2 years for equity,4,Nippon India Large Cap Fund - Direct Plan - Growth - Nippon,"Detailed review and analysis of Nippon India Large Cap Fund - Direct Plan - Growth (Large Cap). Compare returns, expenses, holdings and risks. Start investing t",Nippon India Large Cap Fund - Direct Plan - Growth | Nippon India Large Cap Fund - Direct Plan - Growth review | Large Cap mutual fund | Large Cap fund in India | Nippon India Large Cap | best Large Cap funds | Nippon India Large Cap Fund - Direct Plan - Growth NAV | Nippon India Large Cap Fund - Direct Plan - Growth returns | Nippon India Large Cap Fund - Direct Plan - Growth expense ratio | invest in Nippon India Large Cap Fund - Direct Plan - Growth | Nippon India Large Cap Fund - Direct Plan - Growth SIP | Large Cap investment 2025 | Nippon India Large Cap Fund - Direct Plan - Growth vs Large Cap | top Large Cap funds India | Nippon India Large Cap Fund - Direct Plan - Growth performance | Nippon India Large Cap Fund - Direct Plan - Growth fund manager | Large Cap fund comparison | buy Nippon India Large Cap Fund - Direct Plan - Growth online | Nippon India Large Cap Fund - Direct Plan - Growth minimum investment | Large Cap fund returns India
Nippon India Large Cap Fund - Regular Plan - Growth,Nippon India,Large Cap,Large Cap Fund,118554,42.2231,51690.28,1.56,500,1000,-0.91,15.4,3.31,12.7,Nifty 50,Very High,12.27,0.73,70,Amber Singhania; Bhavik Dave; Kinjal Desai; Sailesh Raj Bhan,13.4 years,Aims to provide capital appreciation by investing in Large Cap securities,Equity: 96.43%,Nil,HDFC Bank Ltd. (9.24%) | ICICI Bank Ltd. (7.99%) | Reliance Industries Ltd. (4.3%) | Axis Bank Ltd. (3.83%) | Bajaj Finance Ltd. (3.63%) | Larsen & Toubro Ltd. (3.42%) | GE Vernova T&D India Ltd (2.9%) | Infosys Ltd. (2.77%) | ITC Ltd. (2.74%) | Hindustan Unilever Ltd. (2.61%),25-May-2026,29-Nov-2012,0%,LTCG 12.5% after 2 years for equity,4,Nippon India Large Cap Fund - Regular Plan - Growth - Nippon,"Detailed review and analysis of Nippon India Large Cap Fund - Regular Plan - Growth (Large Cap). Compare returns, expenses, holdings and risks. Start investing ",Nippon India Large Cap Fund - Regular Plan - Growth | Nippon India Large Cap Fund - Regular Plan - Growth review | Large Cap mutual fund | Large Cap fund in India | Nippon India Large Cap | best Large Cap funds | Nippon India Large Cap Fund - Regular Plan - Growth NAV | Nippon India Large Cap Fund - Regular Plan - Growth returns | Nippon India Large Cap Fund - Regular Plan - Growth expense ratio | invest in Nippon India Large Cap Fund - Regular Plan - Growth | Nippon India Large Cap Fund - Regular Plan - Growth SIP | Large Cap investment 2025 | Nippon India Large Cap Fund - Regular Plan - Growth vs Large Cap | top Large Cap funds India | Nippon India Large Cap Fund - Regular Plan - Growth performance | Nippon India Large Cap Fund - Regular Plan - Growth fund manager | Large Cap fund comparison | buy Nippon India Large Cap Fund - Regular Plan - Growth online | Nippon India Large Cap Fund - Regular Plan - Growth minimum investment | Large Cap fund returns India
Nippon India Small Cap Fund - Direct Plan - Growth,Nippon India,Small Cap,INF204K01K15,118555,194.7694,72672.99,0.64,500,1000,5.69,20.63,21.91,23.95,Nifty Smallcap 250 TRI,Very High,18.66,0.76,32,Amber Singhania; Kinjal Desai; Samir Rachh,9.4 years,Aims to provide capital appreciation by investing in Small Cap securities,Equity: 97.17% | CD: 0.21%,Nil,HDFC Bank Ltd. (1.89%) | Multi Commodity Exchange Of India Ltd. (1.76%) | Bharat Heavy Electricals Ltd. (1.67%) | TD Power Systems Ltd. (1.54%) | Apar Industries Ltd. (1.49%) | Karur Vysya Bank Ltd. (1.29%) | Zydus Wellness Ltd. (1.21%) | NLC India Ltd. (1.18%) | State Bank of India (1.18%) | Kirloskar Brothers Ltd. (1.08%),25-May-2026,03-Jan-2013,0%,LTCG 12.5% after 2 years for equity,4,Nippon India Small Cap Fund - Direct Plan - Growth - Nippon,"Detailed review and analysis of Nippon India Small Cap Fund - Direct Plan - Growth (Small Cap). Compare returns, expenses, holdings and risks. Start investing t",Nippon India Small Cap Fund - Direct Plan - Growth | Nippon India Small Cap Fund - Direct Plan - Growth review | Small Cap mutual fund | Small Cap fund in India | Nippon India Small Cap | best Small Cap funds | Nippon India Small Cap Fund - Direct Plan - Growth NAV | Nippon India Small Cap Fund - Direct Plan - Growth returns | Nippon India Small Cap Fund - Direct Plan - Growth expense ratio | invest in Nippon India Small Cap Fund - Direct Plan - Growth | Nippon India Small Cap Fund - Direct Plan - Growth SIP | Small Cap investment 2025 | Nippon India Small Cap Fund - Direct Plan - Growth vs Small Cap | top Small Cap funds India | Nippon India Small Cap Fund - Direct Plan - Growth performance | Nippon India Small Cap Fund - Direct Plan - Growth fund manager | Small Cap fund comparison | buy Nippon India Small Cap Fund - Direct Plan - Growth online | Nippon India Small Cap Fund - Direct Plan - Growth minimum investment | Small Cap fund returns India
Nippon India Growth Mid Cap Fund - Direct Plan - Growth,Nippon India,Mid Cap,INF204K01E54,118556,4845.0215,45820.33,1.26,500,1000,10.17,25.15,22.32,18.36,Nifty Midcap 150 TRI,Very High,15.97,1.17,74,Amber Singhania; Kinjal Desai; Rupesh Patel,8.0 years,Aims to provide capital appreciation by investing in Mid Cap securities,Equity: 98.55%,Nil,BSE Ltd. (4.21%) | Fortis Healthcare Ltd. (2.76%) | The Federal Bank Ltd. (2.57%) | AU Small Finance Bank Ltd. (2.44%) | Bharat Forge Ltd. (2.24%) | Power Finance Corporation Ltd. (2.17%) | Voltas Ltd. (2.16%) | ICICI Bank Ltd. (1.93%) | GE Vernova T&D India Ltd (1.88%) | NTPC Green Energy Ltd. (1.85%),25-May-2026,03-Jan-2013,0%,LTCG 12.5% after 2 years for equity,4,Nippon India Growth Mid Cap Fund - Direct Plan - Growth - Ni,"Detailed review and analysis of Nippon India Growth Mid Cap Fund - Direct Plan - Growth (Mid Cap). Compare returns, expenses, holdings and risks. Start investin",Nippon India Growth Mid Cap Fund - Direct Plan - Growth | Nippon India Growth Mid Cap Fund - Direct Plan - Growth review | Mid Cap mutual fund | Mid Cap fund in India | Nippon India Mid Cap | best Mid Cap funds | Nippon India Growth Mid Cap Fund - Direct Plan - Growth NAV | Nippon India Growth Mid Cap Fund - Direct Plan - Growth returns | Nippon India Growth Mid Cap Fund - Direct Plan - Growth expense ratio | invest in Nippon India Growth Mid Cap Fund - Direct Plan - Growth | Nippon India Growth Mid Cap Fund - Direct Plan - Growth SIP | Mid Cap investment 2025 | Nippon India Growth Mid Cap Fund - Direct Plan - Growth vs Mid Cap | top Mid Cap funds India | Nippon India Growth Mid Cap Fund - Direct Plan - Growth performance | Nippon India Growth Mid Cap Fund - Direct Plan - Growth fund manager | Mid Cap fund comparison | buy Nippon India Growth Mid Cap Fund - Direct Plan - Growth online | Nippon India Growth Mid Cap Fund - Direct Plan - Growth minimum investment | Mid Cap fund returns India
Nippon India Multi Cap Fund - Direct Plan - Growth,Nippon India,Multi Cap,INF204K01XF9,118557,327.5604,52634.04,0.84,500,1000,1.81,19.38,20.94,15.99,Nifty 500 Multicap 50:25:25 TRI,Very High,14.38,0.90,89,Amber Singhania; Kinjal Desai; Sailesh Raj Bhan,13.4 years,Aims to provide capital appreciation by investing in Multi Cap securities,Equity: 99.5%,Nil,HDFC Bank Ltd. (6.16%) | ICICI Bank Ltd. (4.1%) | Axis Bank Ltd. (3.41%) | Infosys Ltd. (2.57%) | GE Vernova T&D India Ltd (2.57%) | NTPC Ltd. (2.26%) | Linde India Ltd. (2.12%) | Reliance Industries Ltd. (2.06%) | Max Financial Services Ltd. (2.0%) | Larsen & Toubro Ltd. (1.9%),25-May-2026,02-Jan-2013,0%,LTCG 12.5% after 2 years for equity,4,Nippon India Multi Cap Fund - Direct Plan - Growth - Nippon,"Detailed review and analysis of Nippon India Multi Cap Fund - Direct Plan - Growth (Multi Cap). Compare returns, expenses, holdings and risks. Start investing t",Nippon India Multi Cap Fund - Direct Plan - Growth | Nippon India Multi Cap Fund - Direct Plan - Growth review | Multi Cap mutual fund | Multi Cap fund in India | Nippon India Multi Cap | best Multi Cap funds | Nippon India Multi Cap Fund - Direct Plan - Growth NAV | Nippon India Multi Cap Fund - Direct Plan - Growth returns | Nippon India Multi Cap Fund - Direct Plan - Growth expense ratio | invest in Nippon India Multi Cap Fund - Direct Plan - Growth | Nippon India Multi Cap Fund - Direct Plan - Growth SIP | Multi Cap investment 2025 | Nippon India Multi Cap Fund - Direct Plan - Growth vs Multi Cap | top Multi Cap funds India | Nippon India Multi Cap Fund - Direct Plan - Growth performance | Nippon India Multi Cap Fund - Direct Plan - Growth fund manager | Multi Cap fund comparison | buy Nippon India Multi Cap Fund - Direct Plan - Growth online | Nippon India Multi Cap Fund - Direct Plan - Growth minimum investment | Multi Cap fund returns India
Nippon India Focused Fund - Direct Plan - Growth,Nippon India,Multi Cap,INF204K01F95,118558,132.6063,8343.44,1.86,500,1000,0.7,13.89,13,16.36,Nifty 500 Multicap 50:25:25 TRI,Very High,14.40,0.51,66,Amber Singhania; Kinjal Desai; Rishit Parikh; Vinay Sharma,8.0 years,Aims to provide capital appreciation by investing in Multi Cap securities,Equity: 96.11%,Nil,ICICI Bank Ltd. (8.64%) | Axis Bank Ltd. (6.94%) | HDFC Bank Ltd. (5.44%) | Infosys Ltd. (4.85%) | Hindustan Aeronautics Ltd. (4.35%) | Eternal Ltd. (4.22%) | Varun Beverages Ltd. (4.01%) | Siemens Energy India Ltd. (3.74%) | Bajaj Finserv Ltd. (3.56%) | Trent Ltd. (3.55%),25-May-2026,02-Jan-2013,0%,LTCG 12.5% after 2 years for equity,4,Nippon India Focused Fund - Direct Plan - Growth - Nippon In,"Detailed review and analysis of Nippon India Focused Fund - Direct Plan - Growth (Multi Cap). Compare returns, expenses, holdings and risks. Start investing tod",Nippon India Focused Fund - Direct Plan - Growth | Nippon India Focused Fund - Direct Plan - Growth review | Multi Cap mutual fund | Multi Cap fund in India | Nippon India Multi Cap | best Multi Cap funds | Nippon India Focused Fund - Direct Plan - Growth NAV | Nippon India Focused Fund - Direct Plan - Growth returns | Nippon India Focused Fund - Direct Plan - Growth expense ratio | invest in Nippon India Focused Fund - Direct Plan - Growth | Nippon India Focused Fund - Direct Plan - Growth SIP | Multi Cap investment 2025 | Nippon India Focused Fund - Direct Plan - Growth vs Multi Cap | top Multi Cap funds India | Nippon India Focused Fund - Direct Plan - Growth performance | Nippon India Focused Fund - Direct Plan - Growth fund manager | Multi Cap fund comparison | buy Nippon India Focused Fund - Direct Plan - Growth online | Nippon India Focused Fund - Direct Plan - Growth minimum investment | Multi Cap fund returns India
Nippon India ELSS Tax Saver Fund - Direct Plan - Growth,Nippon India,ELSS,INF204K01L55,118559,142.684,14742.47,1.28,500,1000,2.64,17.25,15.27,13.94,Nifty 500 TRI,Very High,14.72,0.73,50,Amber Singhania; Kinjal Desai; Ritesh Rathod; Rupesh Patel,4.9 years,Aims to provide capital appreciation by investing in ELSS securities,Equity: 98.27%,Nil,ICICI Bank Ltd. (7.11%) | HDFC Bank Ltd. (6.39%) | Axis Bank Ltd. (4.22%) | NTPC Ltd. (3.79%) | State Bank of India (3.55%) | Reliance Industries Ltd. (3.3%) | Samvardhana Motherson International Ltd. (3.15%) | Infosys Ltd. (3.05%) | Bharti Airtel Ltd. (2.93%) | Power Finance Corporation Ltd. (2.77%),25-May-2026,02-Jan-2013,0%,LTCG 12.5% after 2 years for equity,4,Nippon India ELSS Tax Saver Fund - Direct Plan - Growth - Ni,"Detailed review and analysis of Nippon India ELSS Tax Saver Fund - Direct Plan - Growth (ELSS). Compare returns, expenses, holdings and risks. Start investing t",Nippon India ELSS Tax Saver Fund - Direct Plan - Growth | Nippon India ELSS Tax Saver Fund - Direct Plan - Growth review | ELSS mutual fund | ELSS fund in India | Nippon India ELSS | best ELSS funds | Nippon India ELSS Tax Saver Fund - Direct Plan - Growth NAV | Nippon India ELSS Tax Saver Fund - Direct Plan - Growth returns | Nippon India ELSS Tax Saver Fund - Direct Plan - Growth expense ratio | invest in Nippon India ELSS Tax Saver Fund - Direct Plan - Growth | Nippon India ELSS Tax Saver Fund - Direct Plan - Growth SIP | ELSS investment 2025 | Nippon India ELSS Tax Saver Fund - Direct Plan - Growth vs ELSS | top ELSS funds India | Nippon India ELSS Tax Saver Fund - Direct Plan - Growth performance | Nippon India ELSS Tax Saver Fund - Direct Plan - Growth fund manager | ELSS fund comparison | buy Nippon India ELSS Tax Saver Fund - Direct Plan - Growth online | Nippon India ELSS Tax Saver Fund - Direct Plan - Growth minimum investment | ELSS fund returns India
Nippon India Liquid Fund - Direct Plan - Growth,Nippon India,Liquid,INF204K01ZH0,118560,6813.8726,37902.76,0.2,500,1000,6.21,6.96,6.14,6.87,NIFTY Liquid Index,Low,0.12,3.83,260,Amber Singhania; Kinjal Desai; Vikash Agarwal,1.7 years,Aims to provide capital appreciation by investing in Liquid securities,CP: 50.93% | CD: 33.36% | T-Bills: 12.23% | Debenture: 0.79% | SDL: 0.12% | Debt: 0.08%,Nil,Reserve Bank of India (3.31%) | Reserve Bank of India (3.04%) | National Bank For Agriculture & Rural Development (1.96%) | Reliance Retail Ventures Ltd. (1.96%) | NTPC Ltd. (1.95%) | Indusind Bank Ltd. (1.91%) | Small Industries Devp. Bank of India Ltd. (1.83%) | National Bank For Agriculture & Rural Development (1.7%) | Reserve Bank of India (1.58%) | Reliance Retail Ventures Ltd. (1.58%),25-May-2026,01-Jan-2013,0%,LTCG 12.5% after 2 years for equity,4,Nippon India Liquid Fund - Direct Plan - Growth - Nippon Ind,"Detailed review and analysis of Nippon India Liquid Fund - Direct Plan - Growth (Liquid). Compare returns, expenses, holdings and risks. Start investing today.",Nippon India Liquid Fund - Direct Plan - Growth | Nippon India Liquid Fund - Direct Plan - Growth review | Liquid mutual fund | Liquid fund in India | Nippon India Liquid | best Liquid funds | Nippon India Liquid Fund - Direct Plan - Growth NAV | Nippon India Liquid Fund - Direct Plan - Growth returns | Nippon India Liquid Fund - Direct Plan - Growth expense ratio | invest in Nippon India Liquid Fund - Direct Plan - Growth | Nippon India Liquid Fund - Direct Plan - Growth SIP | Liquid investment 2025 | Nippon India Liquid Fund - Direct Plan - Growth vs Liquid | top Liquid funds India | Nippon India Liquid Fund - Direct Plan - Growth performance | Nippon India Liquid Fund - Direct Plan - Growth fund manager | Liquid fund comparison | buy Nippon India Liquid Fund - Direct Plan - Growth online | Nippon India Liquid Fund - Direct Plan - Growth minimum investment | Liquid fund returns India
Nippon India Balanced Advantage Fund - Direct Plan - Growth,Nippon India,Hybrid,INF204K01G94,118561,202.8824,9620.3,3.61,500,1000,2.38,12.21,10.81,11.81,Nifty 50 Hybrid Composite Debt 65:35 Index,Moderately High,9.72,0.59,375,Amber Singhania; Bhavik Dave; Kinjal Desai; Sushil Budhia,8.0 years,Aims to provide capital appreciation by investing in Hybrid securities,Equity: 69.99% | Debenture: 4.45% | NCD: 4.03% | InvITs: 3.37% | Debt: 3.3% | GOI Sec: 3.21% | REITs: 2.65% | SDL: 1.59% | Sec. Debt: 0.83% | CD: 0.51% | Mutual Fund: 0.31% | Bonds/NCD: 0.1% | Pref. Shares: 0.01% | Futures: -7.66%,Nil,ICICI Bank Ltd. (5.27%) | HDFC Bank Ltd. (5.19%) | Reliance Industries Ltd. (2.75%) | State Bank of India (2.68%) | Bharti Airtel Ltd. (2.65%) | Infosys Ltd. (2.46%) | Axis Bank Ltd. (2.45%) | NTPC Ltd. (2.27%) | Mahindra & Mahindra Ltd. (2.11%) | Larsen & Toubro Ltd. (2.1%),25-May-2026,03-Jan-2013,0%,LTCG 12.5% after 2 years for equity,4,Nippon India Balanced Advantage Fund - Direct Plan - Growth,"Detailed review and analysis of Nippon India Balanced Advantage Fund - Direct Plan - Growth (Hybrid). Compare returns, expenses, holdings and risks. Start inves",Nippon India Balanced Advantage Fund - Direct Plan - Growth | Nippon India Balanced Advantage Fund - Direct Plan - Growth review | Hybrid mutual fund | Hybrid fund in India | Nippon India Hybrid | best Hybrid funds | Nippon India Balanced Advantage Fund - Direct Plan - Growth NAV | Nippon India Balanced Advantage Fund - Direct Plan - Growth returns | Nippon India Balanced Advantage Fund - Direct Plan - Growth expense ratio | invest in Nippon India Balanced Advantage Fund - Direct Plan - Growth | Nippon India Balanced Advantage Fund - Direct Plan - Growth SIP | Hybrid investment 2025 | Nippon India Balanced Advantage Fund - Direct Plan - Growth vs Hybrid | top Hybrid funds India | Nippon India Balanced Advantage Fund - Direct Plan - Growth performance | Nippon India Balanced Advantage Fund - Direct Plan - Growth fund manager | Hybrid fund comparison | buy Nippon India Balanced Advantage Fund - Direct Plan - Growth online | Nippon India Balanced Advantage Fund - Direct Plan - Growth minimum investment | Hybrid fund returns India
Nippon India Banking Fund - Direct Plan - Growth,Nippon India,Sectoral,Sectoral - Banking & Financial Services,118562,243.4087,8535,0.58,500,1000,-0.2,19.67,17.25,15.69,Nifty Bank TRI,Very High,17.92,0.73,65,Sailesh Raj Bhan,3.5 years,Aims to provide capital appreciation by investing in Sectoral securities,Equity: 96.00% | T-Bills: 4.00%,Nil,HDFC Bank Ltd. (8.5%) | ICICI Bank Ltd. (7.2%) | State Bank of India (5.8%) | Axis Bank Ltd. (5.2%) | Kotak Mahindra Bank Ltd. (4.9%) | IndusInd Bank Ltd. (4.5%) | Infosys Ltd. (4.1%) | TCS Ltd. (3.8%) | Bharti Airtel Ltd. (3.5%) | Reliance Industries Ltd. (3.2%),25-May-2026,02-Jan-2013,0%,LTCG 12.5% after 2 years for equity,4,Nippon India Banking Fund - Direct Plan - Growth - Nippon In,"Detailed review and analysis of Nippon India Banking Fund - Direct Plan - Growth (Sectoral). Compare returns, expenses, holdings and risks. Start investing toda",Nippon India Banking Fund - Direct Plan - Growth | Nippon India Banking Fund - Direct Plan - Growth review | Sectoral mutual fund | Sectoral fund in India | Nippon India Sectoral | best Sectoral funds | Nippon India Banking Fund - Direct Plan - Growth NAV | Nippon India Banking Fund - Direct Plan - Growth returns | Nippon India Banking Fund - Direct Plan - Growth expense ratio | invest in Nippon India Banking Fund - Direct Plan - Growth | Nippon India Banking Fund - Direct Plan - Growth SIP | Sectoral investment 2025 | Nippon India Banking Fund - Direct Plan - Growth vs Sectoral | top Sectoral funds India | Nippon India Banking Fund - Direct Plan - Growth performance | Nippon India Banking Fund - Direct Plan - Growth fund manager | Sectoral fund comparison | buy Nippon India Banking Fund - Direct Plan - Growth online | Nippon India Banking Fund - Direct Plan - Growth minimum investment | Sectoral fund returns India
Axis Bluechip Fund - Direct Plan - Growth,Axis Mutual Fund,Large Cap,Large Cap Fund,120001,20.09,34521.45,0.52,500,1000,5.85,21.36,5.92,16.2,Nifty 50,Very High,11.32,1.31,16,Ashish Naik; Shreyash Devalkar,7.8 years,Aims to provide capital appreciation by investing in Large Cap securities,Equity: 96.00% | T-Bills: 4.00%,Nil,HDFC Bank Ltd. (8.5%) | ICICI Bank Ltd. (7.8%) | Reliance Industries Ltd. (6.9%) | Infosys Ltd. (5.2%) | Larsen & Toubro Ltd. (4.8%) | Axis Bank Ltd. (3.9%) | Tata Consultancy Services Ltd. (3.7%) | Bharti Airtel Ltd. (3.4%) | State Bank of India (3.1%) | ITC Ltd. (2.8%),25-May-2026,28-Sep-2021,0%,LTCG 12.5% after 2 years for equity,5,Axis Bluechip Fund - Direct Plan - Growth - Axis Mutual Fund,"Detailed review and analysis of Axis Bluechip Fund - Direct Plan - Growth (Large Cap). Compare returns, expenses, holdings and risks. Start investing today.",Axis Bluechip Fund - Direct Plan - Growth | Axis Bluechip Fund - Direct Plan - Growth review | Large Cap mutual fund | Large Cap fund in India | Axis Mutual Fund Large Cap | best Large Cap funds | Axis Bluechip Fund - Direct Plan - Growth NAV | Axis Bluechip Fund - Direct Plan - Growth returns | Axis Bluechip Fund - Direct Plan - Growth expense ratio | invest in Axis Bluechip Fund - Direct Plan - Growth | Axis Bluechip Fund - Direct Plan - Growth SIP | Large Cap investment 2025 | Axis Bluechip Fund - Direct Plan - Growth vs Large Cap | top Large Cap funds India | Axis Bluechip Fund - Direct Plan - Growth performance | Axis Bluechip Fund - Direct Plan - Growth fund manager | Large Cap fund comparison | buy Axis Bluechip Fund - Direct Plan - Growth online | Axis Bluechip Fund - Direct Plan - Growth minimum investment | Large Cap fund returns India
Axis Bluechip Fund - Regular Plan - Growth,Axis Mutual Fund,Large Cap,Large Cap Fund,120002,18.82,34521.45,1.52,500,1000,4.44,19.68,5.62,14.6,Nifty 50,Very High,11.34,1.16,16,Ashish Naik; Shreyash Devalkar,7.8 years,Aims to provide capital appreciation by investing in Large Cap securities,Equity: 96.00% | T-Bills: 4.00%,Nil,HDFC Bank Ltd. (8.5%) | ICICI Bank Ltd. (7.8%) | Reliance Industries Ltd. (6.9%) | Infosys Ltd. (5.2%) | Larsen & Toubro Ltd. (4.8%) | Axis Bank Ltd. (3.9%) | Tata Consultancy Services Ltd. (3.7%) | Bharti Airtel Ltd. (3.4%) | State Bank of India (3.1%) | ITC Ltd. (2.8%),25-May-2026,28-Sep-2021,0%,LTCG 12.5% after 2 years for equity,5,Axis Bluechip Fund - Regular Plan - Growth - Axis Mutual Fun,"Detailed review and analysis of Axis Bluechip Fund - Regular Plan - Growth (Large Cap). Compare returns, expenses, holdings and risks. Start investing today.",Axis Bluechip Fund - Regular Plan - Growth | Axis Bluechip Fund - Regular Plan - Growth review | Large Cap mutual fund | Large Cap fund in India | Axis Mutual Fund Large Cap | best Large Cap funds | Axis Bluechip Fund - Regular Plan - Growth NAV | Axis Bluechip Fund - Regular Plan - Growth returns | Axis Bluechip Fund - Regular Plan - Growth expense ratio | invest in Axis Bluechip Fund - Regular Plan - Growth | Axis Bluechip Fund - Regular Plan - Growth SIP | Large Cap investment 2025 | Axis Bluechip Fund - Regular Plan - Growth vs Large Cap | top Large Cap funds India | Axis Bluechip Fund - Regular Plan - Growth performance | Axis Bluechip Fund - Regular Plan - Growth fund manager | Large Cap fund comparison | buy Axis Bluechip Fund - Regular Plan - Growth online | Axis Bluechip Fund - Regular Plan - Growth minimum investment | Large Cap fund returns India
Axis Midcap Fund - Direct Plan - Growth,Axis Mutual Fund,Mid Cap,INF846K01EH3,120003,136.27,32276.32,1.58,500,1000,7.41,19.19,16.41,18.68,Nifty Midcap 150 TRI,Very High,14.48,0.88,12,Krishnaa Narayan; Nitin Arora; Shreyash Devalkar,9.5 years,Aims to provide capital appreciation by investing in Mid Cap securities,Equity: 89.53% | Mutual Fund: 0.94% | Futures: 0.21%,Nil,The Federal Bank Ltd. (3.87%) | Fortis Healthcare Ltd. (3.56%) | Multi Commodity Exchange Of India Ltd. (3.43%) | GE Vernova T&D India Ltd (2.59%) | Schaeffler India Ltd. (2.25%) | BSE Ltd. (2.14%) | The Indian Hotels Company Ltd. (2.03%) | The Phoenix Mills Ltd. (1.96%) | Cummins India Ltd. (1.92%) | Ipca Laboratories Ltd. (1.9%),25-May-2026,02-Jan-2013,0%,LTCG 12.5% after 2 years for equity,5,Axis Midcap Fund - Direct Plan - Growth - Axis Mutual Fund R,"Detailed review and analysis of Axis Midcap Fund - Direct Plan - Growth (Mid Cap). Compare returns, expenses, holdings and risks. Start investing today.",Axis Midcap Fund - Direct Plan - Growth | Axis Midcap Fund - Direct Plan - Growth review | Mid Cap mutual fund | Mid Cap fund in India | Axis Mutual Fund Mid Cap | best Mid Cap funds | Axis Midcap Fund - Direct Plan - Growth NAV | Axis Midcap Fund - Direct Plan - Growth returns | Axis Midcap Fund - Direct Plan - Growth expense ratio | invest in Axis Midcap Fund - Direct Plan - Growth | Axis Midcap Fund - Direct Plan - Growth SIP | Mid Cap investment 2025 | Axis Midcap Fund - Direct Plan - Growth vs Mid Cap | top Mid Cap funds India | Axis Midcap Fund - Direct Plan - Growth performance | Axis Midcap Fund - Direct Plan - Growth fund manager | Mid Cap fund comparison | buy Axis Midcap Fund - Direct Plan - Growth online | Axis Midcap Fund - Direct Plan - Growth minimum investment | Mid Cap fund returns India
Axis Small Cap Fund - Direct Plan - Growth,Axis Mutual Fund,Small Cap,INF846K01K35,120004,124.14,27363.97,0.92,500,1000,4.52,17.52,18.04,22.39,Nifty Smallcap 250 TRI,Very High,17.03,0.65,12,Krishnaa Narayan; Mayank Hyanki; Tejas Sheth,2.8 years,Aims to provide capital appreciation by investing in Small Cap securities,Equity: 88.35% | ID: 1.76% | T-Bills: 0.55%,Nil,CCL Products (India) Ltd. (2.79%) | Krishna Institute of Medical Sciences Ltd (2.47%) | JB Chemicals & Pharmaceuticals Ltd. (2.23%) | Multi Commodity Exchange Of India Ltd. (2.23%) | City Union Bank Ltd. (1.94%) | Brigade Enterprises Ltd. (1.78%) | Nifty Bank (1.76%) | Blue Star Ltd. (1.61%) | Cholamandalam Financial Holdings Ltd. (1.57%) | Sai Life Sciences Ltd. (1.47%),25-May-2026,05-Dec-2013,0%,LTCG 12.5% after 2 years for equity,5,Axis Small Cap Fund - Direct Plan - Growth - Axis Mutual Fun,"Detailed review and analysis of Axis Small Cap Fund - Direct Plan - Growth (Small Cap). Compare returns, expenses, holdings and risks. Start investing today.",Axis Small Cap Fund - Direct Plan - Growth | Axis Small Cap Fund - Direct Plan - Growth review | Small Cap mutual fund | Small Cap fund in India | Axis Mutual Fund Small Cap | best Small Cap funds | Axis Small Cap Fund - Direct Plan - Growth NAV | Axis Small Cap Fund - Direct Plan - Growth returns | Axis Small Cap Fund - Direct Plan - Growth expense ratio | invest in Axis Small Cap Fund - Direct Plan - Growth | Axis Small Cap Fund - Direct Plan - Growth SIP | Small Cap investment 2025 | Axis Small Cap Fund - Direct Plan - Growth vs Small Cap | top Small Cap funds India | Axis Small Cap Fund - Direct Plan - Growth performance | Axis Small Cap Fund - Direct Plan - Growth fund manager | Small Cap fund comparison | buy Axis Small Cap Fund - Direct Plan - Growth online | Axis Small Cap Fund - Direct Plan - Growth minimum investment | Small Cap fund returns India
Axis Focused Fund - Direct Plan - Growth,Axis Mutual Fund,Multi Cap,Multi Cap Fund,120005,59.65,10793.67,1.77,500,1000,-4.88,9.36,6.23,12.92,Nifty 500 Multicap 50:25:25 TRI,Very High,13.07,0.22,68,Krishnaa Narayan; Sachin Relekar,2.3 years,Aims to provide capital appreciation by investing in Multi Cap securities,Equity: 92.62%,Nil,ICICI Bank Ltd. (7.55%) | Eternal Ltd. (5.93%) | Divi's Laboratories Ltd. (5.36%) | Apollo Hospitals Enterprise Ltd. (4.73%) | Cholamandalam Investment and Finance Company Ltd. (4.63%) | Bharti Airtel Ltd. (4.59%) | State Bank of India (4.56%) | Bajaj Finance Ltd. (4.14%) | Torrent Power Ltd. (4.13%) | PB Fintech Ltd. (3.83%),25-May-2026,02-Jan-2013,0%,LTCG 12.5% after 2 years for equity,5,Axis Focused Fund - Direct Plan - Growth - Axis Mutual Fund,"Detailed review and analysis of Axis Focused Fund - Direct Plan - Growth (Multi Cap). Compare returns, expenses, holdings and risks. Start investing today.",Axis Focused Fund - Direct Plan - Growth | Axis Focused Fund - Direct Plan - Growth review | Multi Cap mutual fund | Multi Cap fund in India | Axis Mutual Fund Multi Cap | best Multi Cap funds | Axis Focused Fund - Direct Plan - Growth NAV | Axis Focused Fund - Direct Plan - Growth returns | Axis Focused Fund - Direct Plan - Growth expense ratio | invest in Axis Focused Fund - Direct Plan - Growth | Axis Focused Fund - Direct Plan - Growth SIP | Multi Cap investment 2025 | Axis Focused Fund - Direct Plan - Growth vs Multi Cap | top Multi Cap funds India | Axis Focused Fund - Direct Plan - Growth performance | Axis Focused Fund - Direct Plan - Growth fund manager | Multi Cap fund comparison | buy Axis Focused Fund - Direct Plan - Growth online | Axis Focused Fund - Direct Plan - Growth minimum investment | Multi Cap fund returns India
Axis ELSS Tax Saver Fund - Direct Plan - Growth,Axis Mutual Fund,ELSS,ELSS (Tax Saving),120006,104.7708,31566.11,1.66,500,1000,-2.52,11.66,8.43,15.62,Nifty 500 TRI,Very High,13.40,0.39,14,Ashish Naik; Shreyash Devalkar,2.8 years,Aims to provide capital appreciation by investing in ELSS securities,Equity: 97.56%,Nil,ICICI Bank Ltd. (7.04%) | HDFC Bank Ltd. (5.64%) | Bharti Airtel Ltd. (4.32%) | Bajaj Finance Ltd. (3.69%) | Reliance Industries Ltd. (3.59%) | State Bank of India (3.18%) | Infosys Ltd. (3.14%) | Larsen & Toubro Ltd. (2.98%) | Mahindra & Mahindra Ltd. (2.63%) | Eternal Ltd. (2.56%),25-May-2026,02-Jan-2013,0%,LTCG 12.5% after 2 years for equity,5,Axis ELSS Tax Saver Fund - Direct Plan - Growth - Axis Mutua,"Detailed review and analysis of Axis ELSS Tax Saver Fund - Direct Plan - Growth (ELSS). Compare returns, expenses, holdings and risks. Start investing today.",Axis ELSS Tax Saver Fund - Direct Plan - Growth | Axis ELSS Tax Saver Fund - Direct Plan - Growth review | ELSS mutual fund | ELSS fund in India | Axis Mutual Fund ELSS | best ELSS funds | Axis ELSS Tax Saver Fund - Direct Plan - Growth NAV | Axis ELSS Tax Saver Fund - Direct Plan - Growth returns | Axis ELSS Tax Saver Fund - Direct Plan - Growth expense ratio | invest in Axis ELSS Tax Saver Fund - Direct Plan - Growth | Axis ELSS Tax Saver Fund - Direct Plan - Growth SIP | ELSS investment 2025 | Axis ELSS Tax Saver Fund - Direct Plan - Growth vs ELSS | top ELSS funds India | Axis ELSS Tax Saver Fund - Direct Plan - Growth performance | Axis ELSS Tax Saver Fund - Direct Plan - Growth fund manager | ELSS fund comparison | buy Axis ELSS Tax Saver Fund - Direct Plan - Growth online | Axis ELSS Tax Saver Fund - Direct Plan - Growth minimum investment | ELSS fund returns India
Axis Liquid Fund - Direct Plan - Growth,Axis Mutual Fund,Liquid,INF846K01CX4,120007,3096.8529,51643.21,0.11,500,1000,6.25,6.98,6.17,6.86,NIFTY Liquid Index,Low,0.11,4.36,207,Aditya Pagaria; Devang Shah; Sachin Jain,13.4 years,Aims to provide capital appreciation by investing in Liquid securities,CP: 53.47% | CD: 31.44% | T-Bills: 11.86% | Debenture: 0.88% | Money Mkt: 0.39% | Bonds/NCD: 0.28% | NCD: 0.24% | Debt: 0.09% | IRS: 0.0%,Nil,Reserve Bank of India (3.46%) | National Bank For Agriculture & Rural Development (3.37%) | Reliance Jio Infocomm Ltd. (2.9%) | Reserve Bank of India (2.89%) | HDFC Bank Ltd. (2.5%) | Bank Of Baroda (2.5%) | National Bank For Agriculture & Rural Development (2.42%) | Reserve Bank of India (2.38%) | Tata Steel Ltd. (1.93%) | Reliance Retail Ventures Ltd. (1.92%),25-May-2026,01-Jan-2013,0%,LTCG 12.5% after 2 years for equity,5,Axis Liquid Fund - Direct Plan - Growth - Axis Mutual Fund R,"Detailed review and analysis of Axis Liquid Fund - Direct Plan - Growth (Liquid). Compare returns, expenses, holdings and risks. Start investing today.",Axis Liquid Fund - Direct Plan - Growth | Axis Liquid Fund - Direct Plan - Growth review | Liquid mutual fund | Liquid fund in India | Axis Mutual Fund Liquid | best Liquid funds | Axis Liquid Fund - Direct Plan - Growth NAV | Axis Liquid Fund - Direct Plan - Growth returns | Axis Liquid Fund - Direct Plan - Growth expense ratio | invest in Axis Liquid Fund - Direct Plan - Growth | Axis Liquid Fund - Direct Plan - Growth SIP | Liquid investment 2025 | Axis Liquid Fund - Direct Plan - Growth vs Liquid | top Liquid funds India | Axis Liquid Fund - Direct Plan - Growth performance | Axis Liquid Fund - Direct Plan - Growth fund manager | Liquid fund comparison | buy Axis Liquid Fund - Direct Plan - Growth online | Axis Liquid Fund - Direct Plan - Growth minimum investment | Liquid fund returns India
Axis Balanced Advantage Fund - Direct Plan - Growth,Axis Mutual Fund,Hybrid,INF846K01A29,120008,23.51,3763.98,2.42,500,1000,1.25,13.24,11.41,10.13,Nifty 50 Hybrid Composite Debt 65:35 Index,Moderately High,8.66,0.78,135,Devang Shah; Hardik Shah; Jayesh Sundar,4.3 years,Aims to provide capital appreciation by investing in Hybrid securities,Equity: 71.12% | Debenture: 5.48% | NCD: 5.24% | Debt: 3.64% | SDL: 2.76% | GOI Sec: 2.33% | T-Bills: 2.24% | InvITs: 0.86% | ZCB: 0.78% | FRB: 0.66% | REITs: 0.33% | Call Option: 0.01% | Put Option: 0.01% | Pref. Shares: 0.0% | IRS: -0.0% | Futures: -12.95%,Nil,HDFC Bank Ltd. (5.96%) | ICICI Bank Ltd. (5.25%) | Reliance Industries Ltd. (5.16%) | State Bank of India (3.84%) | Infosys Ltd. (3.0%) | Larsen & Toubro Ltd. (2.81%) | Mahindra & Mahindra Ltd. (2.51%) | Bharti Airtel Ltd. (2.31%) | Kotak Mahindra Bank Ltd. (2.08%) | NTPC Ltd. (1.87%),25-May-2026,07-Aug-2017,0%,LTCG 12.5% after 2 years for equity,5,Axis Balanced Advantage Fund - Direct Plan - Growth - Axis M,"Detailed review and analysis of Axis Balanced Advantage Fund - Direct Plan - Growth (Hybrid). Compare returns, expenses, holdings and risks. Start investing tod",Axis Balanced Advantage Fund - Direct Plan - Growth | Axis Balanced Advantage Fund - Direct Plan - Growth review | Hybrid mutual fund | Hybrid fund in India | Axis Mutual Fund Hybrid | best Hybrid funds | Axis Balanced Advantage Fund - Direct Plan - Growth NAV | Axis Balanced Advantage Fund - Direct Plan - Growth returns | Axis Balanced Advantage Fund - Direct Plan - Growth expense ratio | invest in Axis Balanced Advantage Fund - Direct Plan - Growth | Axis Balanced Advantage Fund - Direct Plan - Growth SIP | Hybrid investment 2025 | Axis Balanced Advantage Fund - Direct Plan - Growth vs Hybrid | top Hybrid funds India | Axis Balanced Advantage Fund - Direct Plan - Growth performance | Axis Balanced Advantage Fund - Direct Plan - Growth fund manager | Hybrid fund comparison | buy Axis Balanced Advantage Fund - Direct Plan - Growth online | Axis Balanced Advantage Fund - Direct Plan - Growth minimum investment | Hybrid fund returns India
Axis Growth Fund - Direct Plan - Growth,Axis Mutual Fund,Multi Cap,Multi Cap Fund,120009,3096.8529,12729.60,0.68,500,1000,6.25,6.98,6.17,6.86,Nifty 500 Multicap 50:25:25 TRI,Very High,13.17,0.04,29,Shreyash Devalkar,3.5 years,Aims to provide capital appreciation by investing in Multi Cap securities,Equity: 97.00% | T-Bills: 3.00%,Nil,HDFC Bank Ltd. (6.5%) | ICICI Bank Ltd. (5.8%) | Reliance Industries Ltd. (4.9%) | Infosys Ltd. (4.2%) | Axis Bank Ltd. (3.6%) | Larsen & Toubro Ltd. (3.2%) | Tata Consultancy Services Ltd. (2.9%) | Bharti Airtel Ltd. (2.7%) | State Bank of India (2.4%) | Sun Pharmaceutical Industries Ltd. (2.2%),25-May-2026,01-Jan-2013,0%,LTCG 12.5% after 2 years for equity,5,Axis Growth Fund - Direct Plan - Growth - Axis Mutual Fund R,"Detailed review and analysis of Axis Growth Fund - Direct Plan - Growth (Multi Cap). Compare returns, expenses, holdings and risks. Start investing today.",Axis Growth Fund - Direct Plan - Growth | Axis Growth Fund - Direct Plan - Growth review | Multi Cap mutual fund | Multi Cap fund in India | Axis Mutual Fund Multi Cap | best Multi Cap funds | Axis Growth Fund - Direct Plan - Growth NAV | Axis Growth Fund - Direct Plan - Growth returns | Axis Growth Fund - Direct Plan - Growth expense ratio | invest in Axis Growth Fund - Direct Plan - Growth | Axis Growth Fund - Direct Plan - Growth SIP | Multi Cap investment 2025 | Axis Growth Fund - Direct Plan - Growth vs Multi Cap | top Multi Cap funds India | Axis Growth Fund - Direct Plan - Growth performance | Axis Growth Fund - Direct Plan - Growth fund manager | Multi Cap fund comparison | buy Axis Growth Fund - Direct Plan - Growth online | Axis Growth Fund - Direct Plan - Growth minimum investment | Multi Cap fund returns India
Axis Infrastructure Fund - Direct Plan - Growth,Axis Mutual Fund,Thematic,Thematic - Infrastructure,120010,70.27,3894.00,0.92,500,1000,-1.51,17.15,14.33,13.5,Nifty Infrastructure TRI,Very High,15.00,0.71,36,Shreyash Devalkar,3.5 years,Aims to provide capital appreciation by investing in Thematic securities,Equity: 95.00% | T-Bills: 5.00%,Nil,HDFC Bank Ltd. (5.8%) | ICICI Bank Ltd. (5.2%) | Larsen & Toubro Ltd. (4.9%) | Reliance Industries Ltd. (4.5%) | Infosys Ltd. (4.1%) | Bharti Airtel Ltd. (3.8%) | Axis Bank Ltd. (3.5%) | State Bank of India (3.2%) | Tata Motors Ltd. (2.9%) | Adani Ports & SEZ Ltd. (2.6%),25-May-2026,02-Jan-2013,0%,LTCG 12.5% after 2 years for equity,5,Axis Infrastructure Fund - Direct Plan - Growth - Axis Mutua,"Detailed review and analysis of Axis Infrastructure Fund - Direct Plan - Growth (Thematic). Compare returns, expenses, holdings and risks. Start investing today",Axis Infrastructure Fund - Direct Plan - Growth | Axis Infrastructure Fund - Direct Plan - Growth review | Thematic mutual fund | Thematic fund in India | Axis Mutual Fund Thematic | best Thematic funds | Axis Infrastructure Fund - Direct Plan - Growth NAV | Axis Infrastructure Fund - Direct Plan - Growth returns | Axis Infrastructure Fund - Direct Plan - Growth expense ratio | invest in Axis Infrastructure Fund - Direct Plan - Growth | Axis Infrastructure Fund - Direct Plan - Growth SIP | Thematic investment 2025 | Axis Infrastructure Fund - Direct Plan - Growth vs Thematic | top Thematic funds India | Axis Infrastructure Fund - Direct Plan - Growth performance | Axis Infrastructure Fund - Direct Plan - Growth fund manager | Thematic fund comparison | buy Axis Infrastructure Fund - Direct Plan - Growth online | Axis Infrastructure Fund - Direct Plan - Growth minimum investment | Thematic fund returns India
Kotak Mahindra Large Cap Fund - Direct Plan - Growth,Kotak Mahindra,Large Cap,Large Cap Fund,200001,635.6,38121,1.36,500,1000,-2.46,12.82,12.2,13.87,Nifty 50,Very High,11.32,0.56,16,Harsha Upadhyaya,3.5 years,Aims to provide capital appreciation by investing in Large Cap securities,Equity: 96.00% | T-Bills: 4.00%,Nil,HDFC Bank Ltd. (8.5%) | ICICI Bank Ltd. (7.8%) | Reliance Industries Ltd. (6.9%) | Infosys Ltd. (5.2%) | Larsen & Toubro Ltd. (4.8%) | Axis Bank Ltd. (3.9%) | Tata Consultancy Services Ltd. (3.7%) | Bharti Airtel Ltd. (3.4%) | State Bank of India (3.1%) | ITC Ltd. (2.8%),25-May-2026,02-Jan-2013,0%,LTCG 12.5% after 2 years for equity,6,Kotak Mahindra Large Cap Fund - Direct Plan - Growth - Kotak,"Detailed review and analysis of Kotak Mahindra Large Cap Fund - Direct Plan - Growth (Large Cap). Compare returns, expenses, holdings and risks. Start investing",Kotak Mahindra Large Cap Fund - Direct Plan - Growth | Kotak Mahindra Large Cap Fund - Direct Plan - Growth review | Large Cap mutual fund | Large Cap fund in India | Kotak Mahindra Large Cap | best Large Cap funds | Kotak Mahindra Large Cap Fund - Direct Plan - Growth NAV | Kotak Mahindra Large Cap Fund - Direct Plan - Growth returns | Kotak Mahindra Large Cap Fund - Direct Plan - Growth expense ratio | invest in Kotak Mahindra Large Cap Fund - Direct Plan - Growth | Kotak Mahindra Large Cap Fund - Direct Plan - Growth SIP | Large Cap investment 2025 | Kotak Mahindra Large Cap Fund - Direct Plan - Growth vs Large Cap | top Large Cap funds India | Kotak Mahindra Large Cap Fund - Direct Plan - Growth performance | Kotak Mahindra Large Cap Fund - Direct Plan - Growth fund manager | Large Cap fund comparison | buy Kotak Mahindra Large Cap Fund - Direct Plan - Growth online | Kotak Mahindra Large Cap Fund - Direct Plan - Growth minimum investment | Large Cap fund returns India
Kotak Mahindra Mid Cap Fund - Regular Plan - Growth,Kotak Mahindra,Mid Cap,Mid Cap Fund,200002,139.241,10524.00,1.75,500,1000,8.3,20.63,18.03,14.75,Nifty Midcap 150 TRI,Very High,14.46,0.98,22,Harsha Upadhyaya,3.5 years,Aims to provide capital appreciation by investing in Mid Cap securities,Equity: 94.00% | T-Bills: 6.00%,Nil,Voltas Ltd. (3.8%) | Mphasis Ltd. (3.5%) | Coforge Ltd. (3.2%) | Sundram Fasteners Ltd. (2.9%) | Persistent Systems Ltd. (2.7%) | Zydus Lifesciences Ltd. (2.5%) | Crompton Greaves Consumer Electricals Ltd. (2.4%) | Oberoi Realty Ltd. (2.2%) | Tube Investments of India Ltd. (2.1%) | Emami Ltd. (2.0%),25-May-2026,02-Apr-2007,0%,LTCG 12.5% after 2 years for equity,6,Kotak Mahindra Mid Cap Fund - Regular Plan - Growth - Kotak,"Detailed review and analysis of Kotak Mahindra Mid Cap Fund - Regular Plan - Growth (Mid Cap). Compare returns, expenses, holdings and risks. Start investing to",Kotak Mahindra Mid Cap Fund - Regular Plan - Growth | Kotak Mahindra Mid Cap Fund - Regular Plan - Growth review | Mid Cap mutual fund | Mid Cap fund in India | Kotak Mahindra Mid Cap | best Mid Cap funds | Kotak Mahindra Mid Cap Fund - Regular Plan - Growth NAV | Kotak Mahindra Mid Cap Fund - Regular Plan - Growth returns | Kotak Mahindra Mid Cap Fund - Regular Plan - Growth expense ratio | invest in Kotak Mahindra Mid Cap Fund - Regular Plan - Growth | Kotak Mahindra Mid Cap Fund - Regular Plan - Growth SIP | Mid Cap investment 2025 | Kotak Mahindra Mid Cap Fund - Regular Plan - Growth vs Mid Cap | top Mid Cap funds India | Kotak Mahindra Mid Cap Fund - Regular Plan - Growth performance | Kotak Mahindra Mid Cap Fund - Regular Plan - Growth fund manager | Mid Cap fund comparison | buy Kotak Mahindra Mid Cap Fund - Regular Plan - Growth online | Kotak Mahindra Mid Cap Fund - Regular Plan - Growth minimum investment | Mid Cap fund returns India
Kotak Mahindra Small Cap Fund - Direct Plan - Growth,Kotak Mahindra,Small Cap,Small Cap Fund,200003,226.029,8428.80,0.82,500,1000,9.07,20.44,18.91,20.97,Nifty Smallcap 250 TRI,Very High,17.00,0.82,18,Harsha Upadhyaya,3.5 years,Aims to provide capital appreciation by investing in Small Cap securities,Equity: 91.00% | Cash & Equivalents: 9.00%,Nil,Aarti Drugs Ltd. (3.2%) | Hatsun Agro Product Ltd. (2.9%) | National Aluminium Company Ltd. (2.7%) | VST Tillers Tractors Ltd. (2.5%) | Repco Home Finance Ltd. (2.3%) | RACL Geartech Ltd. (2.1%) | Neuland Laboratories Ltd. (2.0%) | Mold-Tek Packaging Ltd. (1.9%) | NIIT Learning Systems Ltd. (1.8%) | Nuvama Wealth Management Ltd. (1.7%),25-May-2026,02-Jan-2013,0%,LTCG 12.5% after 2 years for equity,6,Kotak Mahindra Small Cap Fund - Direct Plan - Growth - Kotak,"Detailed review and analysis of Kotak Mahindra Small Cap Fund - Direct Plan - Growth (Small Cap). Compare returns, expenses, holdings and risks. Start investing",Kotak Mahindra Small Cap Fund - Direct Plan - Growth | Kotak Mahindra Small Cap Fund - Direct Plan - Growth review | Small Cap mutual fund | Small Cap fund in India | Kotak Mahindra Small Cap | best Small Cap funds | Kotak Mahindra Small Cap Fund - Direct Plan - Growth NAV | Kotak Mahindra Small Cap Fund - Direct Plan - Growth returns | Kotak Mahindra Small Cap Fund - Direct Plan - Growth expense ratio | invest in Kotak Mahindra Small Cap Fund - Direct Plan - Growth | Kotak Mahindra Small Cap Fund - Direct Plan - Growth SIP | Small Cap investment 2025 | Kotak Mahindra Small Cap Fund - Direct Plan - Growth vs Small Cap | top Small Cap funds India | Kotak Mahindra Small Cap Fund - Direct Plan - Growth performance | Kotak Mahindra Small Cap Fund - Direct Plan - Growth fund manager | Small Cap fund comparison | buy Kotak Mahindra Small Cap Fund - Direct Plan - Growth online | Kotak Mahindra Small Cap Fund - Direct Plan - Growth minimum investment | Small Cap fund returns India
Kotak Mahindra Multi Cap Fund - Regular Plan - Growth,Kotak Mahindra,Multi Cap,Multi Cap Fund,200004,36.4341,12657.60,1.68,500,1000,6.48,19.23,16.33,15.42,Nifty 500 Multicap 50:25:25 TRI,Very High,13.05,0.98,27,Harsha Upadhyaya,3.5 years,Aims to provide capital appreciation by investing in Multi Cap securities,Equity: 97.00% | T-Bills: 3.00%,Nil,HDFC Bank Ltd. (6.5%) | ICICI Bank Ltd. (5.8%) | Reliance Industries Ltd. (4.9%) | Infosys Ltd. (4.2%) | Axis Bank Ltd. (3.6%) | Larsen & Toubro Ltd. (3.2%) | Tata Consultancy Services Ltd. (2.9%) | Bharti Airtel Ltd. (2.7%) | State Bank of India (2.4%) | Sun Pharmaceutical Industries Ltd. (2.2%),25-May-2026,18-May-2017,0%,LTCG 12.5% after 2 years for equity,6,Kotak Mahindra Multi Cap Fund - Regular Plan - Growth - Kota,"Detailed review and analysis of Kotak Mahindra Multi Cap Fund - Regular Plan - Growth (Multi Cap). Compare returns, expenses, holdings and risks. Start investin",Kotak Mahindra Multi Cap Fund - Regular Plan - Growth | Kotak Mahindra Multi Cap Fund - Regular Plan - Growth review | Multi Cap mutual fund | Multi Cap fund in India | Kotak Mahindra Multi Cap | best Multi Cap funds | Kotak Mahindra Multi Cap Fund - Regular Plan - Growth NAV | Kotak Mahindra Multi Cap Fund - Regular Plan - Growth returns | Kotak Mahindra Multi Cap Fund - Regular Plan - Growth expense ratio | invest in Kotak Mahindra Multi Cap Fund - Regular Plan - Growth | Kotak Mahindra Multi Cap Fund - Regular Plan - Growth SIP | Multi Cap investment 2025 | Kotak Mahindra Multi Cap Fund - Regular Plan - Growth vs Multi Cap | top Multi Cap funds India | Kotak Mahindra Multi Cap Fund - Regular Plan - Growth performance | Kotak Mahindra Multi Cap Fund - Regular Plan - Growth fund manager | Multi Cap fund comparison | buy Kotak Mahindra Multi Cap Fund - Regular Plan - Growth online | Kotak Mahindra Multi Cap Fund - Regular Plan - Growth minimum investment | Multi Cap fund returns India
Kotak Mahindra Flexi Cap Fund - Direct Plan - Growth,Kotak Mahindra,Flexi Cap,Flexi Cap Fund,200005,110.791,9856.00,0.72,500,1000,-2.38,14.63,12.31,14.46,Nifty 500 TRI,Very High,12.51,0.65,25,Harsha Upadhyaya,3.5 years,Aims to provide capital appreciation by investing in Flexi Cap securities,Equity: 95.00% | T-Bills: 5.00%,Nil,HDFC Bank Ltd. (8.2%) | ICICI Bank Ltd. (6.9%) | Infosys Ltd. (5.5%) | Reliance Industries Ltd. (5.1%) | Axis Bank Ltd. (4.2%) | Larsen & Toubro Ltd. (3.8%) | Tata Consultancy Services Ltd. (3.4%) | Bharti Airtel Ltd. (3.1%) | Sun Pharmaceutical Industries Ltd. (2.8%) | Kotak Mahindra Bank Ltd. (2.5%),25-May-2026,02-Jan-2013,0%,LTCG 12.5% after 2 years for equity,6,Kotak Mahindra Flexi Cap Fund - Direct Plan - Growth - Kotak,"Detailed review and analysis of Kotak Mahindra Flexi Cap Fund - Direct Plan - Growth (Flexi Cap). Compare returns, expenses, holdings and risks. Start investing",Kotak Mahindra Flexi Cap Fund - Direct Plan - Growth | Kotak Mahindra Flexi Cap Fund - Direct Plan - Growth review | Flexi Cap mutual fund | Flexi Cap fund in India | Kotak Mahindra Flexi Cap | best Flexi Cap funds | Kotak Mahindra Flexi Cap Fund - Direct Plan - Growth NAV | Kotak Mahindra Flexi Cap Fund - Direct Plan - Growth returns | Kotak Mahindra Flexi Cap Fund - Direct Plan - Growth expense ratio | invest in Kotak Mahindra Flexi Cap Fund - Direct Plan - Growth | Kotak Mahindra Flexi Cap Fund - Direct Plan - Growth SIP | Flexi Cap investment 2025 | Kotak Mahindra Flexi Cap Fund - Direct Plan - Growth vs Flexi Cap | top Flexi Cap funds India | Kotak Mahindra Flexi Cap Fund - Direct Plan - Growth performance | Kotak Mahindra Flexi Cap Fund - Direct Plan - Growth fund manager | Flexi Cap fund comparison | buy Kotak Mahindra Flexi Cap Fund - Direct Plan - Growth online | Kotak Mahindra Flexi Cap Fund - Direct Plan - Growth minimum investment | Flexi Cap fund returns India
Kotak Mahindra ELSS Tax Saver Fund - Regular Plan - Growth,Kotak Mahindra,ELSS,ELSS (Tax Saving),200006,134.992,7048.00,1.85,500,1000,-2.88,16.38,13.7,14.2,Nifty 500 TRI,Very High,13.40,0.74,22,Harsha Upadhyaya,3.5 years,Aims to provide capital appreciation by investing in ELSS securities,Equity: 96.00% | T-Bills: 4.00%,Nil,ICICI Bank Ltd. (8.5%) | HDFC Bank Ltd. (7.2%) | Infosys Ltd. (5.8%) | Reliance Industries Ltd. (5.2%) | Axis Bank Ltd. (4.9%) | Kotak Mahindra Bank Ltd. (4.3%) | Sun Pharmaceutical Industries Ltd. (3.9%) | Bharti Airtel Ltd. (3.5%) | Larsen & Toubro Ltd. (3.2%) | Tata Consultancy Services Ltd. (2.9%),25-May-2026,22-Jan-2007,0%,LTCG 12.5% after 2 years for equity,6,Kotak Mahindra ELSS Tax Saver Fund - Regular Plan - Growth -,"Detailed review and analysis of Kotak Mahindra ELSS Tax Saver Fund - Regular Plan - Growth (ELSS). Compare returns, expenses, holdings and risks. Start investin",Kotak Mahindra ELSS Tax Saver Fund - Regular Plan - Growth | Kotak Mahindra ELSS Tax Saver Fund - Regular Plan - Growth review | ELSS mutual fund | ELSS fund in India | Kotak Mahindra ELSS | best ELSS funds | Kotak Mahindra ELSS Tax Saver Fund - Regular Plan - Growth NAV | Kotak Mahindra ELSS Tax Saver Fund - Regular Plan - Growth returns | Kotak Mahindra ELSS Tax Saver Fund - Regular Plan - Growth expense ratio | invest in Kotak Mahindra ELSS Tax Saver Fund - Regular Plan - Growth | Kotak Mahindra ELSS Tax Saver Fund - Regular Plan - Growth SIP | ELSS investment 2025 | Kotak Mahindra ELSS Tax Saver Fund - Regular Plan - Growth vs ELSS | top ELSS funds India | Kotak Mahindra ELSS Tax Saver Fund - Regular Plan - Growth performance | Kotak Mahindra ELSS Tax Saver Fund - Regular Plan - Growth fund manager | ELSS fund comparison | buy Kotak Mahindra ELSS Tax Saver Fund - Regular Plan - Growth online | Kotak Mahindra ELSS Tax Saver Fund - Regular Plan - Growth minimum investment | ELSS fund returns India
Kotak Mahindra Liquid Fund - Direct Plan - Growth,Kotak Mahindra,Liquid Fund,Liquid Fund,200007,5622.7852,31752.00,0.12,500,1000,6.17,6.93,6.11,50.63,NIFTY Liquid Index,Low,0.11,3.91,207,Harsha Upadhyaya,3.5 years,Aims to provide capital appreciation by investing in Liquid Fund securities,T-Bills: 65.00% | CD: 20.00% | CP: 10.00% | Cash: 5.00%,Nil,State Bank of India CD (8.5%) | HDFC Bank CD (7.2%) | Reliance Industries T-Bills (6.8%) | ICICI Bank CP (5.9%) | 182-Day T-Bill (5.5%) | National Bank For Agriculture And Rural Development (5.2%) | 91-Day T-Bill (4.8%) | Kotak Mahindra Bank CD (4.5%) | Axis Bank CP (4.1%) | Power Finance Corporation (3.8%),25-May-2026,01-Jan-2013,0%,LTCG 12.5% after 2 years for equity,6,Kotak Mahindra Liquid Fund - Direct Plan - Growth - Kotak Ma,"Detailed review and analysis of Kotak Mahindra Liquid Fund - Direct Plan - Growth (Liquid Fund). Compare returns, expenses, holdings and risks. Start investing ",Kotak Mahindra Liquid Fund - Direct Plan - Growth | Kotak Mahindra Liquid Fund - Direct Plan - Growth review | Liquid Fund mutual fund | Liquid Fund fund in India | Kotak Mahindra Liquid Fund | best Liquid Fund funds | Kotak Mahindra Liquid Fund - Direct Plan - Growth NAV | Kotak Mahindra Liquid Fund - Direct Plan - Growth returns | Kotak Mahindra Liquid Fund - Direct Plan - Growth expense ratio | invest in Kotak Mahindra Liquid Fund - Direct Plan - Growth | Kotak Mahindra Liquid Fund - Direct Plan - Growth SIP | Liquid Fund investment 2025 | Kotak Mahindra Liquid Fund - Direct Plan - Growth vs Liquid Fund | top Liquid Fund funds India | Kotak Mahindra Liquid Fund - Direct Plan - Growth performance | Kotak Mahindra Liquid Fund - Direct Plan - Growth fund manager | Liquid Fund fund comparison | buy Kotak Mahindra Liquid Fund - Direct Plan - Growth online | Kotak Mahindra Liquid Fund - Direct Plan - Growth minimum investment | Liquid Fund fund returns India
Kotak Mahindra Debt Fund - Regular Plan - Growth,Kotak Mahindra,Debt,Short Duration Fund,200008,77.5715,5651.20,1.05,500,1000,0.11,5.46,4.93,7.43,CRISIL Composite Bond Fund Index,Moderate,2.78,-0.37,117,Harsha Upadhyaya,3.5 years,Aims to provide capital appreciation by investing in Debt securities,Debenture: 40.00% | SDL: 30.00% | T-Bills: 20.00% | GOI Sec: 10.00%,Nil,National Bank For Agriculture And Rural Development (5.8%) | Power Finance Corporation Ltd. (5.2%) | Rural Electrification Corporation Ltd. (4.9%) | 7.26% GOI 2032 (4.5%) | State Bank of India (4.1%) | National Highways Authority of India (3.8%) | Housing Development Finance Corporation Ltd. (3.5%) | Indian Railway Finance Corporation Ltd. (3.2%) | HDFC Bank Ltd. (2.9%) | Bajaj Finance Ltd. (2.5%),25-May-2026,02-Apr-2006,0%,LTCG 12.5% after 2 years for equity,6,Kotak Mahindra Debt Fund - Regular Plan - Growth - Kotak Mah,"Detailed review and analysis of Kotak Mahindra Debt Fund - Regular Plan - Growth (Debt). Compare returns, expenses, holdings and risks. Start investing today.",Kotak Mahindra Debt Fund - Regular Plan - Growth | Kotak Mahindra Debt Fund - Regular Plan - Growth review | Debt mutual fund | Debt fund in India | Kotak Mahindra Debt | best Debt funds | Kotak Mahindra Debt Fund - Regular Plan - Growth NAV | Kotak Mahindra Debt Fund - Regular Plan - Growth returns | Kotak Mahindra Debt Fund - Regular Plan - Growth expense ratio | invest in Kotak Mahindra Debt Fund - Regular Plan - Growth | Kotak Mahindra Debt Fund - Regular Plan - Growth SIP | Debt investment 2025 | Kotak Mahindra Debt Fund - Regular Plan - Growth vs Debt | top Debt funds India | Kotak Mahindra Debt Fund - Regular Plan - Growth performance | Kotak Mahindra Debt Fund - Regular Plan - Growth fund manager | Debt fund comparison | buy Kotak Mahindra Debt Fund - Regular Plan - Growth online | Kotak Mahindra Debt Fund - Regular Plan - Growth minimum investment | Debt fund returns India
Kotak Mahindra Banking Fund - Direct Plan - Growth,Kotak Mahindra,Banking,Sectoral - Banking & Financial Services,200009,10,4950.40,0.92,500,1000,2.52,13.93,9.96,-0.16,Nifty Bank TRI,Very High,15.35,0.63,37,Harsha Upadhyaya,3.5 years,Aims to provide capital appreciation by investing in Banking securities,Equity: 97.00% | T-Bills: 3.00%,Nil,HDFC Bank Ltd. (22.5%) | ICICI Bank Ltd. (19.8%) | State Bank of India (12.4%) | Axis Bank Ltd. (10.8%) | Kotak Mahindra Bank Ltd. (8.5%) | Bank of Baroda (5.2%) | IndusInd Bank Ltd. (4.8%) | Federal Bank Ltd. (3.9%) | AU Small Finance Bank Ltd. (3.5%) | Punjab National Bank (2.8%),25-May-2026,02-Apr-2006,0%,LTCG 12.5% after 2 years for equity,6,Kotak Mahindra Banking Fund - Direct Plan - Growth - Kotak M,"Detailed review and analysis of Kotak Mahindra Banking Fund - Direct Plan - Growth (Banking). Compare returns, expenses, holdings and risks. Start investing tod",Kotak Mahindra Banking Fund - Direct Plan - Growth | Kotak Mahindra Banking Fund - Direct Plan - Growth review | Banking mutual fund | Banking fund in India | Kotak Mahindra Banking | best Banking funds | Kotak Mahindra Banking Fund - Direct Plan - Growth NAV | Kotak Mahindra Banking Fund - Direct Plan - Growth returns | Kotak Mahindra Banking Fund - Direct Plan - Growth expense ratio | invest in Kotak Mahindra Banking Fund - Direct Plan - Growth | Kotak Mahindra Banking Fund - Direct Plan - Growth SIP | Banking investment 2025 | Kotak Mahindra Banking Fund - Direct Plan - Growth vs Banking | top Banking funds India | Kotak Mahindra Banking Fund - Direct Plan - Growth performance | Kotak Mahindra Banking Fund - Direct Plan - Growth fund manager | Banking fund comparison | buy Kotak Mahindra Banking Fund - Direct Plan - Growth online | Kotak Mahindra Banking Fund - Direct Plan - Growth minimum investment | Banking fund returns India
Kotak Mahindra Technology Fund - Regular Plan - Growth,Kotak Mahindra,Technology,Sectoral - Technology,200010,77.5715,6372.00,1.98,500,1000,0.11,5.46,4.93,7.43,Nifty IT TRI,Very High,17.80,-0.06,43,Harsha Upadhyaya,3.5 years,Aims to provide capital appreciation by investing in Technology securities,Equity: 91.00% | Forgn. Eq: 6.00% | T-Bills: 3.00%,Nil,Infosys Ltd. (18.5%) | Tata Consultancy Services Ltd. (15.2%) | Bharti Airtel Ltd. (12.4%) | HCL Technologies Ltd. (9.8%) | Wipro Ltd. (7.5%) | Tech Mahindra Ltd. (6.2%) | Coforge Ltd. (4.8%) | Mphasis Ltd. (4.2%) | Persistent Systems Ltd. (3.9%) | LTIMindtree Ltd. (3.5%),25-May-2026,02-Apr-2006,0%,LTCG 12.5% after 2 years for equity,6,Kotak Mahindra Technology Fund - Regular Plan - Growth - Kot,"Detailed review and analysis of Kotak Mahindra Technology Fund - Regular Plan - Growth (Technology). Compare returns, expenses, holdings and risks. Start invest",Kotak Mahindra Technology Fund - Regular Plan - Growth | Kotak Mahindra Technology Fund - Regular Plan - Growth review | Technology mutual fund | Technology fund in India | Kotak Mahindra Technology | best Technology funds | Kotak Mahindra Technology Fund - Regular Plan - Growth NAV | Kotak Mahindra Technology Fund - Regular Plan - Growth returns | Kotak Mahindra Technology Fund - Regular Plan - Growth expense ratio | invest in Kotak Mahindra Technology Fund - Regular Plan - Growth | Kotak Mahindra Technology Fund - Regular Plan - Growth SIP | Technology investment 2025 | Kotak Mahindra Technology Fund - Regular Plan - Growth vs Technology | top Technology funds India | Kotak Mahindra Technology Fund - Regular Plan - Growth performance | Kotak Mahindra Technology Fund - Regular Plan - Growth fund manager | Technology fund comparison | buy Kotak Mahindra Technology Fund - Regular Plan - Growth online | Kotak Mahindra Technology Fund - Regular Plan - Growth minimum investment | Technology fund returns India
Kotak Mahindra Infrastructure Fund - Direct Plan - Growth,Kotak Mahindra,Thematic,Thematic - Infrastructure,200011,55.3541,3898.40,0.92,500,1000,3.6,20.82,20.16,14.87,Nifty Infrastructure TRI,Very High,15.03,0.95,36,Harsha Upadhyaya,3.5 years,Aims to provide capital appreciation by investing in Thematic securities,Equity: 95.00% | T-Bills: 5.00%,Nil,HDFC Bank Ltd. (5.8%) | ICICI Bank Ltd. (5.2%) | Larsen & Toubro Ltd. (4.9%) | Reliance Industries Ltd. (4.5%) | Infosys Ltd. (4.1%) | Bharti Airtel Ltd. (3.8%) | Axis Bank Ltd. (3.5%) | State Bank of India (3.2%) | Tata Motors Ltd. (2.9%) | Adani Ports & SEZ Ltd. (2.6%),25-May-2026,03-Jan-2013,0%,LTCG 12.5% after 2 years for equity,6,Kotak Mahindra Infrastructure Fund - Direct Plan - Growth -,"Detailed review and analysis of Kotak Mahindra Infrastructure Fund - Direct Plan - Growth (Thematic). Compare returns, expenses, holdings and risks. Start inves",Kotak Mahindra Infrastructure Fund - Direct Plan - Growth | Kotak Mahindra Infrastructure Fund - Direct Plan - Growth review | Thematic mutual fund | Thematic fund in India | Kotak Mahindra Thematic | best Thematic funds | Kotak Mahindra Infrastructure Fund - Direct Plan - Growth NAV | Kotak Mahindra Infrastructure Fund - Direct Plan - Growth returns | Kotak Mahindra Infrastructure Fund - Direct Plan - Growth expense ratio | invest in Kotak Mahindra Infrastructure Fund - Direct Plan - Growth | Kotak Mahindra Infrastructure Fund - Direct Plan - Growth SIP | Thematic investment 2025 | Kotak Mahindra Infrastructure Fund - Direct Plan - Growth vs Thematic | top Thematic funds India | Kotak Mahindra Infrastructure Fund - Direct Plan - Growth performance | Kotak Mahindra Infrastructure Fund - Direct Plan - Growth fund manager | Thematic fund comparison | buy Kotak Mahindra Infrastructure Fund - Direct Plan - Growth online | Kotak Mahindra Infrastructure Fund - Direct Plan - Growth minimum investment | Thematic fund returns India
Kotak Mahindra Dividend Fund - Regular Plan - Growth,Kotak Mahindra,Thematic,Thematic - Dividend Yield,200012,77.5715,3902.80,1.92,500,1000,0.11,5.46,4.93,7.43,Nifty Dividend Opportunities 50 TRI,Moderate,15.06,-0.07,37,Harsha Upadhyaya,3.5 years,Aims to provide capital appreciation by investing in Thematic securities,Equity: 95.00% | T-Bills: 5.00%,Nil,HDFC Bank Ltd. (5.8%) | ICICI Bank Ltd. (5.2%) | Larsen & Toubro Ltd. (4.9%) | Reliance Industries Ltd. (4.5%) | Infosys Ltd. (4.1%) | Bharti Airtel Ltd. (3.8%) | Axis Bank Ltd. (3.5%) | State Bank of India (3.2%) | Tata Motors Ltd. (2.9%) | Adani Ports & SEZ Ltd. (2.6%),25-May-2026,02-Apr-2006,0%,LTCG 12.5% after 2 years for equity,6,Kotak Mahindra Dividend Fund - Regular Plan - Growth - Kotak,"Detailed review and analysis of Kotak Mahindra Dividend Fund - Regular Plan - Growth (Thematic). Compare returns, expenses, holdings and risks. Start investing ",Kotak Mahindra Dividend Fund - Regular Plan - Growth | Kotak Mahindra Dividend Fund - Regular Plan - Growth review | Thematic mutual fund | Thematic fund in India | Kotak Mahindra Thematic | best Thematic funds | Kotak Mahindra Dividend Fund - Regular Plan - Growth NAV | Kotak Mahindra Dividend Fund - Regular Plan - Growth returns | Kotak Mahindra Dividend Fund - Regular Plan - Growth expense ratio | invest in Kotak Mahindra Dividend Fund - Regular Plan - Growth | Kotak Mahindra Dividend Fund - Regular Plan - Growth SIP | Thematic investment 2025 | Kotak Mahindra Dividend Fund - Regular Plan - Growth vs Thematic | top Thematic funds India | Kotak Mahindra Dividend Fund - Regular Plan - Growth performance | Kotak Mahindra Dividend Fund - Regular Plan - Growth fund manager | Thematic fund comparison | buy Kotak Mahindra Dividend Fund - Regular Plan - Growth online | Kotak Mahindra Dividend Fund - Regular Plan - Growth minimum investment | Thematic fund returns India
Kotak Mahindra Balanced Advantage Fund - Direct Plan - Growth,Kotak Mahindra,Balanced Hybrid,Balanced Advantage Fund,200013,16.3854,10656.00,0.78,500,1000,3.08,12.3,10.06,10.94,Nifty 50 Hybrid Composite Debt 65:35 Index,Moderately High,8.53,0.68,113,Harsha Upadhyaya,3.5 years,Aims to provide capital appreciation by investing in Balanced Hybrid securities,Equity: 65.00% | Debt: 30.00% | T-Bills: 5.00%,Nil,HDFC Bank Ltd. (6.8%) | ICICI Bank Ltd. (5.5%) | Reliance Industries Ltd. (4.5%) | 8.38% GOI 2027 (4.2%) | Infosys Ltd. (3.8%) | 7.26% GOI 2032 (3.5%) | Axis Bank Ltd. (3.2%) | Bharti Airtel Ltd. (2.9%) | Larsen & Toubro Ltd. (2.6%) | Tata Consultancy Services Ltd. (2.4%),25-May-2026,07-Sep-2021,0%,LTCG 12.5% after 2 years for equity,6,Kotak Mahindra Balanced Advantage Fund - Direct Plan - Growt,"Detailed review and analysis of Kotak Mahindra Balanced Advantage Fund - Direct Plan - Growth (Balanced Hybrid). Compare returns, expenses, holdings and risks. ",Kotak Mahindra Balanced Advantage Fund - Direct Plan - Growth | Kotak Mahindra Balanced Advantage Fund - Direct Plan - Growth review | Balanced Hybrid mutual fund | Balanced Hybrid fund in India | Kotak Mahindra Balanced Hybrid | best Balanced Hybrid funds | Kotak Mahindra Balanced Advantage Fund - Direct Plan - Growth NAV | Kotak Mahindra Balanced Advantage Fund - Direct Plan - Growth returns | Kotak Mahindra Balanced Advantage Fund - Direct Plan - Growth expense ratio | invest in Kotak Mahindra Balanced Advantage Fund - Direct Plan - Growth | Kotak Mahindra Balanced Advantage Fund - Direct Plan - Growth SIP | Balanced Hybrid investment 2025 | Kotak Mahindra Balanced Advantage Fund - Direct Plan - Growth vs Balanced Hybrid | top Balanced Hybrid funds India | Kotak Mahindra Balanced Advantage Fund - Direct Plan - Growth performance | Kotak Mahindra Balanced Advantage Fund - Direct Plan - Growth fund manager | Balanced Hybrid fund comparison | buy Kotak Mahindra Balanced Advantage Fund - Direct Plan - Growth online | Kotak Mahindra Balanced Advantage Fund - Direct Plan - Growth minimum investment | Balanced Hybrid fund returns India
Kotak Mahindra International Fund - Regular Plan - Growth,Kotak Mahindra,International,Fund of Funds - Overseas,200014,5564.2283,2489.20,2.05,500,1000,6.05,6.8,5.99,34.54,MSCI World Index,Very High,13.65,0.02,15,Harsha Upadhyaya,3.5 years,Aims to provide capital appreciation by investing in International securities,Forgn. Eq: 95.00% | Cash & Equivalents: 5.00%,Nil,Apple Inc. (8.5%) | Microsoft Corp. (7.8%) | Alphabet Inc Class A (6.9%) | Amazon.com Inc. (5.2%) | NVIDIA Corp. (4.8%) | Meta Platforms Inc. (4.2%) | Tesla Inc. (3.9%) | Berkshire Hathaway Inc. (3.5%) | UnitedHealth Group Inc. (3.1%) | Johnson & Johnson (2.8%),25-May-2026,02-Apr-2006,0%,LTCG 12.5% after 2 years for equity,6,Kotak Mahindra International Fund - Regular Plan - Growth -,"Detailed review and analysis of Kotak Mahindra International Fund - Regular Plan - Growth (International). Compare returns, expenses, holdings and risks. Start ",Kotak Mahindra International Fund - Regular Plan - Growth | Kotak Mahindra International Fund - Regular Plan - Growth review | International mutual fund | International fund in India | Kotak Mahindra International | best International funds | Kotak Mahindra International Fund - Regular Plan - Growth NAV | Kotak Mahindra International Fund - Regular Plan - Growth returns | Kotak Mahindra International Fund - Regular Plan - Growth expense ratio | invest in Kotak Mahindra International Fund - Regular Plan - Growth | Kotak Mahindra International Fund - Regular Plan - Growth SIP | International investment 2025 | Kotak Mahindra International Fund - Regular Plan - Growth vs International | top International funds India | Kotak Mahindra International Fund - Regular Plan - Growth performance | Kotak Mahindra International Fund - Regular Plan - Growth fund manager | International fund comparison | buy Kotak Mahindra International Fund - Regular Plan - Growth online | Kotak Mahindra International Fund - Regular Plan - Growth minimum investment | International fund returns India
Kotak Mahindra Energy Fund - Direct Plan - Growth,Kotak Mahindra,Equity,Focused Fund,200015,87.8521,8544.00,0.75,500,1000,1.07,6.52,6.03,7.51,Nifty 500 TRI,Moderate,13.00,0.00,30,Harsha Upadhyaya,3.5 years,Aims to provide capital appreciation by investing in Equity securities,Equity: 97.00% | T-Bills: 3.00%,Nil,HDFC Bank Ltd. (8.8%) | ICICI Bank Ltd. (7.5%) | Reliance Industries Ltd. (6.2%) | Infosys Ltd. (5.8%) | Axis Bank Ltd. (5.1%) | Larsen & Toubro Ltd. (4.5%) | Bharti Airtel Ltd. (4.1%) | Sun Pharmaceutical Industries Ltd. (3.8%) | Tata Consultancy Services Ltd. (3.5%) | State Bank of India (3.2%),25-May-2026,02-Jan-2013,0%,LTCG 12.5% after 2 years for equity,6,Kotak Mahindra Energy Fund - Direct Plan - Growth - Kotak Ma,"Detailed review and analysis of Kotak Mahindra Energy Fund - Direct Plan - Growth (Equity). Compare returns, expenses, holdings and risks. Start investing today",Kotak Mahindra Energy Fund - Direct Plan - Growth | Kotak Mahindra Energy Fund - Direct Plan - Growth review | Equity mutual fund | Equity fund in India | Kotak Mahindra Equity | best Equity funds | Kotak Mahindra Energy Fund - Direct Plan - Growth NAV | Kotak Mahindra Energy Fund - Direct Plan - Growth returns | Kotak Mahindra Energy Fund - Direct Plan - Growth expense ratio | invest in Kotak Mahindra Energy Fund - Direct Plan - Growth | Kotak Mahindra Energy Fund - Direct Plan - Growth SIP | Equity investment 2025 | Kotak Mahindra Energy Fund - Direct Plan - Growth vs Equity | top Equity funds India | Kotak Mahindra Energy Fund - Direct Plan - Growth performance | Kotak Mahindra Energy Fund - Direct Plan - Growth fund manager | Equity fund comparison | buy Kotak Mahindra Energy Fund - Direct Plan - Growth online | Kotak Mahindra Energy Fund - Direct Plan - Growth minimum investment | Equity fund returns India
Kotak Mahindra Pharma Fund - Regular Plan - Growth,Kotak Mahindra,Pharma,Sectoral - Pharma & Healthcare,200016,77.5715,3564.00,1.95,500,1000,0.11,5.46,4.93,7.43,Nifty Pharma TRI,Very High,14.78,-0.07,42,Harsha Upadhyaya,3.5 years,Aims to provide capital appreciation by investing in Pharma securities,Equity: 96.00% | T-Bills: 4.00%,Nil,Sun Pharmaceutical Industries Ltd. (20.5%) | Dr. Reddy's Laboratories Ltd. (12.8%) | Cipla Ltd. (10.4%) | Divi's Laboratories Ltd. (9.8%) | Torrent Pharmaceuticals Ltd. (7.2%) | Aurobindo Pharma Ltd. (5.8%) | Alkem Laboratories Ltd. (5.2%) | Lupin Ltd. (4.9%) | Ipca Laboratories Ltd. (3.8%) | Mankind Pharma Ltd. (3.5%),25-May-2026,02-Apr-2006,0%,LTCG 12.5% after 2 years for equity,6,Kotak Mahindra Pharma Fund - Regular Plan - Growth - Kotak M,"Detailed review and analysis of Kotak Mahindra Pharma Fund - Regular Plan - Growth (Pharma). Compare returns, expenses, holdings and risks. Start investing toda",Kotak Mahindra Pharma Fund - Regular Plan - Growth | Kotak Mahindra Pharma Fund - Regular Plan - Growth review | Pharma mutual fund | Pharma fund in India | Kotak Mahindra Pharma | best Pharma funds | Kotak Mahindra Pharma Fund - Regular Plan - Growth NAV | Kotak Mahindra Pharma Fund - Regular Plan - Growth returns | Kotak Mahindra Pharma Fund - Regular Plan - Growth expense ratio | invest in Kotak Mahindra Pharma Fund - Regular Plan - Growth | Kotak Mahindra Pharma Fund - Regular Plan - Growth SIP | Pharma investment 2025 | Kotak Mahindra Pharma Fund - Regular Plan - Growth vs Pharma | top Pharma funds India | Kotak Mahindra Pharma Fund - Regular Plan - Growth performance | Kotak Mahindra Pharma Fund - Regular Plan - Growth fund manager | Pharma fund comparison | buy Kotak Mahindra Pharma Fund - Regular Plan - Growth online | Kotak Mahindra Pharma Fund - Regular Plan - Growth minimum investment | Pharma fund returns India
Kotak Mahindra Auto Fund - Direct Plan - Growth,Kotak Mahindra,Sectoral,Sectoral - Automotive,200017,162.551,3211.20,0.98,500,1000,9.39,21.91,19.37,20.08,Nifty Auto TRI,Moderate,16.34,0.94,47,Harsha Upadhyaya,3.5 years,Aims to provide capital appreciation by investing in Sectoral securities,Equity: 96.00% | T-Bills: 4.00%,Nil,HDFC Bank Ltd. (8.5%) | ICICI Bank Ltd. (7.2%) | State Bank of India (5.8%) | Axis Bank Ltd. (5.2%) | Kotak Mahindra Bank Ltd. (4.9%) | IndusInd Bank Ltd. (4.5%) | Infosys Ltd. (4.1%) | TCS Ltd. (3.8%) | Bharti Airtel Ltd. (3.5%) | Reliance Industries Ltd. (3.2%),25-May-2026,03-Jan-2013,0%,LTCG 12.5% after 2 years for equity,6,Kotak Mahindra Auto Fund - Direct Plan - Growth - Kotak Mahi,"Detailed review and analysis of Kotak Mahindra Auto Fund - Direct Plan - Growth (Sectoral). Compare returns, expenses, holdings and risks. Start investing today",Kotak Mahindra Auto Fund - Direct Plan - Growth | Kotak Mahindra Auto Fund - Direct Plan - Growth review | Sectoral mutual fund | Sectoral fund in India | Kotak Mahindra Sectoral | best Sectoral funds | Kotak Mahindra Auto Fund - Direct Plan - Growth NAV | Kotak Mahindra Auto Fund - Direct Plan - Growth returns | Kotak Mahindra Auto Fund - Direct Plan - Growth expense ratio | invest in Kotak Mahindra Auto Fund - Direct Plan - Growth | Kotak Mahindra Auto Fund - Direct Plan - Growth SIP | Sectoral investment 2025 | Kotak Mahindra Auto Fund - Direct Plan - Growth vs Sectoral | top Sectoral funds India | Kotak Mahindra Auto Fund - Direct Plan - Growth performance | Kotak Mahindra Auto Fund - Direct Plan - Growth fund manager | Sectoral fund comparison | buy Kotak Mahindra Auto Fund - Direct Plan - Growth online | Kotak Mahindra Auto Fund - Direct Plan - Growth minimum investment | Sectoral fund returns India
Kotak Mahindra Manufacturing Fund - Regular Plan - Growth,Kotak Mahindra,Equity,Focused Fund,200018,10.0871,8572.80,1.75,500,1000,4.94,5.47,4.92,0.32,Nifty 500 TRI,Moderate,13.06,-0.21,30,Harsha Upadhyaya,3.5 years,Aims to provide capital appreciation by investing in Equity securities,Equity: 97.00% | T-Bills: 3.00%,Nil,HDFC Bank Ltd. (8.8%) | ICICI Bank Ltd. (7.5%) | Reliance Industries Ltd. (6.2%) | Infosys Ltd. (5.8%) | Axis Bank Ltd. (5.1%) | Larsen & Toubro Ltd. (4.5%) | Bharti Airtel Ltd. (4.1%) | Sun Pharmaceutical Industries Ltd. (3.8%) | Tata Consultancy Services Ltd. (3.5%) | State Bank of India (3.2%),25-May-2026,26-Jun-2024,0%,LTCG 12.5% after 2 years for equity,6,Kotak Mahindra Manufacturing Fund - Regular Plan - Growth -,"Detailed review and analysis of Kotak Mahindra Manufacturing Fund - Regular Plan - Growth (Equity). Compare returns, expenses, holdings and risks. Start investi",Kotak Mahindra Manufacturing Fund - Regular Plan - Growth | Kotak Mahindra Manufacturing Fund - Regular Plan - Growth review | Equity mutual fund | Equity fund in India | Kotak Mahindra Equity | best Equity funds | Kotak Mahindra Manufacturing Fund - Regular Plan - Growth NAV | Kotak Mahindra Manufacturing Fund - Regular Plan - Growth returns | Kotak Mahindra Manufacturing Fund - Regular Plan - Growth expense ratio | invest in Kotak Mahindra Manufacturing Fund - Regular Plan - Growth | Kotak Mahindra Manufacturing Fund - Regular Plan - Growth SIP | Equity investment 2025 | Kotak Mahindra Manufacturing Fund - Regular Plan - Growth vs Equity | top Equity funds India | Kotak Mahindra Manufacturing Fund - Regular Plan - Growth performance | Kotak Mahindra Manufacturing Fund - Regular Plan - Growth fund manager | Equity fund comparison | buy Kotak Mahindra Manufacturing Fund - Regular Plan - Growth online | Kotak Mahindra Manufacturing Fund - Regular Plan - Growth minimum investment | Equity fund returns India
Mirae Asset Large Cap Fund - Direct Plan - Growth,Mirae Asset,Large Cap,INF769K01AX2,200019,122.899,38239.21,0.57,500,1000,-2,11.03,10.78,14.98,NIFTY 100 Total Return Index,Very High,11.64,0.39,20,Gaurav Misra,7.3 years,Aims to provide capital appreciation by investing in Large Cap securities,Equity: 99.63% | Mutual Fund: 0.17%,Nil,HDFC Bank Ltd. (9.15%) | ICICI Bank Ltd. (8.12%) | Reliance Industries Ltd. (5.76%) | Bharti Airtel Ltd. (4.99%) | Infosys Ltd. (4.09%) | Larsen & Toubro Ltd. (3.47%) | State Bank of India (3.42%) | Axis Bank Ltd. (3.37%) | ITC Ltd. (2.83%) | Eternal Ltd. (2.48%),25-May-2026,02-Jan-2013,0%,LTCG 12.5% after 2 years for equity,7,Mirae Asset Large Cap Fund - Direct Plan - Growth - Mirae As,"Detailed review and analysis of Mirae Asset Large Cap Fund - Direct Plan - Growth (Large Cap). Compare returns, expenses, holdings and risks. Start investing to",Mirae Asset Large Cap Fund - Direct Plan - Growth | Mirae Asset Large Cap Fund - Direct Plan - Growth review | Large Cap mutual fund | Large Cap fund in India | Mirae Asset Large Cap | best Large Cap funds | Mirae Asset Large Cap Fund - Direct Plan - Growth NAV | Mirae Asset Large Cap Fund - Direct Plan - Growth returns | Mirae Asset Large Cap Fund - Direct Plan - Growth expense ratio | invest in Mirae Asset Large Cap Fund - Direct Plan - Growth | Mirae Asset Large Cap Fund - Direct Plan - Growth SIP | Large Cap investment 2025 | Mirae Asset Large Cap Fund - Direct Plan - Growth vs Large Cap | top Large Cap funds India | Mirae Asset Large Cap Fund - Direct Plan - Growth performance | Mirae Asset Large Cap Fund - Direct Plan - Growth fund manager | Large Cap fund comparison | buy Mirae Asset Large Cap Fund - Direct Plan - Growth online | Mirae Asset Large Cap Fund - Direct Plan - Growth minimum investment | Large Cap fund returns India
Mirae Asset Mid Cap Fund - Regular Plan - Growth,Mirae Asset,Mid Cap,INF769K01EY2,200020,38.13,18387.66,1.67,500,1000,2.41,12.03,9.36,13.2,Nifty Midcap 150 TRI,Very High,14.96,0.37,47,Ankit Jain,6.9 years,Aims to provide capital appreciation by investing in Mid Cap securities,Equity: 97.85% | Mutual Fund: 0.26%,Nil,Indusind Bank Ltd. (3.74%) | Bharat Forge Ltd. (3.49%) | Lupin Ltd. (3.47%) | Steel Authority Of India Ltd. (3.15%) | Delhivery Ltd. (3.12%) | Laurus Labs Ltd. (2.88%) | Bharat Heavy Electricals Ltd. (2.82%) | Tata Communications Ltd. (2.72%) | The Federal Bank Ltd. (2.63%) | PB Fintech Ltd. (2.57%),25-May-2026,22-Aug-2023,0%,LTCG 12.5% after 2 years for equity,7,Mirae Asset Mid Cap Fund - Regular Plan - Growth - Mirae Ass,"Detailed review and analysis of Mirae Asset Mid Cap Fund - Regular Plan - Growth (Mid Cap). Compare returns, expenses, holdings and risks. Start investing today",Mirae Asset Mid Cap Fund - Regular Plan - Growth | Mirae Asset Mid Cap Fund - Regular Plan - Growth review | Mid Cap mutual fund | Mid Cap fund in India | Mirae Asset Mid Cap | best Mid Cap funds | Mirae Asset Mid Cap Fund - Regular Plan - Growth NAV | Mirae Asset Mid Cap Fund - Regular Plan - Growth returns | Mirae Asset Mid Cap Fund - Regular Plan - Growth expense ratio | invest in Mirae Asset Mid Cap Fund - Regular Plan - Growth | Mirae Asset Mid Cap Fund - Regular Plan - Growth SIP | Mid Cap investment 2025 | Mirae Asset Mid Cap Fund - Regular Plan - Growth vs Mid Cap | top Mid Cap funds India | Mirae Asset Mid Cap Fund - Regular Plan - Growth performance | Mirae Asset Mid Cap Fund - Regular Plan - Growth fund manager | Mid Cap fund comparison | buy Mirae Asset Mid Cap Fund - Regular Plan - Growth online | Mirae Asset Mid Cap Fund - Regular Plan - Growth minimum investment | Mid Cap fund returns India
Mirae Asset Small Cap Fund - Direct Plan - Growth,Mirae Asset,Small Cap,INF769K01NJ4,200021,11.716,4123.42,0.37,500,1000,8.15,5.16,3.06,12.36,Nifty Smallcap 250 TRI,Very High,17.57,0.42,13,Siddharth Srivastava; Varun Goel,1.4 years,Aims to provide capital appreciation by investing in Small Cap securities,Equity: 97.34%,Nil,Welspun Corp Ltd. (2.96%) | Karur Vysya Bank Ltd. (2.73%) | Cholamandalam Financial Holdings Ltd. (2.68%) | Kirloskar Oil Engines Ltd. (2.66%) | Godawari Power And Ispat Ltd. (2.38%) | Anthem Biosciences Ltd. (2.34%) | Krishna Institute of Medical Sciences Ltd (2.09%) | Crisil Ltd. (2.05%) | Voltamp Transformers Ltd. (2.03%) | Tenneco Clean Air India Ltd (2.02%),25-May-2026,03-Feb-2025,0%,LTCG 12.5% after 2 years for equity,7,Mirae Asset Small Cap Fund - Direct Plan - Growth - Mirae As,"Detailed review and analysis of Mirae Asset Small Cap Fund - Direct Plan - Growth (Small Cap). Compare returns, expenses, holdings and risks. Start investing to",Mirae Asset Small Cap Fund - Direct Plan - Growth | Mirae Asset Small Cap Fund - Direct Plan - Growth review | Small Cap mutual fund | Small Cap fund in India | Mirae Asset Small Cap | best Small Cap funds | Mirae Asset Small Cap Fund - Direct Plan - Growth NAV | Mirae Asset Small Cap Fund - Direct Plan - Growth returns | Mirae Asset Small Cap Fund - Direct Plan - Growth expense ratio | invest in Mirae Asset Small Cap Fund - Direct Plan - Growth | Mirae Asset Small Cap Fund - Direct Plan - Growth SIP | Small Cap investment 2025 | Mirae Asset Small Cap Fund - Direct Plan - Growth vs Small Cap | top Small Cap funds India | Mirae Asset Small Cap Fund - Direct Plan - Growth performance | Mirae Asset Small Cap Fund - Direct Plan - Growth fund manager | Small Cap fund comparison | buy Mirae Asset Small Cap Fund - Direct Plan - Growth online | Mirae Asset Small Cap Fund - Direct Plan - Growth minimum investment | Small Cap fund returns India
Mirae Asset Multi Cap Fund - Regular Plan - Growth,Mirae Asset,Multi Cap,INF769K01KH4,200022,14.131,4954.25,1.88,500,1000,2.41,12.03,9.36,13.2,Nifty 500 Multicap 50:25:25 TRI,Very High,13.50,0.41,101,Ankit Jain,2.8 years,Aims to provide capital appreciation by investing in Multi Cap securities,Equity: 99.52%,Nil,HDFC Bank Ltd. (5.34%) | ICICI Bank Ltd. (3.57%) | Delhivery Ltd. (3.3%) | Axis Bank Ltd. (3.07%) | Indusind Bank Ltd. (2.62%) | Reliance Industries Ltd. (2.49%) | Swiggy Ltd. (2.22%) | Lupin Ltd. (2.02%) | Gland Pharma Ltd. (2.0%) | Tata Consultancy Services Ltd. (1.99%),25-May-2026,22-Aug-2023,0%,LTCG 12.5% after 2 years for equity,7,Mirae Asset Multi Cap Fund - Regular Plan - Growth - Mirae A,"Detailed review and analysis of Mirae Asset Multi Cap Fund - Regular Plan - Growth (Multi Cap). Compare returns, expenses, holdings and risks. Start investing t",Mirae Asset Multi Cap Fund - Regular Plan - Growth | Mirae Asset Multi Cap Fund - Regular Plan - Growth review | Multi Cap mutual fund | Multi Cap fund in India | Mirae Asset Multi Cap | best Multi Cap funds | Mirae Asset Multi Cap Fund - Regular Plan - Growth NAV | Mirae Asset Multi Cap Fund - Regular Plan - Growth returns | Mirae Asset Multi Cap Fund - Regular Plan - Growth expense ratio | invest in Mirae Asset Multi Cap Fund - Regular Plan - Growth | Mirae Asset Multi Cap Fund - Regular Plan - Growth SIP | Multi Cap investment 2025 | Mirae Asset Multi Cap Fund - Regular Plan - Growth vs Multi Cap | top Multi Cap funds India | Mirae Asset Multi Cap Fund - Regular Plan - Growth performance | Mirae Asset Multi Cap Fund - Regular Plan - Growth fund manager | Multi Cap fund comparison | buy Mirae Asset Multi Cap Fund - Regular Plan - Growth online | Mirae Asset Multi Cap Fund - Regular Plan - Growth minimum investment | Multi Cap fund returns India
Mirae Asset Flexi Cap Fund - Direct Plan - Growth,Mirae Asset,Flexi Cap,INF769K01JJ2,200023,16.405,3959.68,0.49,500,1000,3.93,15.34,10.4,16.55,Nifty 500 TRI,Very High,12.91,0.68,28,Varun Goel,2.1 years,Aims to provide capital appreciation by investing in Flexi Cap securities,Equity: 98.02%,Nil,HDFC Bank Ltd. (5.51%) | ICICI Bank Ltd. (5.29%) | Reliance Industries Ltd. (4.72%) | State Bank of India (2.88%) | Bharti Airtel Ltd. (2.38%) | Axis Bank Ltd. (2.16%) | Larsen & Toubro Ltd. (2.1%) | Infosys Ltd. (1.95%) | Multi Commodity Exchange Of India Ltd. (1.76%) | L&T Finance Ltd. (1.62%),25-May-2026,27-Feb-2023,0%,LTCG 12.5% after 2 years for equity,7,Mirae Asset Flexi Cap Fund - Direct Plan - Growth - Mirae As,"Detailed review and analysis of Mirae Asset Flexi Cap Fund - Direct Plan - Growth (Flexi Cap). Compare returns, expenses, holdings and risks. Start investing to",Mirae Asset Flexi Cap Fund - Direct Plan - Growth | Mirae Asset Flexi Cap Fund - Direct Plan - Growth review | Flexi Cap mutual fund | Flexi Cap fund in India | Mirae Asset Flexi Cap | best Flexi Cap funds | Mirae Asset Flexi Cap Fund - Direct Plan - Growth NAV | Mirae Asset Flexi Cap Fund - Direct Plan - Growth returns | Mirae Asset Flexi Cap Fund - Direct Plan - Growth expense ratio | invest in Mirae Asset Flexi Cap Fund - Direct Plan - Growth | Mirae Asset Flexi Cap Fund - Direct Plan - Growth SIP | Flexi Cap investment 2025 | Mirae Asset Flexi Cap Fund - Direct Plan - Growth vs Flexi Cap | top Flexi Cap funds India | Mirae Asset Flexi Cap Fund - Direct Plan - Growth performance | Mirae Asset Flexi Cap Fund - Direct Plan - Growth fund manager | Flexi Cap fund comparison | buy Mirae Asset Flexi Cap Fund - Direct Plan - Growth online | Mirae Asset Flexi Cap Fund - Direct Plan - Growth minimum investment | Flexi Cap fund returns India
Mirae Asset ELSS Tax Saver Fund - Regular Plan - Growth,Mirae Asset,ELSS,INF769K01DK3,200024,48.731,25266.67,1.62,500,1000,2.19,14.73,12.52,16.42,Nifty 500 TRI,Very High,13.85,0.59,69,Neelesh Surana,10.5 years,Aims to provide capital appreciation by investing in ELSS securities,Equity: 99.11% | Mutual Fund: 0.0%,Nil,HDFC Bank Ltd. (9.53%) | ICICI Bank Ltd. (4.84%) | Reliance Industries Ltd. (4.19%) | State Bank of India (3.63%) | Delhivery Ltd. (3.17%) | Laurus Labs Ltd. (3.11%) | Axis Bank Ltd. (3.03%) | Indusind Bank Ltd. (2.84%) | ITC Ltd. (2.8%) | Infosys Ltd. (2.6%),25-May-2026,29-Dec-2015,0%,LTCG 12.5% after 2 years for equity,7,Mirae Asset ELSS Tax Saver Fund - Regular Plan - Growth - Mi,"Detailed review and analysis of Mirae Asset ELSS Tax Saver Fund - Regular Plan - Growth (ELSS). Compare returns, expenses, holdings and risks. Start investing t",Mirae Asset ELSS Tax Saver Fund - Regular Plan - Growth | Mirae Asset ELSS Tax Saver Fund - Regular Plan - Growth review | ELSS mutual fund | ELSS fund in India | Mirae Asset ELSS | best ELSS funds | Mirae Asset ELSS Tax Saver Fund - Regular Plan - Growth NAV | Mirae Asset ELSS Tax Saver Fund - Regular Plan - Growth returns | Mirae Asset ELSS Tax Saver Fund - Regular Plan - Growth expense ratio | invest in Mirae Asset ELSS Tax Saver Fund - Regular Plan - Growth | Mirae Asset ELSS Tax Saver Fund - Regular Plan - Growth SIP | ELSS investment 2025 | Mirae Asset ELSS Tax Saver Fund - Regular Plan - Growth vs ELSS | top ELSS funds India | Mirae Asset ELSS Tax Saver Fund - Regular Plan - Growth performance | Mirae Asset ELSS Tax Saver Fund - Regular Plan - Growth fund manager | ELSS fund comparison | buy Mirae Asset ELSS Tax Saver Fund - Regular Plan - Growth online | Mirae Asset ELSS Tax Saver Fund - Regular Plan - Growth minimum investment | ELSS fund returns India
Mirae Asset Liquid Fund - Direct Plan - Growth,Mirae Asset,Liquid Fund,INF769K01CM1,200025,2939.0335,13590.29,0.09,500,1000,6.15,6.94,6.13,6.71,NIFTY Liquid Index,Low,0.11,4.00,225,Pranavi Kulkarni,0.3 years,Aims to provide capital appreciation by investing in Liquid Fund securities,CP: 50.56% | CD: 25.79% | T-Bills: 19.98% | Debenture: 0.18%,Nil,Reserve Bank of India (4.39%) | Reserve Bank of India (3.67%) | Indian Bank (2.55%) | ICICI Securities Ltd. (2.19%) | Bank Of Baroda (2.19%) | Canara Bank (2.19%) | Reliance Industries Ltd. (2.19%) | National Bank For Agriculture & Rural Development (1.83%) | Ultratech Cement Ltd. (1.83%) | Reserve Bank of India (1.65%),25-May-2026,06-Jan-2013,0%,LTCG 12.5% after 2 years for equity,7,Mirae Asset Liquid Fund - Direct Plan - Growth - Mirae Asset,"Detailed review and analysis of Mirae Asset Liquid Fund - Direct Plan - Growth (Liquid Fund). Compare returns, expenses, holdings and risks. Start investing tod",Mirae Asset Liquid Fund - Direct Plan - Growth | Mirae Asset Liquid Fund - Direct Plan - Growth review | Liquid Fund mutual fund | Liquid Fund fund in India | Mirae Asset Liquid Fund | best Liquid Fund funds | Mirae Asset Liquid Fund - Direct Plan - Growth NAV | Mirae Asset Liquid Fund - Direct Plan - Growth returns | Mirae Asset Liquid Fund - Direct Plan - Growth expense ratio | invest in Mirae Asset Liquid Fund - Direct Plan - Growth | Mirae Asset Liquid Fund - Direct Plan - Growth SIP | Liquid Fund investment 2025 | Mirae Asset Liquid Fund - Direct Plan - Growth vs Liquid Fund | top Liquid Fund funds India | Mirae Asset Liquid Fund - Direct Plan - Growth performance | Mirae Asset Liquid Fund - Direct Plan - Growth fund manager | Liquid Fund fund comparison | buy Mirae Asset Liquid Fund - Direct Plan - Growth online | Mirae Asset Liquid Fund - Direct Plan - Growth minimum investment | Liquid Fund fund returns India
Mirae Asset Debt Fund - Regular Plan - Growth,Mirae Asset,Debt,Short Duration Fund,200026,2886.3917,5766.40,1.05,500,1000,6.04,6.83,6.03,6.29,CRISIL Composite Bond Fund Index,Moderate,2.96,0.11,144,Gaurav Khandelwal,3.5 years,Aims to provide capital appreciation by investing in Debt securities,Debenture: 40.00% | SDL: 30.00% | T-Bills: 20.00% | GOI Sec: 10.00%,Nil,National Bank For Agriculture And Rural Development (5.8%) | Power Finance Corporation Ltd. (5.2%) | Rural Electrification Corporation Ltd. (4.9%) | 7.26% GOI 2032 (4.5%) | State Bank of India (4.1%) | National Highways Authority of India (3.8%) | Housing Development Finance Corporation Ltd. (3.5%) | Indian Railway Finance Corporation Ltd. (3.2%) | HDFC Bank Ltd. (2.9%) | Bajaj Finance Ltd. (2.5%),25-May-2026,13-Jan-2009,0%,LTCG 12.5% after 2 years for equity,7,Mirae Asset Debt Fund - Regular Plan - Growth - Mirae Asset,"Detailed review and analysis of Mirae Asset Debt Fund - Regular Plan - Growth (Debt). Compare returns, expenses, holdings and risks. Start investing today.",Mirae Asset Debt Fund - Regular Plan - Growth | Mirae Asset Debt Fund - Regular Plan - Growth review | Debt mutual fund | Debt fund in India | Mirae Asset Debt | best Debt funds | Mirae Asset Debt Fund - Regular Plan - Growth NAV | Mirae Asset Debt Fund - Regular Plan - Growth returns | Mirae Asset Debt Fund - Regular Plan - Growth expense ratio | invest in Mirae Asset Debt Fund - Regular Plan - Growth | Mirae Asset Debt Fund - Regular Plan - Growth SIP | Debt investment 2025 | Mirae Asset Debt Fund - Regular Plan - Growth vs Debt | top Debt funds India | Mirae Asset Debt Fund - Regular Plan - Growth performance | Mirae Asset Debt Fund - Regular Plan - Growth fund manager | Debt fund comparison | buy Mirae Asset Debt Fund - Regular Plan - Growth online | Mirae Asset Debt Fund - Regular Plan - Growth minimum investment | Debt fund returns India
Mirae Asset Banking Fund - Direct Plan - Growth,Mirae Asset,Banking,Sectoral - Banking & Financial Services,200027,13.6763,5051.20,0.92,500,1000,2.78,6.51,5.68,5.53,Nifty Bank TRI,Very High,15.86,0.00,42,Gaurav Khandelwal,3.5 years,Aims to provide capital appreciation by investing in Banking securities,Equity: 97.00% | T-Bills: 3.00%,Nil,HDFC Bank Ltd. (22.5%) | ICICI Bank Ltd. (19.8%) | State Bank of India (12.4%) | Axis Bank Ltd. (10.8%) | Kotak Mahindra Bank Ltd. (8.5%) | Bank of Baroda (5.2%) | IndusInd Bank Ltd. (4.8%) | Federal Bank Ltd. (3.9%) | AU Small Finance Bank Ltd. (3.5%) | Punjab National Bank (2.8%),25-May-2026,27-Jul-2020,0%,LTCG 12.5% after 2 years for equity,7,Mirae Asset Banking Fund - Direct Plan - Growth - Mirae Asse,"Detailed review and analysis of Mirae Asset Banking Fund - Direct Plan - Growth (Banking). Compare returns, expenses, holdings and risks. Start investing today.",Mirae Asset Banking Fund - Direct Plan - Growth | Mirae Asset Banking Fund - Direct Plan - Growth review | Banking mutual fund | Banking fund in India | Mirae Asset Banking | best Banking funds | Mirae Asset Banking Fund - Direct Plan - Growth NAV | Mirae Asset Banking Fund - Direct Plan - Growth returns | Mirae Asset Banking Fund - Direct Plan - Growth expense ratio | invest in Mirae Asset Banking Fund - Direct Plan - Growth | Mirae Asset Banking Fund - Direct Plan - Growth SIP | Banking investment 2025 | Mirae Asset Banking Fund - Direct Plan - Growth vs Banking | top Banking funds India | Mirae Asset Banking Fund - Direct Plan - Growth performance | Mirae Asset Banking Fund - Direct Plan - Growth fund manager | Banking fund comparison | buy Mirae Asset Banking Fund - Direct Plan - Growth online | Mirae Asset Banking Fund - Direct Plan - Growth minimum investment | Banking fund returns India
Mirae Asset Technology Fund - Regular Plan - Growth,Mirae Asset,Technology,Sectoral - Technology,200028,2886.3917,6501.60,1.98,500,1000,6.04,6.83,6.03,6.29,Nifty IT TRI,Very High,18.43,0.02,48,Gaurav Khandelwal,3.5 years,Aims to provide capital appreciation by investing in Technology securities,Equity: 91.00% | Forgn. Eq: 6.00% | T-Bills: 3.00%,Nil,Infosys Ltd. (18.5%) | Tata Consultancy Services Ltd. (15.2%) | Bharti Airtel Ltd. (12.4%) | HCL Technologies Ltd. (9.8%) | Wipro Ltd. (7.5%) | Tech Mahindra Ltd. (6.2%) | Coforge Ltd. (4.8%) | Mphasis Ltd. (4.2%) | Persistent Systems Ltd. (3.9%) | LTIMindtree Ltd. (3.5%),25-May-2026,13-Jan-2009,0%,LTCG 12.5% after 2 years for equity,7,Mirae Asset Technology Fund - Regular Plan - Growth - Mirae,"Detailed review and analysis of Mirae Asset Technology Fund - Regular Plan - Growth (Technology). Compare returns, expenses, holdings and risks. Start investing",Mirae Asset Technology Fund - Regular Plan - Growth | Mirae Asset Technology Fund - Regular Plan - Growth review | Technology mutual fund | Technology fund in India | Mirae Asset Technology | best Technology funds | Mirae Asset Technology Fund - Regular Plan - Growth NAV | Mirae Asset Technology Fund - Regular Plan - Growth returns | Mirae Asset Technology Fund - Regular Plan - Growth expense ratio | invest in Mirae Asset Technology Fund - Regular Plan - Growth | Mirae Asset Technology Fund - Regular Plan - Growth SIP | Technology investment 2025 | Mirae Asset Technology Fund - Regular Plan - Growth vs Technology | top Technology funds India | Mirae Asset Technology Fund - Regular Plan - Growth performance | Mirae Asset Technology Fund - Regular Plan - Growth fund manager | Technology fund comparison | buy Mirae Asset Technology Fund - Regular Plan - Growth online | Mirae Asset Technology Fund - Regular Plan - Growth minimum investment | Technology fund returns India
Mirae Asset Infrastructure Fund - Direct Plan - Growth,Mirae Asset,Thematic,INF769K01PV4,200029,10.789,398.4,1.16,500,1000,0.29,24.55,23.09,,Nifty Infrastructure TRI,Very High,15.57,1.16,43,Bharti Sawant,0.5 years,Aims to provide capital appreciation by investing in Thematic securities,Equity: 96.54%,Nil,Larsen & Toubro Ltd. (7.98%) | NTPC Ltd. (7.0%) | Adani Ports and Special Economic Zone Ltd. (6.82%) | Power Finance Corporation Ltd. (4.75%) | JSW Energy Ltd. (4.02%) | Interglobe Aviation Ltd. (3.7%) | Bharat Electronics Ltd. (3.24%) | Delhivery Ltd. (3.15%) | Bharti Airtel Ltd. (3.12%) | Kalpataru Projects International Ltd. (2.98%),25-May-2026,08-Dec-2025,0%,LTCG 12.5% after 2 years for equity,7,Mirae Asset Infrastructure Fund - Direct Plan - Growth - Mir,"Detailed review and analysis of Mirae Asset Infrastructure Fund - Direct Plan - Growth (Thematic). Compare returns, expenses, holdings and risks. Start investin",Mirae Asset Infrastructure Fund - Direct Plan - Growth | Mirae Asset Infrastructure Fund - Direct Plan - Growth review | Thematic mutual fund | Thematic fund in India | Mirae Asset Thematic | best Thematic funds | Mirae Asset Infrastructure Fund - Direct Plan - Growth NAV | Mirae Asset Infrastructure Fund - Direct Plan - Growth returns | Mirae Asset Infrastructure Fund - Direct Plan - Growth expense ratio | invest in Mirae Asset Infrastructure Fund - Direct Plan - Growth | Mirae Asset Infrastructure Fund - Direct Plan - Growth SIP | Thematic investment 2025 | Mirae Asset Infrastructure Fund - Direct Plan - Growth vs Thematic | top Thematic funds India | Mirae Asset Infrastructure Fund - Direct Plan - Growth performance | Mirae Asset Infrastructure Fund - Direct Plan - Growth fund manager | Thematic fund comparison | buy Mirae Asset Infrastructure Fund - Direct Plan - Growth online | Mirae Asset Infrastructure Fund - Direct Plan - Growth minimum investment | Thematic fund returns India
Mirae Asset Dividend Fund - Regular Plan - Growth,Mirae Asset,Thematic,Thematic - Dividend Yield,200030,2886.3917,3982.00,1.92,500,1000,6.04,6.83,6.03,6.29,Nifty Dividend Opportunities 50 TRI,Moderate,15.60,0.02,43,Gaurav Khandelwal,3.5 years,Aims to provide capital appreciation by investing in Thematic securities,Equity: 95.00% | T-Bills: 5.00%,Nil,HDFC Bank Ltd. (5.8%) | ICICI Bank Ltd. (5.2%) | Larsen & Toubro Ltd. (4.9%) | Reliance Industries Ltd. (4.5%) | Infosys Ltd. (4.1%) | Bharti Airtel Ltd. (3.8%) | Axis Bank Ltd. (3.5%) | State Bank of India (3.2%) | Tata Motors Ltd. (2.9%) | Adani Ports & SEZ Ltd. (2.6%),25-May-2026,13-Jan-2009,0%,LTCG 12.5% after 2 years for equity,7,Mirae Asset Dividend Fund - Regular Plan - Growth - Mirae As,"Detailed review and analysis of Mirae Asset Dividend Fund - Regular Plan - Growth (Thematic). Compare returns, expenses, holdings and risks. Start investing tod",Mirae Asset Dividend Fund - Regular Plan - Growth | Mirae Asset Dividend Fund - Regular Plan - Growth review | Thematic mutual fund | Thematic fund in India | Mirae Asset Thematic | best Thematic funds | Mirae Asset Dividend Fund - Regular Plan - Growth NAV | Mirae Asset Dividend Fund - Regular Plan - Growth returns | Mirae Asset Dividend Fund - Regular Plan - Growth expense ratio | invest in Mirae Asset Dividend Fund - Regular Plan - Growth | Mirae Asset Dividend Fund - Regular Plan - Growth SIP | Thematic investment 2025 | Mirae Asset Dividend Fund - Regular Plan - Growth vs Thematic | top Thematic funds India | Mirae Asset Dividend Fund - Regular Plan - Growth performance | Mirae Asset Dividend Fund - Regular Plan - Growth fund manager | Thematic fund comparison | buy Mirae Asset Dividend Fund - Regular Plan - Growth online | Mirae Asset Dividend Fund - Regular Plan - Growth minimum investment | Thematic fund returns India
Mirae Asset Balanced Advantage Fund - Direct Plan - Growth,Mirae Asset,Balanced Hybrid,INF769K01IN6,200031,15.057,2067.51,0.72,500,1000,3.89,12.05,8.49,11.39,Nifty 50 Hybrid Composite Debt 65:35 Index,Moderately High,8.86,0.63,241,Basant Bafna; Harshad Borawake,3.8 years,Aims to provide capital appreciation by investing in Balanced Hybrid securities,Equity: 68.48% | GOI Sec: 8.79% | Debenture: 8.47% | Debt: 4.22% | NCD: 2.39% | Bonds/NCD: 1.21% | SDL: 1.14% | CD: 0.69% | Futures: -13.22%,Nil,HDFC Bank Ltd. (5.22%) | GOI (3.43%) | ICICI Bank Ltd. (3.33%) | Bharti Airtel Ltd. (3.09%) | State Bank of India (3.0%) | Reliance Industries Ltd. (2.84%) | Cholamandalam Financial Holdings Ltd. (2.36%) | Larsen & Toubro Ltd. (1.87%) | Mahindra & Mahindra Ltd. (1.75%) | GOI (1.67%),25-May-2026,12-Aug-2022,0%,LTCG 12.5% after 2 years for equity,7,Mirae Asset Balanced Advantage Fund - Direct Plan - Growth -,"Detailed review and analysis of Mirae Asset Balanced Advantage Fund - Direct Plan - Growth (Balanced Hybrid). Compare returns, expenses, holdings and risks. Sta",Mirae Asset Balanced Advantage Fund - Direct Plan - Growth | Mirae Asset Balanced Advantage Fund - Direct Plan - Growth review | Balanced Hybrid mutual fund | Balanced Hybrid fund in India | Mirae Asset Balanced Hybrid | best Balanced Hybrid funds | Mirae Asset Balanced Advantage Fund - Direct Plan - Growth NAV | Mirae Asset Balanced Advantage Fund - Direct Plan - Growth returns | Mirae Asset Balanced Advantage Fund - Direct Plan - Growth expense ratio | invest in Mirae Asset Balanced Advantage Fund - Direct Plan - Growth | Mirae Asset Balanced Advantage Fund - Direct Plan - Growth SIP | Balanced Hybrid investment 2025 | Mirae Asset Balanced Advantage Fund - Direct Plan - Growth vs Balanced Hybrid | top Balanced Hybrid funds India | Mirae Asset Balanced Advantage Fund - Direct Plan - Growth performance | Mirae Asset Balanced Advantage Fund - Direct Plan - Growth fund manager | Balanced Hybrid fund comparison | buy Mirae Asset Balanced Advantage Fund - Direct Plan - Growth online | Mirae Asset Balanced Advantage Fund - Direct Plan - Growth minimum investment | Balanced Hybrid fund returns India
Mirae Asset International Fund - Regular Plan - Growth,Mirae Asset,International,Fund of Funds - Overseas,200032,10.135,2539.60,2.05,500,1000,-3.89,0,0,0.75,MSCI World Index,Very High,14.22,-4.85,17,Gaurav Khandelwal,3.5 years,Aims to provide capital appreciation by investing in International securities,Forgn. Eq: 95.00% | Cash & Equivalents: 5.00%,Nil,Apple Inc. (8.5%) | Microsoft Corp. (7.8%) | Alphabet Inc Class A (6.9%) | Amazon.com Inc. (5.2%) | NVIDIA Corp. (4.8%) | Meta Platforms Inc. (4.2%) | Tesla Inc. (3.9%) | Berkshire Hathaway Inc. (3.5%) | UnitedHealth Group Inc. (3.1%) | Johnson & Johnson (2.8%),25-May-2026,09-Dec-2024,0%,LTCG 12.5% after 2 years for equity,7,Mirae Asset International Fund - Regular Plan - Growth - Mir,"Detailed review and analysis of Mirae Asset International Fund - Regular Plan - Growth (International). Compare returns, expenses, holdings and risks. Start inv",Mirae Asset International Fund - Regular Plan - Growth | Mirae Asset International Fund - Regular Plan - Growth review | International mutual fund | International fund in India | Mirae Asset International | best International funds | Mirae Asset International Fund - Regular Plan - Growth NAV | Mirae Asset International Fund - Regular Plan - Growth returns | Mirae Asset International Fund - Regular Plan - Growth expense ratio | invest in Mirae Asset International Fund - Regular Plan - Growth | Mirae Asset International Fund - Regular Plan - Growth SIP | International investment 2025 | Mirae Asset International Fund - Regular Plan - Growth vs International | top International funds India | Mirae Asset International Fund - Regular Plan - Growth performance | Mirae Asset International Fund - Regular Plan - Growth fund manager | International fund comparison | buy Mirae Asset International Fund - Regular Plan - Growth online | Mirae Asset International Fund - Regular Plan - Growth minimum investment | International fund returns India
Mirae Asset Energy Fund - Direct Plan - Growth,Mirae Asset,Equity,Focused Fund,200033,122.899,8716.80,0.75,500,1000,-2,11.03,10.78,14.98,Nifty 500 TRI,Moderate,13.41,0.34,35,Gaurav Khandelwal,3.5 years,Aims to provide capital appreciation by investing in Equity securities,Equity: 97.00% | T-Bills: 3.00%,Nil,HDFC Bank Ltd. (8.8%) | ICICI Bank Ltd. (7.5%) | Reliance Industries Ltd. (6.2%) | Infosys Ltd. (5.8%) | Axis Bank Ltd. (5.1%) | Larsen & Toubro Ltd. (4.5%) | Bharti Airtel Ltd. (4.1%) | Sun Pharmaceutical Industries Ltd. (3.8%) | Tata Consultancy Services Ltd. (3.5%) | State Bank of India (3.2%),25-May-2026,02-Jan-2013,0%,LTCG 12.5% after 2 years for equity,7,Mirae Asset Energy Fund - Direct Plan - Growth - Mirae Asset,"Detailed review and analysis of Mirae Asset Energy Fund - Direct Plan - Growth (Equity). Compare returns, expenses, holdings and risks. Start investing today.",Mirae Asset Energy Fund - Direct Plan - Growth | Mirae Asset Energy Fund - Direct Plan - Growth review | Equity mutual fund | Equity fund in India | Mirae Asset Equity | best Equity funds | Mirae Asset Energy Fund - Direct Plan - Growth NAV | Mirae Asset Energy Fund - Direct Plan - Growth returns | Mirae Asset Energy Fund - Direct Plan - Growth expense ratio | invest in Mirae Asset Energy Fund - Direct Plan - Growth | Mirae Asset Energy Fund - Direct Plan - Growth SIP | Equity investment 2025 | Mirae Asset Energy Fund - Direct Plan - Growth vs Equity | top Equity funds India | Mirae Asset Energy Fund - Direct Plan - Growth performance | Mirae Asset Energy Fund - Direct Plan - Growth fund manager | Equity fund comparison | buy Mirae Asset Energy Fund - Direct Plan - Growth online | Mirae Asset Energy Fund - Direct Plan - Growth minimum investment | Equity fund returns India
Mirae Asset Pharma Fund - Regular Plan - Growth,Mirae Asset,Pharma,Sectoral - Pharma & Healthcare,200034,14.131,3636.00,1.95,500,1000,2.41,12.03,0,13.2,Nifty Pharma TRI,Very High,15.32,0.36,47,Gaurav Khandelwal,3.5 years,Aims to provide capital appreciation by investing in Pharma securities,Equity: 96.00% | T-Bills: 4.00%,Nil,Sun Pharmaceutical Industries Ltd. (20.5%) | Dr. Reddy's Laboratories Ltd. (12.8%) | Cipla Ltd. (10.4%) | Divi's Laboratories Ltd. (9.8%) | Torrent Pharmaceuticals Ltd. (7.2%) | Aurobindo Pharma Ltd. (5.8%) | Alkem Laboratories Ltd. (5.2%) | Lupin Ltd. (4.9%) | Ipca Laboratories Ltd. (3.8%) | Mankind Pharma Ltd. (3.5%),25-May-2026,22-Aug-2023,0%,LTCG 12.5% after 2 years for equity,7,Mirae Asset Pharma Fund - Regular Plan - Growth - Mirae Asse,"Detailed review and analysis of Mirae Asset Pharma Fund - Regular Plan - Growth (Pharma). Compare returns, expenses, holdings and risks. Start investing today.",Mirae Asset Pharma Fund - Regular Plan - Growth | Mirae Asset Pharma Fund - Regular Plan - Growth review | Pharma mutual fund | Pharma fund in India | Mirae Asset Pharma | best Pharma funds | Mirae Asset Pharma Fund - Regular Plan - Growth NAV | Mirae Asset Pharma Fund - Regular Plan - Growth returns | Mirae Asset Pharma Fund - Regular Plan - Growth expense ratio | invest in Mirae Asset Pharma Fund - Regular Plan - Growth | Mirae Asset Pharma Fund - Regular Plan - Growth SIP | Pharma investment 2025 | Mirae Asset Pharma Fund - Regular Plan - Growth vs Pharma | top Pharma funds India | Mirae Asset Pharma Fund - Regular Plan - Growth performance | Mirae Asset Pharma Fund - Regular Plan - Growth fund manager | Pharma fund comparison | buy Mirae Asset Pharma Fund - Regular Plan - Growth online | Mirae Asset Pharma Fund - Regular Plan - Growth minimum investment | Pharma fund returns India
Mirae Asset Auto Fund - Direct Plan - Growth,Mirae Asset,Sectoral,Sectoral - Automotive,200035,14.718,3276.00,0.98,500,1000,3.87,13.56,0,14.88,Nifty Auto TRI,Moderate,16.98,0.42,54,Gaurav Khandelwal,3.5 years,Aims to provide capital appreciation by investing in Sectoral securities,Equity: 96.00% | T-Bills: 4.00%,Nil,HDFC Bank Ltd. (8.5%) | ICICI Bank Ltd. (7.2%) | State Bank of India (5.8%) | Axis Bank Ltd. (5.2%) | Kotak Mahindra Bank Ltd. (4.9%) | IndusInd Bank Ltd. (4.5%) | Infosys Ltd. (4.1%) | TCS Ltd. (3.8%) | Bharti Airtel Ltd. (3.5%) | Reliance Industries Ltd. (3.2%),25-May-2026,22-Aug-2023,0%,LTCG 12.5% after 2 years for equity,7,Mirae Asset Auto Fund - Direct Plan - Growth - Mirae Asset R,"Detailed review and analysis of Mirae Asset Auto Fund - Direct Plan - Growth (Sectoral). Compare returns, expenses, holdings and risks. Start investing today.",Mirae Asset Auto Fund - Direct Plan - Growth | Mirae Asset Auto Fund - Direct Plan - Growth review | Sectoral mutual fund | Sectoral fund in India | Mirae Asset Sectoral | best Sectoral funds | Mirae Asset Auto Fund - Direct Plan - Growth NAV | Mirae Asset Auto Fund - Direct Plan - Growth returns | Mirae Asset Auto Fund - Direct Plan - Growth expense ratio | invest in Mirae Asset Auto Fund - Direct Plan - Growth | Mirae Asset Auto Fund - Direct Plan - Growth SIP | Sectoral investment 2025 | Mirae Asset Auto Fund - Direct Plan - Growth vs Sectoral | top Sectoral funds India | Mirae Asset Auto Fund - Direct Plan - Growth performance | Mirae Asset Auto Fund - Direct Plan - Growth fund manager | Sectoral fund comparison | buy Mirae Asset Auto Fund - Direct Plan - Growth online | Mirae Asset Auto Fund - Direct Plan - Growth minimum investment | Sectoral fund returns India
Mirae Asset Manufacturing Fund - Regular Plan - Growth,Mirae Asset,Equity,Focused Fund,200036,19.777,8745.60,1.75,500,1000,10.44,21.98,0,16.87,Nifty 500 TRI,Moderate,13.48,1.15,36,Gaurav Khandelwal,3.5 years,Aims to provide capital appreciation by investing in Equity securities,Equity: 97.00% | T-Bills: 3.00%,Nil,HDFC Bank Ltd. (8.8%) | ICICI Bank Ltd. (7.5%) | Reliance Industries Ltd. (6.2%) | Infosys Ltd. (5.8%) | Axis Bank Ltd. (5.1%) | Larsen & Toubro Ltd. (4.5%) | Bharti Airtel Ltd. (4.1%) | Sun Pharmaceutical Industries Ltd. (3.8%) | Tata Consultancy Services Ltd. (3.5%) | State Bank of India (3.2%),25-May-2026,01-Feb-2022,0%,LTCG 12.5% after 2 years for equity,7,Mirae Asset Manufacturing Fund - Regular Plan - Growth - Mir,"Detailed review and analysis of Mirae Asset Manufacturing Fund - Regular Plan - Growth (Equity). Compare returns, expenses, holdings and risks. Start investing ",Mirae Asset Manufacturing Fund - Regular Plan - Growth | Mirae Asset Manufacturing Fund - Regular Plan - Growth review | Equity mutual fund | Equity fund in India | Mirae Asset Equity | best Equity funds | Mirae Asset Manufacturing Fund - Regular Plan - Growth NAV | Mirae Asset Manufacturing Fund - Regular Plan - Growth returns | Mirae Asset Manufacturing Fund - Regular Plan - Growth expense ratio | invest in Mirae Asset Manufacturing Fund - Regular Plan - Growth | Mirae Asset Manufacturing Fund - Regular Plan - Growth SIP | Equity investment 2025 | Mirae Asset Manufacturing Fund - Regular Plan - Growth vs Equity | top Equity funds India | Mirae Asset Manufacturing Fund - Regular Plan - Growth performance | Mirae Asset Manufacturing Fund - Regular Plan - Growth fund manager | Equity fund comparison | buy Mirae Asset Manufacturing Fund - Regular Plan - Growth online | Mirae Asset Manufacturing Fund - Regular Plan - Growth minimum investment | Equity fund returns India
DSP Mutual Fund Large Cap Fund - Direct Plan - Growth,DSP Mutual Fund,Large Cap,Large Cap Fund,200037,497.217,18240.00,0.52,500,1000,-4.02,14.7,12.03,11.65,Nifty 50,Very High,11.97,0.69,23,Atul Bhole,3.5 years,Aims to provide capital appreciation by investing in Large Cap securities,Equity: 96.00% | T-Bills: 4.00%,Nil,HDFC Bank Ltd. (8.5%) | ICICI Bank Ltd. (7.8%) | Reliance Industries Ltd. (6.9%) | Infosys Ltd. (5.2%) | Larsen & Toubro Ltd. (4.8%) | Axis Bank Ltd. (3.9%) | Tata Consultancy Services Ltd. (3.7%) | Bharti Airtel Ltd. (3.4%) | State Bank of India (3.1%) | ITC Ltd. (2.8%),25-May-2026,02-Jan-2013,0%,LTCG 12.5% after 2 years for equity,8,DSP Mutual Fund Large Cap Fund - Direct Plan - Growth - DSP,"Detailed review and analysis of DSP Mutual Fund Large Cap Fund - Direct Plan - Growth (Large Cap). Compare returns, expenses, holdings and risks. Start investin",DSP Mutual Fund Large Cap Fund - Direct Plan - Growth | DSP Mutual Fund Large Cap Fund - Direct Plan - Growth review | Large Cap mutual fund | Large Cap fund in India | DSP Mutual Fund Large Cap | best Large Cap funds | DSP Mutual Fund Large Cap Fund - Direct Plan - Growth NAV | DSP Mutual Fund Large Cap Fund - Direct Plan - Growth returns | DSP Mutual Fund Large Cap Fund - Direct Plan - Growth expense ratio | invest in DSP Mutual Fund Large Cap Fund - Direct Plan - Growth | DSP Mutual Fund Large Cap Fund - Direct Plan - Growth SIP | Large Cap investment 2025 | DSP Mutual Fund Large Cap Fund - Direct Plan - Growth vs Large Cap | top Large Cap funds India | DSP Mutual Fund Large Cap Fund - Direct Plan - Growth performance | DSP Mutual Fund Large Cap Fund - Direct Plan - Growth fund manager | Large Cap fund comparison | buy DSP Mutual Fund Large Cap Fund - Direct Plan - Growth online | DSP Mutual Fund Large Cap Fund - Direct Plan - Growth minimum investment | Large Cap fund returns India
DSP Mutual Fund Mid Cap Fund - Regular Plan - Growth,DSP Mutual Fund,Mid Cap,Mid Cap Fund,200038,95.0599,10956.00,1.75,500,1000,-2.6,5.29,4.99,7.48,Nifty Midcap 150 TRI,Very High,15.46,-0.08,32,Atul Bhole,3.5 years,Aims to provide capital appreciation by investing in Mid Cap securities,Equity: 94.00% | T-Bills: 6.00%,Nil,Voltas Ltd. (3.8%) | Mphasis Ltd. (3.5%) | Coforge Ltd. (3.2%) | Sundram Fasteners Ltd. (2.9%) | Persistent Systems Ltd. (2.7%) | Zydus Lifesciences Ltd. (2.5%) | Crompton Greaves Consumer Electricals Ltd. (2.4%) | Oberoi Realty Ltd. (2.2%) | Tube Investments of India Ltd. (2.1%) | Emami Ltd. (2.0%),25-May-2026,03-Apr-2006,0%,LTCG 12.5% after 2 years for equity,8,DSP Mutual Fund Mid Cap Fund - Regular Plan - Growth - DSP M,"Detailed review and analysis of DSP Mutual Fund Mid Cap Fund - Regular Plan - Growth (Mid Cap). Compare returns, expenses, holdings and risks. Start investing t",DSP Mutual Fund Mid Cap Fund - Regular Plan - Growth | DSP Mutual Fund Mid Cap Fund - Regular Plan - Growth review | Mid Cap mutual fund | Mid Cap fund in India | DSP Mutual Fund Mid Cap | best Mid Cap funds | DSP Mutual Fund Mid Cap Fund - Regular Plan - Growth NAV | DSP Mutual Fund Mid Cap Fund - Regular Plan - Growth returns | DSP Mutual Fund Mid Cap Fund - Regular Plan - Growth expense ratio | invest in DSP Mutual Fund Mid Cap Fund - Regular Plan - Growth | DSP Mutual Fund Mid Cap Fund - Regular Plan - Growth SIP | Mid Cap investment 2025 | DSP Mutual Fund Mid Cap Fund - Regular Plan - Growth vs Mid Cap | top Mid Cap funds India | DSP Mutual Fund Mid Cap Fund - Regular Plan - Growth performance | DSP Mutual Fund Mid Cap Fund - Regular Plan - Growth fund manager | Mid Cap fund comparison | buy DSP Mutual Fund Mid Cap Fund - Regular Plan - Growth online | DSP Mutual Fund Mid Cap Fund - Regular Plan - Growth minimum investment | Mid Cap fund returns India
DSP Mutual Fund Small Cap Fund - Direct Plan - Growth,DSP Mutual Fund,Small Cap,Small Cap Fund,200039,226.029,8774.40,0.82,500,1000,9.07,20.44,18.91,20.97,Nifty Smallcap 250 TRI,Very High,18.15,0.77,26,Atul Bhole,3.5 years,Aims to provide capital appreciation by investing in Small Cap securities,Equity: 91.00% | Cash & Equivalents: 9.00%,Nil,Aarti Drugs Ltd. (3.2%) | Hatsun Agro Product Ltd. (2.9%) | National Aluminium Company Ltd. (2.7%) | VST Tillers Tractors Ltd. (2.5%) | Repco Home Finance Ltd. (2.3%) | RACL Geartech Ltd. (2.1%) | Neuland Laboratories Ltd. (2.0%) | Mold-Tek Packaging Ltd. (1.9%) | NIIT Learning Systems Ltd. (1.8%) | Nuvama Wealth Management Ltd. (1.7%),25-May-2026,02-Jan-2013,0%,LTCG 12.5% after 2 years for equity,8,DSP Mutual Fund Small Cap Fund - Direct Plan - Growth - DSP,"Detailed review and analysis of DSP Mutual Fund Small Cap Fund - Direct Plan - Growth (Small Cap). Compare returns, expenses, holdings and risks. Start investin",DSP Mutual Fund Small Cap Fund - Direct Plan - Growth | DSP Mutual Fund Small Cap Fund - Direct Plan - Growth review | Small Cap mutual fund | Small Cap fund in India | DSP Mutual Fund Small Cap | best Small Cap funds | DSP Mutual Fund Small Cap Fund - Direct Plan - Growth NAV | DSP Mutual Fund Small Cap Fund - Direct Plan - Growth returns | DSP Mutual Fund Small Cap Fund - Direct Plan - Growth expense ratio | invest in DSP Mutual Fund Small Cap Fund - Direct Plan - Growth | DSP Mutual Fund Small Cap Fund - Direct Plan - Growth SIP | Small Cap investment 2025 | DSP Mutual Fund Small Cap Fund - Direct Plan - Growth vs Small Cap | top Small Cap funds India | DSP Mutual Fund Small Cap Fund - Direct Plan - Growth performance | DSP Mutual Fund Small Cap Fund - Direct Plan - Growth fund manager | Small Cap fund comparison | buy DSP Mutual Fund Small Cap Fund - Direct Plan - Growth online | DSP Mutual Fund Small Cap Fund - Direct Plan - Growth minimum investment | Small Cap fund returns India
DSP Mutual Fund Multi Cap Fund - Regular Plan - Growth,DSP Mutual Fund,Multi Cap,Multi Cap Fund,200040,19.0138,13176.00,1.68,500,1000,5.23,20.86,11.2,21.47,Nifty 500 Multicap 50:25:25 TRI,Very High,13.95,1.03,39,Atul Bhole,3.5 years,Aims to provide capital appreciation by investing in Multi Cap securities,Equity: 97.00% | T-Bills: 3.00%,Nil,HDFC Bank Ltd. (6.5%) | ICICI Bank Ltd. (5.8%) | Reliance Industries Ltd. (4.9%) | Infosys Ltd. (4.2%) | Axis Bank Ltd. (3.6%) | Larsen & Toubro Ltd. (3.2%) | Tata Consultancy Services Ltd. (2.9%) | Bharti Airtel Ltd. (2.7%) | State Bank of India (2.4%) | Sun Pharmaceutical Industries Ltd. (2.2%),25-May-2026,03-Feb-2023,0%,LTCG 12.5% after 2 years for equity,8,DSP Mutual Fund Multi Cap Fund - Regular Plan - Growth - DSP,"Detailed review and analysis of DSP Mutual Fund Multi Cap Fund - Regular Plan - Growth (Multi Cap). Compare returns, expenses, holdings and risks. Start investi",DSP Mutual Fund Multi Cap Fund - Regular Plan - Growth | DSP Mutual Fund Multi Cap Fund - Regular Plan - Growth review | Multi Cap mutual fund | Multi Cap fund in India | DSP Mutual Fund Multi Cap | best Multi Cap funds | DSP Mutual Fund Multi Cap Fund - Regular Plan - Growth NAV | DSP Mutual Fund Multi Cap Fund - Regular Plan - Growth returns | DSP Mutual Fund Multi Cap Fund - Regular Plan - Growth expense ratio | invest in DSP Mutual Fund Multi Cap Fund - Regular Plan - Growth | DSP Mutual Fund Multi Cap Fund - Regular Plan - Growth SIP | Multi Cap investment 2025 | DSP Mutual Fund Multi Cap Fund - Regular Plan - Growth vs Multi Cap | top Multi Cap funds India | DSP Mutual Fund Multi Cap Fund - Regular Plan - Growth performance | DSP Mutual Fund Multi Cap Fund - Regular Plan - Growth fund manager | Multi Cap fund comparison | buy DSP Mutual Fund Multi Cap Fund - Regular Plan - Growth online | DSP Mutual Fund Multi Cap Fund - Regular Plan - Growth minimum investment | Multi Cap fund returns India
DSP Mutual Fund Flexi Cap Fund - Direct Plan - Growth,DSP Mutual Fund,Flexi Cap,Flexi Cap Fund,200041,110.791,10259.20,0.72,500,1000,-2.38,14.63,12.31,14.46,Nifty 500 TRI,Very High,13.30,0.61,35,Atul Bhole,3.5 years,Aims to provide capital appreciation by investing in Flexi Cap securities,Equity: 95.00% | T-Bills: 5.00%,Nil,HDFC Bank Ltd. (8.2%) | ICICI Bank Ltd. (6.9%) | Infosys Ltd. (5.5%) | Reliance Industries Ltd. (5.1%) | Axis Bank Ltd. (4.2%) | Larsen & Toubro Ltd. (3.8%) | Tata Consultancy Services Ltd. (3.4%) | Bharti Airtel Ltd. (3.1%) | Sun Pharmaceutical Industries Ltd. (2.8%) | Kotak Mahindra Bank Ltd. (2.5%),25-May-2026,02-Jan-2013,0%,LTCG 12.5% after 2 years for equity,8,DSP Mutual Fund Flexi Cap Fund - Direct Plan - Growth - DSP,"Detailed review and analysis of DSP Mutual Fund Flexi Cap Fund - Direct Plan - Growth (Flexi Cap). Compare returns, expenses, holdings and risks. Start investin",DSP Mutual Fund Flexi Cap Fund - Direct Plan - Growth | DSP Mutual Fund Flexi Cap Fund - Direct Plan - Growth review | Flexi Cap mutual fund | Flexi Cap fund in India | DSP Mutual Fund Flexi Cap | best Flexi Cap funds | DSP Mutual Fund Flexi Cap Fund - Direct Plan - Growth NAV | DSP Mutual Fund Flexi Cap Fund - Direct Plan - Growth returns | DSP Mutual Fund Flexi Cap Fund - Direct Plan - Growth expense ratio | invest in DSP Mutual Fund Flexi Cap Fund - Direct Plan - Growth | DSP Mutual Fund Flexi Cap Fund - Direct Plan - Growth SIP | Flexi Cap investment 2025 | DSP Mutual Fund Flexi Cap Fund - Direct Plan - Growth vs Flexi Cap | top Flexi Cap funds India | DSP Mutual Fund Flexi Cap Fund - Direct Plan - Growth performance | DSP Mutual Fund Flexi Cap Fund - Direct Plan - Growth fund manager | Flexi Cap fund comparison | buy DSP Mutual Fund Flexi Cap Fund - Direct Plan - Growth online | DSP Mutual Fund Flexi Cap Fund - Direct Plan - Growth minimum investment | Flexi Cap fund returns India
DSP Mutual Fund ELSS Tax Saver Fund - Regular Plan - Growth,DSP Mutual Fund,ELSS,ELSS (Tax Saving),200042,134.992,7336.00,1.85,500,1000,-2.88,16.38,13.7,14.2,Nifty 500 TRI,Very High,14.30,0.69,30,Atul Bhole,3.5 years,Aims to provide capital appreciation by investing in ELSS securities,Equity: 96.00% | T-Bills: 4.00%,Nil,ICICI Bank Ltd. (8.5%) | HDFC Bank Ltd. (7.2%) | Infosys Ltd. (5.8%) | Reliance Industries Ltd. (5.2%) | Axis Bank Ltd. (4.9%) | Kotak Mahindra Bank Ltd. (4.3%) | Sun Pharmaceutical Industries Ltd. (3.9%) | Bharti Airtel Ltd. (3.5%) | Larsen & Toubro Ltd. (3.2%) | Tata Consultancy Services Ltd. (2.9%),25-May-2026,22-Jan-2007,0%,LTCG 12.5% after 2 years for equity,8,DSP Mutual Fund ELSS Tax Saver Fund - Regular Plan - Growth,"Detailed review and analysis of DSP Mutual Fund ELSS Tax Saver Fund - Regular Plan - Growth (ELSS). Compare returns, expenses, holdings and risks. Start investi",DSP Mutual Fund ELSS Tax Saver Fund - Regular Plan - Growth | DSP Mutual Fund ELSS Tax Saver Fund - Regular Plan - Growth review | ELSS mutual fund | ELSS fund in India | DSP Mutual Fund ELSS | best ELSS funds | DSP Mutual Fund ELSS Tax Saver Fund - Regular Plan - Growth NAV | DSP Mutual Fund ELSS Tax Saver Fund - Regular Plan - Growth returns | DSP Mutual Fund ELSS Tax Saver Fund - Regular Plan - Growth expense ratio | invest in DSP Mutual Fund ELSS Tax Saver Fund - Regular Plan - Growth | DSP Mutual Fund ELSS Tax Saver Fund - Regular Plan - Growth SIP | ELSS investment 2025 | DSP Mutual Fund ELSS Tax Saver Fund - Regular Plan - Growth vs ELSS | top ELSS funds India | DSP Mutual Fund ELSS Tax Saver Fund - Regular Plan - Growth performance | DSP Mutual Fund ELSS Tax Saver Fund - Regular Plan - Growth fund manager | ELSS fund comparison | buy DSP Mutual Fund ELSS Tax Saver Fund - Regular Plan - Growth online | DSP Mutual Fund ELSS Tax Saver Fund - Regular Plan - Growth minimum investment | ELSS fund returns India
DSP Mutual Fund Liquid Fund - Direct Plan - Growth,DSP Mutual Fund,Liquid Fund,Liquid Fund,200043,89.7736,33048.00,0.12,500,1000,2.95,6.77,5.92,6.91,NIFTY Liquid Index,Low,0.12,2.25,243,Atul Bhole,3.5 years,Aims to provide capital appreciation by investing in Liquid Fund securities,T-Bills: 65.00% | CD: 20.00% | CP: 10.00% | Cash: 5.00%,Nil,State Bank of India CD (8.5%) | HDFC Bank CD (7.2%) | Reliance Industries T-Bills (6.8%) | ICICI Bank CP (5.9%) | 182-Day T-Bill (5.5%) | National Bank For Agriculture And Rural Development (5.2%) | 91-Day T-Bill (4.8%) | Kotak Mahindra Bank CD (4.5%) | Axis Bank CP (4.1%) | Power Finance Corporation (3.8%),25-May-2026,02-Jan-2013,0%,LTCG 12.5% after 2 years for equity,8,DSP Mutual Fund Liquid Fund - Direct Plan - Growth - DSP Mut,"Detailed review and analysis of DSP Mutual Fund Liquid Fund - Direct Plan - Growth (Liquid Fund). Compare returns, expenses, holdings and risks. Start investing",DSP Mutual Fund Liquid Fund - Direct Plan - Growth | DSP Mutual Fund Liquid Fund - Direct Plan - Growth review | Liquid Fund mutual fund | Liquid Fund fund in India | DSP Mutual Fund Liquid Fund | best Liquid Fund funds | DSP Mutual Fund Liquid Fund - Direct Plan - Growth NAV | DSP Mutual Fund Liquid Fund - Direct Plan - Growth returns | DSP Mutual Fund Liquid Fund - Direct Plan - Growth expense ratio | invest in DSP Mutual Fund Liquid Fund - Direct Plan - Growth | DSP Mutual Fund Liquid Fund - Direct Plan - Growth SIP | Liquid Fund investment 2025 | DSP Mutual Fund Liquid Fund - Direct Plan - Growth vs Liquid Fund | top Liquid Fund funds India | DSP Mutual Fund Liquid Fund - Direct Plan - Growth performance | DSP Mutual Fund Liquid Fund - Direct Plan - Growth fund manager | Liquid Fund fund comparison | buy DSP Mutual Fund Liquid Fund - Direct Plan - Growth online | DSP Mutual Fund Liquid Fund - Direct Plan - Growth minimum investment | Liquid Fund fund returns India
DSP Mutual Fund Debt Fund - Regular Plan - Growth,DSP Mutual Fund,Debt,Short Duration Fund,200044,95.0599,5881.60,1.05,500,1000,-2.6,5.29,4.99,7.48,CRISIL Composite Bond Fund Index,Moderate,3.14,-0.39,171,Atul Bhole,3.5 years,Aims to provide capital appreciation by investing in Debt securities,Debenture: 40.00% | SDL: 30.00% | T-Bills: 20.00% | GOI Sec: 10.00%,Nil,National Bank For Agriculture And Rural Development (5.8%) | Power Finance Corporation Ltd. (5.2%) | Rural Electrification Corporation Ltd. (4.9%) | 7.26% GOI 2032 (4.5%) | State Bank of India (4.1%) | National Highways Authority of India (3.8%) | Housing Development Finance Corporation Ltd. (3.5%) | Indian Railway Finance Corporation Ltd. (3.2%) | HDFC Bank Ltd. (2.9%) | Bajaj Finance Ltd. (2.5%),25-May-2026,03-Apr-2006,0%,LTCG 12.5% after 2 years for equity,8,DSP Mutual Fund Debt Fund - Regular Plan - Growth - DSP Mutu,"Detailed review and analysis of DSP Mutual Fund Debt Fund - Regular Plan - Growth (Debt). Compare returns, expenses, holdings and risks. Start investing today.",DSP Mutual Fund Debt Fund - Regular Plan - Growth | DSP Mutual Fund Debt Fund - Regular Plan - Growth review | Debt mutual fund | Debt fund in India | DSP Mutual Fund Debt | best Debt funds | DSP Mutual Fund Debt Fund - Regular Plan - Growth NAV | DSP Mutual Fund Debt Fund - Regular Plan - Growth returns | DSP Mutual Fund Debt Fund - Regular Plan - Growth expense ratio | invest in DSP Mutual Fund Debt Fund - Regular Plan - Growth | DSP Mutual Fund Debt Fund - Regular Plan - Growth SIP | Debt investment 2025 | DSP Mutual Fund Debt Fund - Regular Plan - Growth vs Debt | top Debt funds India | DSP Mutual Fund Debt Fund - Regular Plan - Growth performance | DSP Mutual Fund Debt Fund - Regular Plan - Growth fund manager | Debt fund comparison | buy DSP Mutual Fund Debt Fund - Regular Plan - Growth online | DSP Mutual Fund Debt Fund - Regular Plan - Growth minimum investment | Debt fund returns India
DSP Mutual Fund Banking Fund - Direct Plan - Growth,DSP Mutual Fund,Banking,Sectoral - Banking & Financial Services,200045,89.7736,5152.00,0.92,500,1000,2.95,6.77,5.92,6.91,Nifty Bank TRI,Very High,16.36,0.02,47,Atul Bhole,3.5 years,Aims to provide capital appreciation by investing in Banking securities,Equity: 97.00% | T-Bills: 3.00%,Nil,HDFC Bank Ltd. (22.5%) | ICICI Bank Ltd. (19.8%) | State Bank of India (12.4%) | Axis Bank Ltd. (10.8%) | Kotak Mahindra Bank Ltd. (8.5%) | Bank of Baroda (5.2%) | IndusInd Bank Ltd. (4.8%) | Federal Bank Ltd. (3.9%) | AU Small Finance Bank Ltd. (3.5%) | Punjab National Bank (2.8%),25-May-2026,02-Jan-2013,0%,LTCG 12.5% after 2 years for equity,8,DSP Mutual Fund Banking Fund - Direct Plan - Growth - DSP Mu,"Detailed review and analysis of DSP Mutual Fund Banking Fund - Direct Plan - Growth (Banking). Compare returns, expenses, holdings and risks. Start investing to",DSP Mutual Fund Banking Fund - Direct Plan - Growth | DSP Mutual Fund Banking Fund - Direct Plan - Growth review | Banking mutual fund | Banking fund in India | DSP Mutual Fund Banking | best Banking funds | DSP Mutual Fund Banking Fund - Direct Plan - Growth NAV | DSP Mutual Fund Banking Fund - Direct Plan - Growth returns | DSP Mutual Fund Banking Fund - Direct Plan - Growth expense ratio | invest in DSP Mutual Fund Banking Fund - Direct Plan - Growth | DSP Mutual Fund Banking Fund - Direct Plan - Growth SIP | Banking investment 2025 | DSP Mutual Fund Banking Fund - Direct Plan - Growth vs Banking | top Banking funds India | DSP Mutual Fund Banking Fund - Direct Plan - Growth performance | DSP Mutual Fund Banking Fund - Direct Plan - Growth fund manager | Banking fund comparison | buy DSP Mutual Fund Banking Fund - Direct Plan - Growth online | DSP Mutual Fund Banking Fund - Direct Plan - Growth minimum investment | Banking fund returns India
DSP Mutual Fund Technology Fund - Regular Plan - Growth,DSP Mutual Fund,Technology,Sectoral - Technology,200046,95.0599,6631.20,1.98,500,1000,-2.6,5.29,4.99,7.48,Nifty IT TRI,Very High,19.06,-0.06,54,Atul Bhole,3.5 years,Aims to provide capital appreciation by investing in Technology securities,Equity: 91.00% | Forgn. Eq: 6.00% | T-Bills: 3.00%,Nil,Infosys Ltd. (18.5%) | Tata Consultancy Services Ltd. (15.2%) | Bharti Airtel Ltd. (12.4%) | HCL Technologies Ltd. (9.8%) | Wipro Ltd. (7.5%) | Tech Mahindra Ltd. (6.2%) | Coforge Ltd. (4.8%) | Mphasis Ltd. (4.2%) | Persistent Systems Ltd. (3.9%) | LTIMindtree Ltd. (3.5%),25-May-2026,03-Apr-2006,0%,LTCG 12.5% after 2 years for equity,8,DSP Mutual Fund Technology Fund - Regular Plan - Growth - DS,"Detailed review and analysis of DSP Mutual Fund Technology Fund - Regular Plan - Growth (Technology). Compare returns, expenses, holdings and risks. Start inves",DSP Mutual Fund Technology Fund - Regular Plan - Growth | DSP Mutual Fund Technology Fund - Regular Plan - Growth review | Technology mutual fund | Technology fund in India | DSP Mutual Fund Technology | best Technology funds | DSP Mutual Fund Technology Fund - Regular Plan - Growth NAV | DSP Mutual Fund Technology Fund - Regular Plan - Growth returns | DSP Mutual Fund Technology Fund - Regular Plan - Growth expense ratio | invest in DSP Mutual Fund Technology Fund - Regular Plan - Growth | DSP Mutual Fund Technology Fund - Regular Plan - Growth SIP | Technology investment 2025 | DSP Mutual Fund Technology Fund - Regular Plan - Growth vs Technology | top Technology funds India | DSP Mutual Fund Technology Fund - Regular Plan - Growth performance | DSP Mutual Fund Technology Fund - Regular Plan - Growth fund manager | Technology fund comparison | buy DSP Mutual Fund Technology Fund - Regular Plan - Growth online | DSP Mutual Fund Technology Fund - Regular Plan - Growth minimum investment | Technology fund returns India
DSP Mutual Fund Infrastructure Fund - Direct Plan - Growth,DSP Mutual Fund,Thematic,Thematic - Infrastructure,200047,55.3541,4056.80,0.92,500,1000,3.6,20.82,20.16,14.87,Nifty Infrastructure TRI,Very High,16.11,0.89,49,Atul Bhole,3.5 years,Aims to provide capital appreciation by investing in Thematic securities,Equity: 95.00% | T-Bills: 5.00%,Nil,HDFC Bank Ltd. (5.8%) | ICICI Bank Ltd. (5.2%) | Larsen & Toubro Ltd. (4.9%) | Reliance Industries Ltd. (4.5%) | Infosys Ltd. (4.1%) | Bharti Airtel Ltd. (3.8%) | Axis Bank Ltd. (3.5%) | State Bank of India (3.2%) | Tata Motors Ltd. (2.9%) | Adani Ports & SEZ Ltd. (2.6%),25-May-2026,03-Jan-2013,0%,LTCG 12.5% after 2 years for equity,8,DSP Mutual Fund Infrastructure Fund - Direct Plan - Growth -,"Detailed review and analysis of DSP Mutual Fund Infrastructure Fund - Direct Plan - Growth (Thematic). Compare returns, expenses, holdings and risks. Start inve",DSP Mutual Fund Infrastructure Fund - Direct Plan - Growth | DSP Mutual Fund Infrastructure Fund - Direct Plan - Growth review | Thematic mutual fund | Thematic fund in India | DSP Mutual Fund Thematic | best Thematic funds | DSP Mutual Fund Infrastructure Fund - Direct Plan - Growth NAV | DSP Mutual Fund Infrastructure Fund - Direct Plan - Growth returns | DSP Mutual Fund Infrastructure Fund - Direct Plan - Growth expense ratio | invest in DSP Mutual Fund Infrastructure Fund - Direct Plan - Growth | DSP Mutual Fund Infrastructure Fund - Direct Plan - Growth SIP | Thematic investment 2025 | DSP Mutual Fund Infrastructure Fund - Direct Plan - Growth vs Thematic | top Thematic funds India | DSP Mutual Fund Infrastructure Fund - Direct Plan - Growth performance | DSP Mutual Fund Infrastructure Fund - Direct Plan - Growth fund manager | Thematic fund comparison | buy DSP Mutual Fund Infrastructure Fund - Direct Plan - Growth online | DSP Mutual Fund Infrastructure Fund - Direct Plan - Growth minimum investment | Thematic fund returns India
DSP Mutual Fund Dividend Fund - Regular Plan - Growth,DSP Mutual Fund,Thematic,Thematic - Dividend Yield,200048,95.0599,4061.20,1.92,500,1000,-2.6,5.29,4.99,7.48,Nifty Dividend Opportunities 50 TRI,Moderate,16.14,-0.07,49,Atul Bhole,3.5 years,Aims to provide capital appreciation by investing in Thematic securities,Equity: 95.00% | T-Bills: 5.00%,Nil,HDFC Bank Ltd. (5.8%) | ICICI Bank Ltd. (5.2%) | Larsen & Toubro Ltd. (4.9%) | Reliance Industries Ltd. (4.5%) | Infosys Ltd. (4.1%) | Bharti Airtel Ltd. (3.8%) | Axis Bank Ltd. (3.5%) | State Bank of India (3.2%) | Tata Motors Ltd. (2.9%) | Adani Ports & SEZ Ltd. (2.6%),25-May-2026,03-Apr-2006,0%,LTCG 12.5% after 2 years for equity,8,DSP Mutual Fund Dividend Fund - Regular Plan - Growth - DSP,"Detailed review and analysis of DSP Mutual Fund Dividend Fund - Regular Plan - Growth (Thematic). Compare returns, expenses, holdings and risks. Start investing",DSP Mutual Fund Dividend Fund - Regular Plan - Growth | DSP Mutual Fund Dividend Fund - Regular Plan - Growth review | Thematic mutual fund | Thematic fund in India | DSP Mutual Fund Thematic | best Thematic funds | DSP Mutual Fund Dividend Fund - Regular Plan - Growth NAV | DSP Mutual Fund Dividend Fund - Regular Plan - Growth returns | DSP Mutual Fund Dividend Fund - Regular Plan - Growth expense ratio | invest in DSP Mutual Fund Dividend Fund - Regular Plan - Growth | DSP Mutual Fund Dividend Fund - Regular Plan - Growth SIP | Thematic investment 2025 | DSP Mutual Fund Dividend Fund - Regular Plan - Growth vs Thematic | top Thematic funds India | DSP Mutual Fund Dividend Fund - Regular Plan - Growth performance | DSP Mutual Fund Dividend Fund - Regular Plan - Growth fund manager | Thematic fund comparison | buy DSP Mutual Fund Dividend Fund - Regular Plan - Growth online | DSP Mutual Fund Dividend Fund - Regular Plan - Growth minimum investment | Thematic fund returns India
DSP Mutual Fund Balanced Advantage Fund - Direct Plan - Growth,DSP Mutual Fund,Balanced Hybrid,Balanced Advantage Fund,200049,16.3854,11088.00,0.78,500,1000,3.08,12.3,0,10.94,Nifty 50 Hybrid Composite Debt 65:35 Index,Moderately High,9.18,0.63,149,Atul Bhole,3.5 years,Aims to provide capital appreciation by investing in Balanced Hybrid securities,Equity: 65.00% | Debt: 30.00% | T-Bills: 5.00%,Nil,HDFC Bank Ltd. (6.8%) | ICICI Bank Ltd. (5.5%) | Reliance Industries Ltd. (4.5%) | 8.38% GOI 2027 (4.2%) | Infosys Ltd. (3.8%) | 7.26% GOI 2032 (3.5%) | Axis Bank Ltd. (3.2%) | Bharti Airtel Ltd. (2.9%) | Larsen & Toubro Ltd. (2.6%) | Tata Consultancy Services Ltd. (2.4%),25-May-2026,07-Sep-2021,0%,LTCG 12.5% after 2 years for equity,8,DSP Mutual Fund Balanced Advantage Fund - Direct Plan - Grow,"Detailed review and analysis of DSP Mutual Fund Balanced Advantage Fund - Direct Plan - Growth (Balanced Hybrid). Compare returns, expenses, holdings and risks.",DSP Mutual Fund Balanced Advantage Fund - Direct Plan - Growth | DSP Mutual Fund Balanced Advantage Fund - Direct Plan - Growth review | Balanced Hybrid mutual fund | Balanced Hybrid fund in India | DSP Mutual Fund Balanced Hybrid | best Balanced Hybrid funds | DSP Mutual Fund Balanced Advantage Fund - Direct Plan - Growth NAV | DSP Mutual Fund Balanced Advantage Fund - Direct Plan - Growth returns | DSP Mutual Fund Balanced Advantage Fund - Direct Plan - Growth expense ratio | invest in DSP Mutual Fund Balanced Advantage Fund - Direct Plan - Growth | DSP Mutual Fund Balanced Advantage Fund - Direct Plan - Growth SIP | Balanced Hybrid investment 2025 | DSP Mutual Fund Balanced Advantage Fund - Direct Plan - Growth vs Balanced Hybrid | top Balanced Hybrid funds India | DSP Mutual Fund Balanced Advantage Fund - Direct Plan - Growth performance | DSP Mutual Fund Balanced Advantage Fund - Direct Plan - Growth fund manager | Balanced Hybrid fund comparison | buy DSP Mutual Fund Balanced Advantage Fund - Direct Plan - Growth online | DSP Mutual Fund Balanced Advantage Fund - Direct Plan - Growth minimum investment | Balanced Hybrid fund returns India
DSP Mutual Fund International Fund - Regular Plan - Growth,DSP Mutual Fund,International,Fund of Funds - Overseas,200050,11.612,2590.00,2.05,500,1000,2.58,6.41,5.56,0.48,MSCI World Index,Very High,14.80,0.31,20,Atul Bhole,3.5 years,Aims to provide capital appreciation by investing in International securities,Forgn. Eq: 95.00% | Cash & Equivalents: 5.00%,Nil,Apple Inc. (8.5%) | Microsoft Corp. (7.8%) | Alphabet Inc Class A (6.9%) | Amazon.com Inc. (5.2%) | NVIDIA Corp. (4.8%) | Meta Platforms Inc. (4.2%) | Tesla Inc. (3.9%) | Berkshire Hathaway Inc. (3.5%) | UnitedHealth Group Inc. (3.1%) | Johnson & Johnson (2.8%),25-May-2026,03-Apr-2006,0%,LTCG 12.5% after 2 years for equity,8,DSP Mutual Fund International Fund - Regular Plan - Growth -,"Detailed review and analysis of DSP Mutual Fund International Fund - Regular Plan - Growth (International). Compare returns, expenses, holdings and risks. Start",DSP Mutual Fund International Fund - Regular Plan - Growth | DSP Mutual Fund International Fund - Regular Plan - Growth review | International mutual fund | International fund in India | DSP Mutual Fund International | best International funds | DSP Mutual Fund International Fund - Regular Plan - Growth NAV | DSP Mutual Fund International Fund - Regular Plan - Growth returns | DSP Mutual Fund International Fund - Regular Plan - Growth expense ratio | invest in DSP Mutual Fund International Fund - Regular Plan - Growth | DSP Mutual Fund International Fund - Regular Plan - Growth SIP | International investment 2025 | DSP Mutual Fund International Fund - Regular Plan - Growth vs International | top International funds India | DSP Mutual Fund International Fund - Regular Plan - Growth performance | DSP Mutual Fund International Fund - Regular Plan - Growth fund manager | International fund comparison | buy DSP Mutual Fund International Fund - Regular Plan - Growth online | DSP Mutual Fund International Fund - Regular Plan - Growth minimum investment | International fund returns India
DSP Mutual Fund Energy Fund - Direct Plan - Growth,DSP Mutual Fund,Equity,Focused Fund,200051,89.7736,8889.60,0.75,500,1000,2.95,6.77,5.92,6.91,Nifty 500 TRI,Moderate,13.82,0.02,40,Atul Bhole,3.5 years,Aims to provide capital appreciation by investing in Equity securities,Equity: 97.00% | T-Bills: 3.00%,Nil,HDFC Bank Ltd. (8.8%) | ICICI Bank Ltd. (7.5%) | Reliance Industries Ltd. (6.2%) | Infosys Ltd. (5.8%) | Axis Bank Ltd. (5.1%) | Larsen & Toubro Ltd. (4.5%) | Bharti Airtel Ltd. (4.1%) | Sun Pharmaceutical Industries Ltd. (3.8%) | Tata Consultancy Services Ltd. (3.5%) | State Bank of India (3.2%),25-May-2026,02-Jan-2013,0%,LTCG 12.5% after 2 years for equity,8,DSP Mutual Fund Energy Fund - Direct Plan - Growth - DSP Mut,"Detailed review and analysis of DSP Mutual Fund Energy Fund - Direct Plan - Growth (Equity). Compare returns, expenses, holdings and risks. Start investing toda",DSP Mutual Fund Energy Fund - Direct Plan - Growth | DSP Mutual Fund Energy Fund - Direct Plan - Growth review | Equity mutual fund | Equity fund in India | DSP Mutual Fund Equity | best Equity funds | DSP Mutual Fund Energy Fund - Direct Plan - Growth NAV | DSP Mutual Fund Energy Fund - Direct Plan - Growth returns | DSP Mutual Fund Energy Fund - Direct Plan - Growth expense ratio | invest in DSP Mutual Fund Energy Fund - Direct Plan - Growth | DSP Mutual Fund Energy Fund - Direct Plan - Growth SIP | Equity investment 2025 | DSP Mutual Fund Energy Fund - Direct Plan - Growth vs Equity | top Equity funds India | DSP Mutual Fund Energy Fund - Direct Plan - Growth performance | DSP Mutual Fund Energy Fund - Direct Plan - Growth fund manager | Equity fund comparison | buy DSP Mutual Fund Energy Fund - Direct Plan - Growth online | DSP Mutual Fund Energy Fund - Direct Plan - Growth minimum investment | Equity fund returns India
DSP Mutual Fund Pharma Fund - Regular Plan - Growth,DSP Mutual Fund,Pharma,Sectoral - Pharma & Healthcare,200052,95.0599,3708.00,1.95,500,1000,-2.6,5.29,4.99,7.48,Nifty Pharma TRI,Very High,15.86,-0.08,53,Atul Bhole,3.5 years,Aims to provide capital appreciation by investing in Pharma securities,Equity: 96.00% | T-Bills: 4.00%,Nil,Sun Pharmaceutical Industries Ltd. (20.5%) | Dr. Reddy's Laboratories Ltd. (12.8%) | Cipla Ltd. (10.4%) | Divi's Laboratories Ltd. (9.8%) | Torrent Pharmaceuticals Ltd. (7.2%) | Aurobindo Pharma Ltd. (5.8%) | Alkem Laboratories Ltd. (5.2%) | Lupin Ltd. (4.9%) | Ipca Laboratories Ltd. (3.8%) | Mankind Pharma Ltd. (3.5%),25-May-2026,03-Apr-2006,0%,LTCG 12.5% after 2 years for equity,8,DSP Mutual Fund Pharma Fund - Regular Plan - Growth - DSP Mu,"Detailed review and analysis of DSP Mutual Fund Pharma Fund - Regular Plan - Growth (Pharma). Compare returns, expenses, holdings and risks. Start investing tod",DSP Mutual Fund Pharma Fund - Regular Plan - Growth | DSP Mutual Fund Pharma Fund - Regular Plan - Growth review | Pharma mutual fund | Pharma fund in India | DSP Mutual Fund Pharma | best Pharma funds | DSP Mutual Fund Pharma Fund - Regular Plan - Growth NAV | DSP Mutual Fund Pharma Fund - Regular Plan - Growth returns | DSP Mutual Fund Pharma Fund - Regular Plan - Growth expense ratio | invest in DSP Mutual Fund Pharma Fund - Regular Plan - Growth | DSP Mutual Fund Pharma Fund - Regular Plan - Growth SIP | Pharma investment 2025 | DSP Mutual Fund Pharma Fund - Regular Plan - Growth vs Pharma | top Pharma funds India | DSP Mutual Fund Pharma Fund - Regular Plan - Growth performance | DSP Mutual Fund Pharma Fund - Regular Plan - Growth fund manager | Pharma fund comparison | buy DSP Mutual Fund Pharma Fund - Regular Plan - Growth online | DSP Mutual Fund Pharma Fund - Regular Plan - Growth minimum investment | Pharma fund returns India
DSP Mutual Fund Auto Fund - Direct Plan - Growth,DSP Mutual Fund,Sectoral,Sectoral - Automotive,200053,89.7736,3340.80,0.98,500,1000,2.95,6.77,5.92,6.91,Nifty Auto TRI,Moderate,17.61,0.02,61,Atul Bhole,3.5 years,Aims to provide capital appreciation by investing in Sectoral securities,Equity: 96.00% | T-Bills: 4.00%,Nil,HDFC Bank Ltd. (8.5%) | ICICI Bank Ltd. (7.2%) | State Bank of India (5.8%) | Axis Bank Ltd. (5.2%) | Kotak Mahindra Bank Ltd. (4.9%) | IndusInd Bank Ltd. (4.5%) | Infosys Ltd. (4.1%) | TCS Ltd. (3.8%) | Bharti Airtel Ltd. (3.5%) | Reliance Industries Ltd. (3.2%),25-May-2026,02-Jan-2013,0%,LTCG 12.5% after 2 years for equity,8,DSP Mutual Fund Auto Fund - Direct Plan - Growth - DSP Mutua,"Detailed review and analysis of DSP Mutual Fund Auto Fund - Direct Plan - Growth (Sectoral). Compare returns, expenses, holdings and risks. Start investing toda",DSP Mutual Fund Auto Fund - Direct Plan - Growth | DSP Mutual Fund Auto Fund - Direct Plan - Growth review | Sectoral mutual fund | Sectoral fund in India | DSP Mutual Fund Sectoral | best Sectoral funds | DSP Mutual Fund Auto Fund - Direct Plan - Growth NAV | DSP Mutual Fund Auto Fund - Direct Plan - Growth returns | DSP Mutual Fund Auto Fund - Direct Plan - Growth expense ratio | invest in DSP Mutual Fund Auto Fund - Direct Plan - Growth | DSP Mutual Fund Auto Fund - Direct Plan - Growth SIP | Sectoral investment 2025 | DSP Mutual Fund Auto Fund - Direct Plan - Growth vs Sectoral | top Sectoral funds India | DSP Mutual Fund Auto Fund - Direct Plan - Growth performance | DSP Mutual Fund Auto Fund - Direct Plan - Growth fund manager | Sectoral fund comparison | buy DSP Mutual Fund Auto Fund - Direct Plan - Growth online | DSP Mutual Fund Auto Fund - Direct Plan - Growth minimum investment | Sectoral fund returns India
DSP Mutual Fund Manufacturing Fund - Regular Plan - Growth,DSP Mutual Fund,Equity,Focused Fund,200054,11.612,8918.40,1.75,500,1000,2.58,6.41,5.56,0.48,Nifty 500 TRI,Moderate,13.89,0.31,41,Atul Bhole,3.5 years,Aims to provide capital appreciation by investing in Equity securities,Equity: 97.00% | T-Bills: 3.00%,Nil,HDFC Bank Ltd. (8.8%) | ICICI Bank Ltd. (7.5%) | Reliance Industries Ltd. (6.2%) | Infosys Ltd. (5.8%) | Axis Bank Ltd. (5.1%) | Larsen & Toubro Ltd. (4.5%) | Bharti Airtel Ltd. (4.1%) | Sun Pharmaceutical Industries Ltd. (3.8%) | Tata Consultancy Services Ltd. (3.5%) | State Bank of India (3.2%),25-May-2026,03-Apr-2006,0%,LTCG 12.5% after 2 years for equity,8,DSP Mutual Fund Manufacturing Fund - Regular Plan - Growth -,"Detailed review and analysis of DSP Mutual Fund Manufacturing Fund - Regular Plan - Growth (Equity). Compare returns, expenses, holdings and risks. Start invest",DSP Mutual Fund Manufacturing Fund - Regular Plan - Growth | DSP Mutual Fund Manufacturing Fund - Regular Plan - Growth review | Equity mutual fund | Equity fund in India | DSP Mutual Fund Equity | best Equity funds | DSP Mutual Fund Manufacturing Fund - Regular Plan - Growth NAV | DSP Mutual Fund Manufacturing Fund - Regular Plan - Growth returns | DSP Mutual Fund Manufacturing Fund - Regular Plan - Growth expense ratio | invest in DSP Mutual Fund Manufacturing Fund - Regular Plan - Growth | DSP Mutual Fund Manufacturing Fund - Regular Plan - Growth SIP | Equity investment 2025 | DSP Mutual Fund Manufacturing Fund - Regular Plan - Growth vs Equity | top Equity funds India | DSP Mutual Fund Manufacturing Fund - Regular Plan - Growth performance | DSP Mutual Fund Manufacturing Fund - Regular Plan - Growth fund manager | Equity fund comparison | buy DSP Mutual Fund Manufacturing Fund - Regular Plan - Growth online | DSP Mutual Fund Manufacturing Fund - Regular Plan - Growth minimum investment | Equity fund returns India
Motilal Oswal Large Cap Fund - Direct Plan - Growth,Motilal Oswal,Large Cap,Large Cap Fund,200055,13.5646,53468,0.82,500,1000,-1.96,12.12,12.11,14.83,Nifty 50,Very High,12.29,0.46,26,Niket Shah,3.5 years,Aims to provide capital appreciation by investing in Large Cap securities,Equity: 96.00% | T-Bills: 4.00%,Nil,HDFC Bank Ltd. (8.5%) | ICICI Bank Ltd. (7.8%) | Reliance Industries Ltd. (6.9%) | Infosys Ltd. (5.2%) | Larsen & Toubro Ltd. (4.8%) | Axis Bank Ltd. (3.9%) | Tata Consultancy Services Ltd. (3.7%) | Bharti Airtel Ltd. (3.4%) | State Bank of India (3.1%) | ITC Ltd. (2.8%),25-May-2026,12-Feb-2024,0%,LTCG 12.5% after 2 years for equity,9,Motilal Oswal Large Cap Fund - Direct Plan - Growth - Motila,"Detailed review and analysis of Motilal Oswal Large Cap Fund - Direct Plan - Growth (Large Cap). Compare returns, expenses, holdings and risks. Start investing ",Motilal Oswal Large Cap Fund - Direct Plan - Growth | Motilal Oswal Large Cap Fund - Direct Plan - Growth review | Large Cap mutual fund | Large Cap fund in India | Motilal Oswal Large Cap | best Large Cap funds | Motilal Oswal Large Cap Fund - Direct Plan - Growth NAV | Motilal Oswal Large Cap Fund - Direct Plan - Growth returns | Motilal Oswal Large Cap Fund - Direct Plan - Growth expense ratio | invest in Motilal Oswal Large Cap Fund - Direct Plan - Growth | Motilal Oswal Large Cap Fund - Direct Plan - Growth SIP | Large Cap investment 2025 | Motilal Oswal Large Cap Fund - Direct Plan - Growth vs Large Cap | top Large Cap funds India | Motilal Oswal Large Cap Fund - Direct Plan - Growth performance | Motilal Oswal Large Cap Fund - Direct Plan - Growth fund manager | Large Cap fund comparison | buy Motilal Oswal Large Cap Fund - Direct Plan - Growth online | Motilal Oswal Large Cap Fund - Direct Plan - Growth minimum investment | Large Cap fund returns India
Motilal Oswal Mid Cap Fund - Regular Plan - Growth,Motilal Oswal,Mid Cap,Mid Cap Fund,200056,12.561,11172.00,1.75,500,1000,-5.55,17.96,11.73,11.21,Nifty Midcap 150 TRI,Very High,15.97,0.76,37,Niket Shah,3.5 years,Aims to provide capital appreciation by investing in Mid Cap securities,Equity: 94.00% | T-Bills: 6.00%,Nil,Voltas Ltd. (3.8%) | Mphasis Ltd. (3.5%) | Coforge Ltd. (3.2%) | Sundram Fasteners Ltd. (2.9%) | Persistent Systems Ltd. (2.7%) | Zydus Lifesciences Ltd. (2.5%) | Crompton Greaves Consumer Electricals Ltd. (2.4%) | Oberoi Realty Ltd. (2.2%) | Tube Investments of India Ltd. (2.1%) | Emami Ltd. (2.0%),25-May-2026,21-Jun-2024,0%,LTCG 12.5% after 2 years for equity,9,Motilal Oswal Mid Cap Fund - Regular Plan - Growth - Motilal,"Detailed review and analysis of Motilal Oswal Mid Cap Fund - Regular Plan - Growth (Mid Cap). Compare returns, expenses, holdings and risks. Start investing tod",Motilal Oswal Mid Cap Fund - Regular Plan - Growth | Motilal Oswal Mid Cap Fund - Regular Plan - Growth review | Mid Cap mutual fund | Mid Cap fund in India | Motilal Oswal Mid Cap | best Mid Cap funds | Motilal Oswal Mid Cap Fund - Regular Plan - Growth NAV | Motilal Oswal Mid Cap Fund - Regular Plan - Growth returns | Motilal Oswal Mid Cap Fund - Regular Plan - Growth expense ratio | invest in Motilal Oswal Mid Cap Fund - Regular Plan - Growth | Motilal Oswal Mid Cap Fund - Regular Plan - Growth SIP | Mid Cap investment 2025 | Motilal Oswal Mid Cap Fund - Regular Plan - Growth vs Mid Cap | top Mid Cap funds India | Motilal Oswal Mid Cap Fund - Regular Plan - Growth performance | Motilal Oswal Mid Cap Fund - Regular Plan - Growth fund manager | Mid Cap fund comparison | buy Motilal Oswal Mid Cap Fund - Regular Plan - Growth online | Motilal Oswal Mid Cap Fund - Regular Plan - Growth minimum investment | Mid Cap fund returns India
Motilal Oswal Small Cap Fund - Direct Plan - Growth,Motilal Oswal,Small Cap,Small Cap Fund,200057,15.0804,8947.20,0.82,500,1000,9.07,14.35,8.38,18.28,Nifty Smallcap 250 TRI,Very High,18.72,0.69,30,Niket Shah,3.5 years,Aims to provide capital appreciation by investing in Small Cap securities,Equity: 91.00% | Cash & Equivalents: 9.00%,Nil,Aarti Drugs Ltd. (3.2%) | Hatsun Agro Product Ltd. (2.9%) | National Aluminium Company Ltd. (2.7%) | VST Tillers Tractors Ltd. (2.5%) | Repco Home Finance Ltd. (2.3%) | RACL Geartech Ltd. (2.1%) | Neuland Laboratories Ltd. (2.0%) | Mold-Tek Packaging Ltd. (1.9%) | NIIT Learning Systems Ltd. (1.8%) | Nuvama Wealth Management Ltd. (1.7%),25-May-2026,29-Dec-2023,0%,LTCG 12.5% after 2 years for equity,9,Motilal Oswal Small Cap Fund - Direct Plan - Growth - Motila,"Detailed review and analysis of Motilal Oswal Small Cap Fund - Direct Plan - Growth (Small Cap). Compare returns, expenses, holdings and risks. Start investing ",Motilal Oswal Small Cap Fund - Direct Plan - Growth | Motilal Oswal Small Cap Fund - Direct Plan - Growth review | Small Cap mutual fund | Small Cap fund in India | Motilal Oswal Small Cap | best Small Cap funds | Motilal Oswal Small Cap Fund - Direct Plan - Growth NAV | Motilal Oswal Small Cap Fund - Direct Plan - Growth returns | Motilal Oswal Small Cap Fund - Direct Plan - Growth expense ratio | invest in Motilal Oswal Small Cap Fund - Direct Plan - Growth | Motilal Oswal Small Cap Fund - Direct Plan - Growth SIP | Small Cap investment 2025 | Motilal Oswal Small Cap Fund - Direct Plan - Growth vs Small Cap | top Small Cap funds India | Motilal Oswal Small Cap Fund - Direct Plan - Growth performance | Motilal Oswal Small Cap Fund - Direct Plan - Growth fund manager | Small Cap fund comparison | buy Motilal Oswal Small Cap Fund - Direct Plan - Growth online | Motilal Oswal Small Cap Fund - Direct Plan - Growth minimum investment | Small Cap fund returns India
Motilal Oswal Multi Cap Fund - Regular Plan - Growth,Motilal Oswal,Multi Cap,Multi Cap Fund,200058,12.561,13435.20,1.68,500,1000,-5.55,6.48,3.84,11.21,Nifty 500 Multicap 50:25:25 TRI,Very High,14.40,0.28,45,Niket Shah,3.5 years,Aims to provide capital appreciation by investing in Multi Cap securities,Equity: 97.00% | T-Bills: 3.00%,Nil,HDFC Bank Ltd. (6.5%) | ICICI Bank Ltd. (5.8%) | Reliance Industries Ltd. (4.9%) | Infosys Ltd. (4.2%) | Axis Bank Ltd. (3.6%) | Larsen & Toubro Ltd. (3.2%) | Tata Consultancy Services Ltd. (2.9%) | Bharti Airtel Ltd. (2.7%) | State Bank of India (2.4%) | Sun Pharmaceutical Industries Ltd. (2.2%),25-May-2026,21-Jun-2024,0%,LTCG 12.5% after 2 years for equity,9,Motilal Oswal Multi Cap Fund - Regular Plan - Growth - Motil,"Detailed review and analysis of Motilal Oswal Multi Cap Fund - Regular Plan - Growth (Multi Cap). Compare returns, expenses, holdings and risks. Start investing",Motilal Oswal Multi Cap Fund - Regular Plan - Growth | Motilal Oswal Multi Cap Fund - Regular Plan - Growth review | Multi Cap mutual fund | Multi Cap fund in India | Motilal Oswal Multi Cap | best Multi Cap funds | Motilal Oswal Multi Cap Fund - Regular Plan - Growth NAV | Motilal Oswal Multi Cap Fund - Regular Plan - Growth returns | Motilal Oswal Multi Cap Fund - Regular Plan - Growth expense ratio | invest in Motilal Oswal Multi Cap Fund - Regular Plan - Growth | Motilal Oswal Multi Cap Fund - Regular Plan - Growth SIP | Multi Cap investment 2025 | Motilal Oswal Multi Cap Fund - Regular Plan - Growth vs Multi Cap | top Multi Cap funds India | Motilal Oswal Multi Cap Fund - Regular Plan - Growth performance | Motilal Oswal Multi Cap Fund - Regular Plan - Growth fund manager | Multi Cap fund comparison | buy Motilal Oswal Multi Cap Fund - Regular Plan - Growth online | Motilal Oswal Multi Cap Fund - Regular Plan - Growth minimum investment | Multi Cap fund returns India
Motilal Oswal Flexi Cap Fund - Direct Plan - Growth,Motilal Oswal,Flexi Cap,Flexi Cap Fund,200059,110.791,10460.80,0.72,500,1000,-2.38,14.63,12.31,14.46,Nifty 500 TRI,Very High,13.70,0.59,41,Niket Shah,3.5 years,Aims to provide capital appreciation by investing in Flexi Cap securities,Equity: 95.00% | T-Bills: 5.00%,Nil,HDFC Bank Ltd. (8.2%) | ICICI Bank Ltd. (6.9%) | Infosys Ltd. (5.5%) | Reliance Industries Ltd. (5.1%) | Axis Bank Ltd. (4.2%) | Larsen & Toubro Ltd. (3.8%) | Tata Consultancy Services Ltd. (3.4%) | Bharti Airtel Ltd. (3.1%) | Sun Pharmaceutical Industries Ltd. (2.8%) | Kotak Mahindra Bank Ltd. (2.5%),25-May-2026,02-Jan-2013,0%,LTCG 12.5% after 2 years for equity,9,Motilal Oswal Flexi Cap Fund - Direct Plan - Growth - Motila,"Detailed review and analysis of Motilal Oswal Flexi Cap Fund - Direct Plan - Growth (Flexi Cap). Compare returns, expenses, holdings and risks. Start investing ",Motilal Oswal Flexi Cap Fund - Direct Plan - Growth | Motilal Oswal Flexi Cap Fund - Direct Plan - Growth review | Flexi Cap mutual fund | Flexi Cap fund in India | Motilal Oswal Flexi Cap | best Flexi Cap funds | Motilal Oswal Flexi Cap Fund - Direct Plan - Growth NAV | Motilal Oswal Flexi Cap Fund - Direct Plan - Growth returns | Motilal Oswal Flexi Cap Fund - Direct Plan - Growth expense ratio | invest in Motilal Oswal Flexi Cap Fund - Direct Plan - Growth | Motilal Oswal Flexi Cap Fund - Direct Plan - Growth SIP | Flexi Cap investment 2025 | Motilal Oswal Flexi Cap Fund - Direct Plan - Growth vs Flexi Cap | top Flexi Cap funds India | Motilal Oswal Flexi Cap Fund - Direct Plan - Growth performance | Motilal Oswal Flexi Cap Fund - Direct Plan - Growth fund manager | Flexi Cap fund comparison | buy Motilal Oswal Flexi Cap Fund - Direct Plan - Growth online | Motilal Oswal Flexi Cap Fund - Direct Plan - Growth minimum investment | Flexi Cap fund returns India
Motilal Oswal ELSS Tax Saver Fund - Regular Plan - Growth,Motilal Oswal,ELSS,ELSS (Tax Saving),200060,52.8259,7480.00,1.85,500,1000,3.68,22.24,17.91,15.73,Nifty 500 TRI,Very High,14.75,1.07,34,Niket Shah,3.5 years,Aims to provide capital appreciation by investing in ELSS securities,Equity: 96.00% | T-Bills: 4.00%,Nil,ICICI Bank Ltd. (8.5%) | HDFC Bank Ltd. (7.2%) | Infosys Ltd. (5.8%) | Reliance Industries Ltd. (5.2%) | Axis Bank Ltd. (4.9%) | Kotak Mahindra Bank Ltd. (4.3%) | Sun Pharmaceutical Industries Ltd. (3.9%) | Bharti Airtel Ltd. (3.5%) | Larsen & Toubro Ltd. (3.2%) | Tata Consultancy Services Ltd. (2.9%),25-May-2026,22-Jan-2015,0%,LTCG 12.5% after 2 years for equity,9,Motilal Oswal ELSS Tax Saver Fund - Regular Plan - Growth -,"Detailed review and analysis of Motilal Oswal ELSS Tax Saver Fund - Regular Plan - Growth (ELSS). Compare returns, expenses, holdings and risks. Start investing",Motilal Oswal ELSS Tax Saver Fund - Regular Plan - Growth | Motilal Oswal ELSS Tax Saver Fund - Regular Plan - Growth review | ELSS mutual fund | ELSS fund in India | Motilal Oswal ELSS | best ELSS funds | Motilal Oswal ELSS Tax Saver Fund - Regular Plan - Growth NAV | Motilal Oswal ELSS Tax Saver Fund - Regular Plan - Growth returns | Motilal Oswal ELSS Tax Saver Fund - Regular Plan - Growth expense ratio | invest in Motilal Oswal ELSS Tax Saver Fund - Regular Plan - Growth | Motilal Oswal ELSS Tax Saver Fund - Regular Plan - Growth SIP | ELSS investment 2025 | Motilal Oswal ELSS Tax Saver Fund - Regular Plan - Growth vs ELSS | top ELSS funds India | Motilal Oswal ELSS Tax Saver Fund - Regular Plan - Growth performance | Motilal Oswal ELSS Tax Saver Fund - Regular Plan - Growth fund manager | ELSS fund comparison | buy Motilal Oswal ELSS Tax Saver Fund - Regular Plan - Growth online | Motilal Oswal ELSS Tax Saver Fund - Regular Plan - Growth minimum investment | ELSS fund returns India
Motilal Oswal Liquid Fund - Direct Plan - Growth,Motilal Oswal,Liquid Fund,Liquid Fund,200061,14.6667,33696.00,0.12,500,1000,5.84,6.55,5.76,5.29,NIFTY Liquid Index,Low,0.12,0.42,261,Niket Shah,3.5 years,Aims to provide capital appreciation by investing in Liquid Fund securities,T-Bills: 65.00% | CD: 20.00% | CP: 10.00% | Cash: 5.00%,Nil,State Bank of India CD (8.5%) | HDFC Bank CD (7.2%) | Reliance Industries T-Bills (6.8%) | ICICI Bank CP (5.9%) | 182-Day T-Bill (5.5%) | National Bank For Agriculture And Rural Development (5.2%) | 91-Day T-Bill (4.8%) | Kotak Mahindra Bank CD (4.5%) | Axis Bank CP (4.1%) | Power Finance Corporation (3.8%),25-May-2026,20-Dec-2018,0%,LTCG 12.5% after 2 years for equity,9,Motilal Oswal Liquid Fund - Direct Plan - Growth - Motilal O,"Detailed review and analysis of Motilal Oswal Liquid Fund - Direct Plan - Growth (Liquid Fund). Compare returns, expenses, holdings and risks. Start investing t",Motilal Oswal Liquid Fund - Direct Plan - Growth | Motilal Oswal Liquid Fund - Direct Plan - Growth review | Liquid Fund mutual fund | Liquid Fund fund in India | Motilal Oswal Liquid Fund | best Liquid Fund funds | Motilal Oswal Liquid Fund - Direct Plan - Growth NAV | Motilal Oswal Liquid Fund - Direct Plan - Growth returns | Motilal Oswal Liquid Fund - Direct Plan - Growth expense ratio | invest in Motilal Oswal Liquid Fund - Direct Plan - Growth | Motilal Oswal Liquid Fund - Direct Plan - Growth SIP | Liquid Fund investment 2025 | Motilal Oswal Liquid Fund - Direct Plan - Growth vs Liquid Fund | top Liquid Fund funds India | Motilal Oswal Liquid Fund - Direct Plan - Growth performance | Motilal Oswal Liquid Fund - Direct Plan - Growth fund manager | Liquid Fund fund comparison | buy Motilal Oswal Liquid Fund - Direct Plan - Growth online | Motilal Oswal Liquid Fund - Direct Plan - Growth minimum investment | Liquid Fund fund returns India
Motilal Oswal Debt Fund - Regular Plan - Growth,Motilal Oswal,Debt,Short Duration Fund,200062,10.5252,5996.80,1.05,500,1000,5.06,10.49,8.27,5.44,CRISIL Composite Bond Fund Index,Moderate,3.32,0.34,198,Niket Shah,3.5 years,Aims to provide capital appreciation by investing in Debt securities,Debenture: 40.00% | SDL: 30.00% | T-Bills: 20.00% | GOI Sec: 10.00%,Nil,National Bank For Agriculture And Rural Development (5.8%) | Power Finance Corporation Ltd. (5.2%) | Rural Electrification Corporation Ltd. (4.9%) | 7.26% GOI 2032 (4.5%) | State Bank of India (4.1%) | National Highways Authority of India (3.8%) | Housing Development Finance Corporation Ltd. (3.5%) | Indian Railway Finance Corporation Ltd. (3.2%) | HDFC Bank Ltd. (2.9%) | Bajaj Finance Ltd. (2.5%),25-May-2026,16-Jun-2025,0%,LTCG 12.5% after 2 years for equity,9,Motilal Oswal Debt Fund - Regular Plan - Growth - Motilal Os,"Detailed review and analysis of Motilal Oswal Debt Fund - Regular Plan - Growth (Debt). Compare returns, expenses, holdings and risks. Start investing today.",Motilal Oswal Debt Fund - Regular Plan - Growth | Motilal Oswal Debt Fund - Regular Plan - Growth review | Debt mutual fund | Debt fund in India | Motilal Oswal Debt | best Debt funds | Motilal Oswal Debt Fund - Regular Plan - Growth NAV | Motilal Oswal Debt Fund - Regular Plan - Growth returns | Motilal Oswal Debt Fund - Regular Plan - Growth expense ratio | invest in Motilal Oswal Debt Fund - Regular Plan - Growth | Motilal Oswal Debt Fund - Regular Plan - Growth SIP | Debt investment 2025 | Motilal Oswal Debt Fund - Regular Plan - Growth vs Debt | top Debt funds India | Motilal Oswal Debt Fund - Regular Plan - Growth performance | Motilal Oswal Debt Fund - Regular Plan - Growth fund manager | Debt fund comparison | buy Motilal Oswal Debt Fund - Regular Plan - Growth online | Motilal Oswal Debt Fund - Regular Plan - Growth minimum investment | Debt fund returns India
Motilal Oswal Banking Fund - Direct Plan - Growth,Motilal Oswal,Banking,Sectoral - Banking & Financial Services,200063,11.4178,5252.80,0.92,500,1000,2.6,7.92,9.86,7.31,Nifty Bank TRI,Very High,16.86,0.21,52,Niket Shah,3.5 years,Aims to provide capital appreciation by investing in Banking securities,Equity: 97.00% | T-Bills: 3.00%,Nil,HDFC Bank Ltd. (22.5%) | ICICI Bank Ltd. (19.8%) | State Bank of India (12.4%) | Axis Bank Ltd. (10.8%) | Kotak Mahindra Bank Ltd. (8.5%) | Bank of Baroda (5.2%) | IndusInd Bank Ltd. (4.8%) | Federal Bank Ltd. (3.9%) | AU Small Finance Bank Ltd. (3.5%) | Punjab National Bank (2.8%),25-May-2026,14-Aug-2024,0%,LTCG 12.5% after 2 years for equity,9,Motilal Oswal Banking Fund - Direct Plan - Growth - Motilal,"Detailed review and analysis of Motilal Oswal Banking Fund - Direct Plan - Growth (Banking). Compare returns, expenses, holdings and risks. Start investing toda",Motilal Oswal Banking Fund - Direct Plan - Growth | Motilal Oswal Banking Fund - Direct Plan - Growth review | Banking mutual fund | Banking fund in India | Motilal Oswal Banking | best Banking funds | Motilal Oswal Banking Fund - Direct Plan - Growth NAV | Motilal Oswal Banking Fund - Direct Plan - Growth returns | Motilal Oswal Banking Fund - Direct Plan - Growth expense ratio | invest in Motilal Oswal Banking Fund - Direct Plan - Growth | Motilal Oswal Banking Fund - Direct Plan - Growth SIP | Banking investment 2025 | Motilal Oswal Banking Fund - Direct Plan - Growth vs Banking | top Banking funds India | Motilal Oswal Banking Fund - Direct Plan - Growth performance | Motilal Oswal Banking Fund - Direct Plan - Growth fund manager | Banking fund comparison | buy Motilal Oswal Banking Fund - Direct Plan - Growth online | Motilal Oswal Banking Fund - Direct Plan - Growth minimum investment | Banking fund returns India
Motilal Oswal Technology Fund - Regular Plan - Growth,Motilal Oswal,Technology,Sectoral - Technology,200064,9.6711,6760.80,1.98,500,1000,0.38,10.49,8.27,-2.04,Nifty IT TRI,Very High,19.69,0.34,59,Niket Shah,3.5 years,Aims to provide capital appreciation by investing in Technology securities,Equity: 91.00% | Forgn. Eq: 6.00% | T-Bills: 3.00%,Nil,Infosys Ltd. (18.5%) | Tata Consultancy Services Ltd. (15.2%) | Bharti Airtel Ltd. (12.4%) | HCL Technologies Ltd. (9.8%) | Wipro Ltd. (7.5%) | Tech Mahindra Ltd. (6.2%) | Coforge Ltd. (4.8%) | Mphasis Ltd. (4.2%) | Persistent Systems Ltd. (3.9%) | LTIMindtree Ltd. (3.5%),25-May-2026,20-Jun-2024,0%,LTCG 12.5% after 2 years for equity,9,Motilal Oswal Technology Fund - Regular Plan - Growth - Moti,"Detailed review and analysis of Motilal Oswal Technology Fund - Regular Plan - Growth (Technology). Compare returns, expenses, holdings and risks. Start investi",Motilal Oswal Technology Fund - Regular Plan - Growth | Motilal Oswal Technology Fund - Regular Plan - Growth review | Technology mutual fund | Technology fund in India | Motilal Oswal Technology | best Technology funds | Motilal Oswal Technology Fund - Regular Plan - Growth NAV | Motilal Oswal Technology Fund - Regular Plan - Growth returns | Motilal Oswal Technology Fund - Regular Plan - Growth expense ratio | invest in Motilal Oswal Technology Fund - Regular Plan - Growth | Motilal Oswal Technology Fund - Regular Plan - Growth SIP | Technology investment 2025 | Motilal Oswal Technology Fund - Regular Plan - Growth vs Technology | top Technology funds India | Motilal Oswal Technology Fund - Regular Plan - Growth performance | Motilal Oswal Technology Fund - Regular Plan - Growth fund manager | Technology fund comparison | buy Motilal Oswal Technology Fund - Regular Plan - Growth online | Motilal Oswal Technology Fund - Regular Plan - Growth minimum investment | Technology fund returns India
Motilal Oswal Infrastructure Fund - Direct Plan - Growth,Motilal Oswal,Thematic,Thematic - Infrastructure,200065,12.8472,4136.00,0.92,500,1000,19.87,5.24,3.11,20.58,Nifty Infrastructure TRI,Very High,16.65,0.66,55,Niket Shah,3.5 years,Aims to provide capital appreciation by investing in Thematic securities,Equity: 95.00% | T-Bills: 5.00%,Nil,HDFC Bank Ltd. (5.8%) | ICICI Bank Ltd. (5.2%) | Larsen & Toubro Ltd. (4.9%) | Reliance Industries Ltd. (4.5%) | Infosys Ltd. (4.1%) | Bharti Airtel Ltd. (3.8%) | Axis Bank Ltd. (3.5%) | State Bank of India (3.2%) | Tata Motors Ltd. (2.9%) | Adani Ports & SEZ Ltd. (2.6%),25-May-2026,19-May-2025,0%,LTCG 12.5% after 2 years for equity,9,Motilal Oswal Infrastructure Fund - Direct Plan - Growth - M,"Detailed review and analysis of Motilal Oswal Infrastructure Fund - Direct Plan - Growth (Thematic). Compare returns, expenses, holdings and risks. Start invest",Motilal Oswal Infrastructure Fund - Direct Plan - Growth | Motilal Oswal Infrastructure Fund - Direct Plan - Growth review | Thematic mutual fund | Thematic fund in India | Motilal Oswal Thematic | best Thematic funds | Motilal Oswal Infrastructure Fund - Direct Plan - Growth NAV | Motilal Oswal Infrastructure Fund - Direct Plan - Growth returns | Motilal Oswal Infrastructure Fund - Direct Plan - Growth expense ratio | invest in Motilal Oswal Infrastructure Fund - Direct Plan - Growth | Motilal Oswal Infrastructure Fund - Direct Plan - Growth SIP | Thematic investment 2025 | Motilal Oswal Infrastructure Fund - Direct Plan - Growth vs Thematic | top Thematic funds India | Motilal Oswal Infrastructure Fund - Direct Plan - Growth performance | Motilal Oswal Infrastructure Fund - Direct Plan - Growth fund manager | Thematic fund comparison | buy Motilal Oswal Infrastructure Fund - Direct Plan - Growth online | Motilal Oswal Infrastructure Fund - Direct Plan - Growth minimum investment | Thematic fund returns India
Motilal Oswal Dividend Fund - Regular Plan - Growth,Motilal Oswal,Thematic,Thematic - Dividend Yield,200066,10.5252,4140.40,1.92,500,1000,5.06,6.65,5.81,5.44,Nifty Dividend Opportunities 50 TRI,Moderate,16.68,-1.69,56,Niket Shah,3.5 years,Aims to provide capital appreciation by investing in Thematic securities,Equity: 95.00% | T-Bills: 5.00%,Nil,HDFC Bank Ltd. (5.8%) | ICICI Bank Ltd. (5.2%) | Larsen & Toubro Ltd. (4.9%) | Reliance Industries Ltd. (4.5%) | Infosys Ltd. (4.1%) | Bharti Airtel Ltd. (3.8%) | Axis Bank Ltd. (3.5%) | State Bank of India (3.2%) | Tata Motors Ltd. (2.9%) | Adani Ports & SEZ Ltd. (2.6%),25-May-2026,16-Jun-2025,0%,LTCG 12.5% after 2 years for equity,9,Motilal Oswal Dividend Fund - Regular Plan - Growth - Motila,"Detailed review and analysis of Motilal Oswal Dividend Fund - Regular Plan - Growth (Thematic). Compare returns, expenses, holdings and risks. Start investing t",Motilal Oswal Dividend Fund - Regular Plan - Growth | Motilal Oswal Dividend Fund - Regular Plan - Growth review | Thematic mutual fund | Thematic fund in India | Motilal Oswal Thematic | best Thematic funds | Motilal Oswal Dividend Fund - Regular Plan - Growth NAV | Motilal Oswal Dividend Fund - Regular Plan - Growth returns | Motilal Oswal Dividend Fund - Regular Plan - Growth expense ratio | invest in Motilal Oswal Dividend Fund - Regular Plan - Growth | Motilal Oswal Dividend Fund - Regular Plan - Growth SIP | Thematic investment 2025 | Motilal Oswal Dividend Fund - Regular Plan - Growth vs Thematic | top Thematic funds India | Motilal Oswal Dividend Fund - Regular Plan - Growth performance | Motilal Oswal Dividend Fund - Regular Plan - Growth fund manager | Thematic fund comparison | buy Motilal Oswal Dividend Fund - Regular Plan - Growth online | Motilal Oswal Dividend Fund - Regular Plan - Growth minimum investment | Thematic fund returns India
Motilal Oswal Balanced Advantage Fund - Direct Plan - Growth,Motilal Oswal,Balanced Hybrid,Balanced Advantage Fund,200067,20.2306,11304.00,0.78,500,1000,-3.44,6.34,5.5,7.53,Nifty 50 Hybrid Composite Debt 65:35 Index,Moderately High,9.51,-0.02,167,Niket Shah,3.5 years,Aims to provide capital appreciation by investing in Balanced Hybrid securities,Equity: 65.00% | Debt: 30.00% | T-Bills: 5.00%,Nil,HDFC Bank Ltd. (6.8%) | ICICI Bank Ltd. (5.5%) | Reliance Industries Ltd. (4.5%) | 8.38% GOI 2027 (4.2%) | Infosys Ltd. (3.8%) | 7.26% GOI 2032 (3.5%) | Axis Bank Ltd. (3.2%) | Bharti Airtel Ltd. (2.9%) | Larsen & Toubro Ltd. (2.6%) | Tata Consultancy Services Ltd. (2.4%),25-May-2026,28-Sep-2016,0%,LTCG 12.5% after 2 years for equity,9,Motilal Oswal Balanced Advantage Fund - Direct Plan - Growth,"Detailed review and analysis of Motilal Oswal Balanced Advantage Fund - Direct Plan - Growth (Balanced Hybrid). Compare returns, expenses, holdings and risks. S",Motilal Oswal Balanced Advantage Fund - Direct Plan - Growth | Motilal Oswal Balanced Advantage Fund - Direct Plan - Growth review | Balanced Hybrid mutual fund | Balanced Hybrid fund in India | Motilal Oswal Balanced Hybrid | best Balanced Hybrid funds | Motilal Oswal Balanced Advantage Fund - Direct Plan - Growth NAV | Motilal Oswal Balanced Advantage Fund - Direct Plan - Growth returns | Motilal Oswal Balanced Advantage Fund - Direct Plan - Growth expense ratio | invest in Motilal Oswal Balanced Advantage Fund - Direct Plan - Growth | Motilal Oswal Balanced Advantage Fund - Direct Plan - Growth SIP | Balanced Hybrid investment 2025 | Motilal Oswal Balanced Advantage Fund - Direct Plan - Growth vs Balanced Hybrid | top Balanced Hybrid funds India | Motilal Oswal Balanced Advantage Fund - Direct Plan - Growth performance | Motilal Oswal Balanced Advantage Fund - Direct Plan - Growth fund manager | Balanced Hybrid fund comparison | buy Motilal Oswal Balanced Advantage Fund - Direct Plan - Growth online | Motilal Oswal Balanced Advantage Fund - Direct Plan - Growth minimum investment | Balanced Hybrid fund returns India
Motilal Oswal International Fund - Regular Plan - Growth,Motilal Oswal,International,Fund of Funds - Overseas,200068,9.6711,2640.40,2.05,500,1000,0.38,10.49,8.27,-2.04,MSCI World Index,Very High,15.38,0.34,23,Niket Shah,3.5 years,Aims to provide capital appreciation by investing in International securities,Forgn. Eq: 95.00% | Cash & Equivalents: 5.00%,Nil,Apple Inc. (8.5%) | Microsoft Corp. (7.8%) | Alphabet Inc Class A (6.9%) | Amazon.com Inc. (5.2%) | NVIDIA Corp. (4.8%) | Meta Platforms Inc. (4.2%) | Tesla Inc. (3.9%) | Berkshire Hathaway Inc. (3.5%) | UnitedHealth Group Inc. (3.1%) | Johnson & Johnson (2.8%),25-May-2026,20-Jun-2024,0%,LTCG 12.5% after 2 years for equity,9,Motilal Oswal International Fund - Regular Plan - Growth - M,"Detailed review and analysis of Motilal Oswal International Fund - Regular Plan - Growth (International). Compare returns, expenses, holdings and risks. Start i",Motilal Oswal International Fund - Regular Plan - Growth | Motilal Oswal International Fund - Regular Plan - Growth review | International mutual fund | International fund in India | Motilal Oswal International | best International funds | Motilal Oswal International Fund - Regular Plan - Growth NAV | Motilal Oswal International Fund - Regular Plan - Growth returns | Motilal Oswal International Fund - Regular Plan - Growth expense ratio | invest in Motilal Oswal International Fund - Regular Plan - Growth | Motilal Oswal International Fund - Regular Plan - Growth SIP | International investment 2025 | Motilal Oswal International Fund - Regular Plan - Growth vs International | top International funds India | Motilal Oswal International Fund - Regular Plan - Growth performance | Motilal Oswal International Fund - Regular Plan - Growth fund manager | International fund comparison | buy Motilal Oswal International Fund - Regular Plan - Growth online | Motilal Oswal International Fund - Regular Plan - Growth minimum investment | International fund returns India
Motilal Oswal Energy Fund - Direct Plan - Growth,Motilal Oswal,Equity,Focused Fund,200069,10.5969,9062.40,0.75,500,1000,5.77,11.75,9.53,6.21,Nifty 500 TRI,Moderate,14.24,0.41,46,Niket Shah,3.5 years,Aims to provide capital appreciation by investing in Equity securities,Equity: 97.00% | T-Bills: 3.00%,Nil,HDFC Bank Ltd. (8.8%) | ICICI Bank Ltd. (7.5%) | Reliance Industries Ltd. (6.2%) | Infosys Ltd. (5.8%) | Axis Bank Ltd. (5.1%) | Larsen & Toubro Ltd. (4.5%) | Bharti Airtel Ltd. (4.1%) | Sun Pharmaceutical Industries Ltd. (3.8%) | Tata Consultancy Services Ltd. (3.5%) | State Bank of India (3.2%),25-May-2026,16-Jun-2025,0%,LTCG 12.5% after 2 years for equity,9,Motilal Oswal Energy Fund - Direct Plan - Growth - Motilal O,"Detailed review and analysis of Motilal Oswal Energy Fund - Direct Plan - Growth (Equity). Compare returns, expenses, holdings and risks. Start investing today.",Motilal Oswal Energy Fund - Direct Plan - Growth | Motilal Oswal Energy Fund - Direct Plan - Growth review | Equity mutual fund | Equity fund in India | Motilal Oswal Equity | best Equity funds | Motilal Oswal Energy Fund - Direct Plan - Growth NAV | Motilal Oswal Energy Fund - Direct Plan - Growth returns | Motilal Oswal Energy Fund - Direct Plan - Growth expense ratio | invest in Motilal Oswal Energy Fund - Direct Plan - Growth | Motilal Oswal Energy Fund - Direct Plan - Growth SIP | Equity investment 2025 | Motilal Oswal Energy Fund - Direct Plan - Growth vs Equity | top Equity funds India | Motilal Oswal Energy Fund - Direct Plan - Growth performance | Motilal Oswal Energy Fund - Direct Plan - Growth fund manager | Equity fund comparison | buy Motilal Oswal Energy Fund - Direct Plan - Growth online | Motilal Oswal Energy Fund - Direct Plan - Growth minimum investment | Equity fund returns India
Motilal Oswal Pharma Fund - Regular Plan - Growth,Motilal Oswal,Pharma,Sectoral - Pharma & Healthcare,200070,10.5252,3780.00,1.95,500,1000,5.06,10.49,8.27,5.44,Nifty Pharma TRI,Very High,16.40,0.34,58,Niket Shah,3.5 years,Aims to provide capital appreciation by investing in Pharma securities,Equity: 96.00% | T-Bills: 4.00%,Nil,Sun Pharmaceutical Industries Ltd. (20.5%) | Dr. Reddy's Laboratories Ltd. (12.8%) | Cipla Ltd. (10.4%) | Divi's Laboratories Ltd. (9.8%) | Torrent Pharmaceuticals Ltd. (7.2%) | Aurobindo Pharma Ltd. (5.8%) | Alkem Laboratories Ltd. (5.2%) | Lupin Ltd. (4.9%) | Ipca Laboratories Ltd. (3.8%) | Mankind Pharma Ltd. (3.5%),25-May-2026,16-Jun-2025,0%,LTCG 12.5% after 2 years for equity,9,Motilal Oswal Pharma Fund - Regular Plan - Growth - Motilal,"Detailed review and analysis of Motilal Oswal Pharma Fund - Regular Plan - Growth (Pharma). Compare returns, expenses, holdings and risks. Start investing today",Motilal Oswal Pharma Fund - Regular Plan - Growth | Motilal Oswal Pharma Fund - Regular Plan - Growth review | Pharma mutual fund | Pharma fund in India | Motilal Oswal Pharma | best Pharma funds | Motilal Oswal Pharma Fund - Regular Plan - Growth NAV | Motilal Oswal Pharma Fund - Regular Plan - Growth returns | Motilal Oswal Pharma Fund - Regular Plan - Growth expense ratio | invest in Motilal Oswal Pharma Fund - Regular Plan - Growth | Motilal Oswal Pharma Fund - Regular Plan - Growth SIP | Pharma investment 2025 | Motilal Oswal Pharma Fund - Regular Plan - Growth vs Pharma | top Pharma funds India | Motilal Oswal Pharma Fund - Regular Plan - Growth performance | Motilal Oswal Pharma Fund - Regular Plan - Growth fund manager | Pharma fund comparison | buy Motilal Oswal Pharma Fund - Regular Plan - Growth online | Motilal Oswal Pharma Fund - Regular Plan - Growth minimum investment | Pharma fund returns India
Motilal Oswal Auto Fund - Direct Plan - Growth,Motilal Oswal,Sectoral,Sectoral - Automotive,200071,53.6693,3405.60,0.98,500,1000,8.24,11.37,9.46,13.71,Nifty Auto TRI,Moderate,18.23,0.27,68,Niket Shah,3.5 years,Aims to provide capital appreciation by investing in Sectoral securities,Equity: 96.00% | T-Bills: 4.00%,Nil,HDFC Bank Ltd. (8.5%) | ICICI Bank Ltd. (7.2%) | State Bank of India (5.8%) | Axis Bank Ltd. (5.2%) | Kotak Mahindra Bank Ltd. (4.9%) | IndusInd Bank Ltd. (4.5%) | Infosys Ltd. (4.1%) | TCS Ltd. (3.8%) | Bharti Airtel Ltd. (3.5%) | Reliance Industries Ltd. (3.2%),25-May-2026,15-May-2013,0%,LTCG 12.5% after 2 years for equity,9,Motilal Oswal Auto Fund - Direct Plan - Growth - Motilal Osw,"Detailed review and analysis of Motilal Oswal Auto Fund - Direct Plan - Growth (Sectoral). Compare returns, expenses, holdings and risks. Start investing today.",Motilal Oswal Auto Fund - Direct Plan - Growth | Motilal Oswal Auto Fund - Direct Plan - Growth review | Sectoral mutual fund | Sectoral fund in India | Motilal Oswal Sectoral | best Sectoral funds | Motilal Oswal Auto Fund - Direct Plan - Growth NAV | Motilal Oswal Auto Fund - Direct Plan - Growth returns | Motilal Oswal Auto Fund - Direct Plan - Growth expense ratio | invest in Motilal Oswal Auto Fund - Direct Plan - Growth | Motilal Oswal Auto Fund - Direct Plan - Growth SIP | Sectoral investment 2025 | Motilal Oswal Auto Fund - Direct Plan - Growth vs Sectoral | top Sectoral funds India | Motilal Oswal Auto Fund - Direct Plan - Growth performance | Motilal Oswal Auto Fund - Direct Plan - Growth fund manager | Sectoral fund comparison | buy Motilal Oswal Auto Fund - Direct Plan - Growth online | Motilal Oswal Auto Fund - Direct Plan - Growth minimum investment | Sectoral fund returns India
Motilal Oswal Manufacturing Fund - Regular Plan - Growth,Motilal Oswal,Equity,Focused Fund,200072,11.131,9091.20,1.75,500,1000,1.13,3.38,2.01,5.8,Nifty 500 TRI,Moderate,14.31,0.07,47,Niket Shah,3.5 years,Aims to provide capital appreciation by investing in Equity securities,Equity: 97.00% | T-Bills: 3.00%,Nil,HDFC Bank Ltd. (8.8%) | ICICI Bank Ltd. (7.5%) | Reliance Industries Ltd. (6.2%) | Infosys Ltd. (5.8%) | Axis Bank Ltd. (5.1%) | Larsen & Toubro Ltd. (4.5%) | Bharti Airtel Ltd. (4.1%) | Sun Pharmaceutical Industries Ltd. (3.8%) | Tata Consultancy Services Ltd. (3.5%) | State Bank of India (3.2%),25-May-2026,14-Aug-2024,0%,LTCG 12.5% after 2 years for equity,9,Motilal Oswal Manufacturing Fund - Regular Plan - Growth - M,"Detailed review and analysis of Motilal Oswal Manufacturing Fund - Regular Plan - Growth (Equity). Compare returns, expenses, holdings and risks. Start investin",Motilal Oswal Manufacturing Fund - Regular Plan - Growth | Motilal Oswal Manufacturing Fund - Regular Plan - Growth review | Equity mutual fund | Equity fund in India | Motilal Oswal Equity | best Equity funds | Motilal Oswal Manufacturing Fund - Regular Plan - Growth NAV | Motilal Oswal Manufacturing Fund - Regular Plan - Growth returns | Motilal Oswal Manufacturing Fund - Regular Plan - Growth expense ratio | invest in Motilal Oswal Manufacturing Fund - Regular Plan - Growth | Motilal Oswal Manufacturing Fund - Regular Plan - Growth SIP | Equity investment 2025 | Motilal Oswal Manufacturing Fund - Regular Plan - Growth vs Equity | top Equity funds India | Motilal Oswal Manufacturing Fund - Regular Plan - Growth performance | Motilal Oswal Manufacturing Fund - Regular Plan - Growth fund manager | Equity fund comparison | buy Motilal Oswal Manufacturing Fund - Regular Plan - Growth online | Motilal Oswal Manufacturing Fund - Regular Plan - Growth minimum investment | Equity fund returns India
Aditya Birla Sun Life Large Cap Fund - Direct Plan - Growth,Aditya Birla Sun Life,Large Cap,Large Cap Fund,200073,1009.42,18960.00,0.52,500,1000,2.72,14.14,10.5,14.49,Nifty 50,Very High,12.61,0.61,29,Mahesh Patil,3.5 years,Aims to provide capital appreciation by investing in Large Cap securities,Equity: 96.00% | T-Bills: 4.00%,Nil,HDFC Bank Ltd. (8.5%) | ICICI Bank Ltd. (7.8%) | Reliance Industries Ltd. (6.9%) | Infosys Ltd. (5.2%) | Larsen & Toubro Ltd. (4.8%) | Axis Bank Ltd. (3.9%) | Tata Consultancy Services Ltd. (3.7%) | Bharti Airtel Ltd. (3.4%) | State Bank of India (3.1%) | ITC Ltd. (2.8%),25-May-2026,02-Jan-2013,0%,LTCG 12.5% after 2 years for equity,10,Aditya Birla Sun Life Large Cap Fund - Direct Plan - Growth,"Detailed review and analysis of Aditya Birla Sun Life Large Cap Fund - Direct Plan - Growth (Large Cap). Compare returns, expenses, holdings and risks. Start in",Aditya Birla Sun Life Large Cap Fund - Direct Plan - Growth | Aditya Birla Sun Life Large Cap Fund - Direct Plan - Growth review | Large Cap mutual fund | Large Cap fund in India | Aditya Birla Sun Life Large Cap | best Large Cap funds | Aditya Birla Sun Life Large Cap Fund - Direct Plan - Growth NAV | Aditya Birla Sun Life Large Cap Fund - Direct Plan - Growth returns | Aditya Birla Sun Life Large Cap Fund - Direct Plan - Growth expense ratio | invest in Aditya Birla Sun Life Large Cap Fund - Direct Plan - Growth | Aditya Birla Sun Life Large Cap Fund - Direct Plan - Growth SIP | Large Cap investment 2025 | Aditya Birla Sun Life Large Cap Fund - Direct Plan - Growth vs Large Cap | top Large Cap funds India | Aditya Birla Sun Life Large Cap Fund - Direct Plan - Growth performance | Aditya Birla Sun Life Large Cap Fund - Direct Plan - Growth fund manager | Large Cap fund comparison | buy Aditya Birla Sun Life Large Cap Fund - Direct Plan - Growth online | Aditya Birla Sun Life Large Cap Fund - Direct Plan - Growth minimum investment | Large Cap fund returns India
Aditya Birla Sun Life Mid Cap Fund - Regular Plan - Growth,Aditya Birla Sun Life,Mid Cap,Mid Cap Fund,200074,45.2074,11388.00,1.75,500,1000,0,0,0,7.87,Nifty Midcap 150 TRI,Very High,16.47,0.71,42,Mahesh Patil,3.5 years,Aims to provide capital appreciation by investing in Mid Cap securities,Equity: 94.00% | T-Bills: 6.00%,Nil,Voltas Ltd. (3.8%) | Mphasis Ltd. (3.5%) | Coforge Ltd. (3.2%) | Sundram Fasteners Ltd. (2.9%) | Persistent Systems Ltd. (2.7%) | Zydus Lifesciences Ltd. (2.5%) | Crompton Greaves Consumer Electricals Ltd. (2.4%) | Oberoi Realty Ltd. (2.2%) | Tube Investments of India Ltd. (2.1%) | Emami Ltd. (2.0%),25-May-2026,03-Apr-2006,0%,LTCG 12.5% after 2 years for equity,10,Aditya Birla Sun Life Mid Cap Fund - Regular Plan - Growth -,"Detailed review and analysis of Aditya Birla Sun Life Mid Cap Fund - Regular Plan - Growth (Mid Cap). Compare returns, expenses, holdings and risks. Start inves",Aditya Birla Sun Life Mid Cap Fund - Regular Plan - Growth | Aditya Birla Sun Life Mid Cap Fund - Regular Plan - Growth review | Mid Cap mutual fund | Mid Cap fund in India | Aditya Birla Sun Life Mid Cap | best Mid Cap funds | Aditya Birla Sun Life Mid Cap Fund - Regular Plan - Growth NAV | Aditya Birla Sun Life Mid Cap Fund - Regular Plan - Growth returns | Aditya Birla Sun Life Mid Cap Fund - Regular Plan - Growth expense ratio | invest in Aditya Birla Sun Life Mid Cap Fund - Regular Plan - Growth | Aditya Birla Sun Life Mid Cap Fund - Regular Plan - Growth SIP | Mid Cap investment 2025 | Aditya Birla Sun Life Mid Cap Fund - Regular Plan - Growth vs Mid Cap | top Mid Cap funds India | Aditya Birla Sun Life Mid Cap Fund - Regular Plan - Growth performance | Aditya Birla Sun Life Mid Cap Fund - Regular Plan - Growth fund manager | Mid Cap fund comparison | buy Aditya Birla Sun Life Mid Cap Fund - Regular Plan - Growth online | Aditya Birla Sun Life Mid Cap Fund - Regular Plan - Growth minimum investment | Mid Cap fund returns India
Aditya Birla Sun Life Small Cap Fund - Direct Plan - Growth,Aditya Birla Sun Life,Small Cap,Small Cap Fund,200075,90.4121,5421.56,0.82,500,1000,9.14,17.46,13.84,12.23,Nifty Smallcap 250 TRI,Very High,19.30,0.57,34,Harikesh Singh Nagi,5.2 years,Aims to provide capital appreciation by investing in Small Cap securities,Equity: 91.00% | Cash & Equivalents: 9.00%,Nil,Aarti Drugs Ltd. (3.2%) | Hatsun Agro Product Ltd. (2.9%) | National Aluminium Company Ltd. (2.7%) | VST Tillers Tractors Ltd. (2.5%) | Repco Home Finance Ltd. (2.3%) | RACL Geartech Ltd. (2.1%) | Neuland Laboratories Ltd. (2.0%) | Mold-Tek Packaging Ltd. (1.9%) | NIIT Learning Systems Ltd. (1.8%) | Nuvama Wealth Management Ltd. (1.7%),25-May-2026,31-May-2007,0%,LTCG 12.5% after 2 years for equity,10,Aditya Birla Sun Life Small Cap Fund - Direct Plan - Growth,"Detailed review and analysis of Aditya Birla Sun Life Small Cap Fund - Direct Plan - Growth (Small Cap). Compare returns, expenses, holdings and risks. Start in",Aditya Birla Sun Life Small Cap Fund - Direct Plan - Growth | Aditya Birla Sun Life Small Cap Fund - Direct Plan - Growth review | Small Cap mutual fund | Small Cap fund in India | Aditya Birla Sun Life Small Cap | best Small Cap funds | Aditya Birla Sun Life Small Cap Fund - Direct Plan - Growth NAV | Aditya Birla Sun Life Small Cap Fund - Direct Plan - Growth returns | Aditya Birla Sun Life Small Cap Fund - Direct Plan - Growth expense ratio | invest in Aditya Birla Sun Life Small Cap Fund - Direct Plan - Growth | Aditya Birla Sun Life Small Cap Fund - Direct Plan - Growth SIP | Small Cap investment 2025 | Aditya Birla Sun Life Small Cap Fund - Direct Plan - Growth vs Small Cap | top Small Cap funds India | Aditya Birla Sun Life Small Cap Fund - Direct Plan - Growth performance | Aditya Birla Sun Life Small Cap Fund - Direct Plan - Growth fund manager | Small Cap fund comparison | buy Aditya Birla Sun Life Small Cap Fund - Direct Plan - Growth online | Aditya Birla Sun Life Small Cap Fund - Direct Plan - Growth minimum investment | Small Cap fund returns India
Aditya Birla Sun Life Multi Cap Fund - Regular Plan - Growth,Aditya Birla Sun Life,Multi Cap,Multi Cap Fund,200076,1265.74,13694.40,1.68,500,1000,-3.49,10.75,6.52,12.27,Nifty 500 Multicap 50:25:25 TRI,Very High,14.85,0.29,50,Mahesh Patil,3.5 years,Aims to provide capital appreciation by investing in Multi Cap securities,Equity: 97.00% | T-Bills: 3.00%,Nil,HDFC Bank Ltd. (6.5%) | ICICI Bank Ltd. (5.8%) | Reliance Industries Ltd. (4.9%) | Infosys Ltd. (4.2%) | Axis Bank Ltd. (3.6%) | Larsen & Toubro Ltd. (3.2%) | Tata Consultancy Services Ltd. (2.9%) | Bharti Airtel Ltd. (2.7%) | State Bank of India (2.4%) | Sun Pharmaceutical Industries Ltd. (2.2%),25-May-2026,03-Apr-2006,0%,LTCG 12.5% after 2 years for equity,10,Aditya Birla Sun Life Multi Cap Fund - Regular Plan - Growth,"Detailed review and analysis of Aditya Birla Sun Life Multi Cap Fund - Regular Plan - Growth (Multi Cap). Compare returns, expenses, holdings and risks. Start i",Aditya Birla Sun Life Multi Cap Fund - Regular Plan - Growth | Aditya Birla Sun Life Multi Cap Fund - Regular Plan - Growth review | Multi Cap mutual fund | Multi Cap fund in India | Aditya Birla Sun Life Multi Cap | best Multi Cap funds | Aditya Birla Sun Life Multi Cap Fund - Regular Plan - Growth NAV | Aditya Birla Sun Life Multi Cap Fund - Regular Plan - Growth returns | Aditya Birla Sun Life Multi Cap Fund - Regular Plan - Growth expense ratio | invest in Aditya Birla Sun Life Multi Cap Fund - Regular Plan - Growth | Aditya Birla Sun Life Multi Cap Fund - Regular Plan - Growth SIP | Multi Cap investment 2025 | Aditya Birla Sun Life Multi Cap Fund - Regular Plan - Growth vs Multi Cap | top Multi Cap funds India | Aditya Birla Sun Life Multi Cap Fund - Regular Plan - Growth performance | Aditya Birla Sun Life Multi Cap Fund - Regular Plan - Growth fund manager | Multi Cap fund comparison | buy Aditya Birla Sun Life Multi Cap Fund - Regular Plan - Growth online | Aditya Birla Sun Life Multi Cap Fund - Regular Plan - Growth minimum investment | Multi Cap fund returns India
Aditya Birla Sun Life Flexi Cap Fund - Direct Plan - Growth,Aditya Birla Sun Life,Flexi Cap,Flexi Cap Fund,200077,2068.07,10662.40,0.72,500,1000,4.97,17.4,13.76,16.1,Nifty 500 TRI,Very High,14.09,0.77,46,Mahesh Patil,3.5 years,Aims to provide capital appreciation by investing in Flexi Cap securities,Equity: 95.00% | T-Bills: 5.00%,Nil,HDFC Bank Ltd. (8.2%) | ICICI Bank Ltd. (6.9%) | Infosys Ltd. (5.5%) | Reliance Industries Ltd. (5.1%) | Axis Bank Ltd. (4.2%) | Larsen & Toubro Ltd. (3.8%) | Tata Consultancy Services Ltd. (3.4%) | Bharti Airtel Ltd. (3.1%) | Sun Pharmaceutical Industries Ltd. (2.8%) | Kotak Mahindra Bank Ltd. (2.5%),25-May-2026,02-Jan-2013,0%,LTCG 12.5% after 2 years for equity,10,Aditya Birla Sun Life Flexi Cap Fund - Direct Plan - Growth,"Detailed review and analysis of Aditya Birla Sun Life Flexi Cap Fund - Direct Plan - Growth (Flexi Cap). Compare returns, expenses, holdings and risks. Start in",Aditya Birla Sun Life Flexi Cap Fund - Direct Plan - Growth | Aditya Birla Sun Life Flexi Cap Fund - Direct Plan - Growth review | Flexi Cap mutual fund | Flexi Cap fund in India | Aditya Birla Sun Life Flexi Cap | best Flexi Cap funds | Aditya Birla Sun Life Flexi Cap Fund - Direct Plan - Growth NAV | Aditya Birla Sun Life Flexi Cap Fund - Direct Plan - Growth returns | Aditya Birla Sun Life Flexi Cap Fund - Direct Plan - Growth expense ratio | invest in Aditya Birla Sun Life Flexi Cap Fund - Direct Plan - Growth | Aditya Birla Sun Life Flexi Cap Fund - Direct Plan - Growth SIP | Flexi Cap investment 2025 | Aditya Birla Sun Life Flexi Cap Fund - Direct Plan - Growth vs Flexi Cap | top Flexi Cap funds India | Aditya Birla Sun Life Flexi Cap Fund - Direct Plan - Growth performance | Aditya Birla Sun Life Flexi Cap Fund - Direct Plan - Growth fund manager | Flexi Cap fund comparison | buy Aditya Birla Sun Life Flexi Cap Fund - Direct Plan - Growth online | Aditya Birla Sun Life Flexi Cap Fund - Direct Plan - Growth minimum investment | Flexi Cap fund returns India
Aditya Birla Sun Life ELSS Tax Saver Fund - Regular Plan - Growth,Aditya Birla Sun Life,ELSS,ELSS (Tax Saving),200078,1265.74,7624.00,1.85,500,1000,-3.49,10.75,6.52,12.27,Nifty 500 TRI,Very High,15.20,0.28,38,Mahesh Patil,3.5 years,Aims to provide capital appreciation by investing in ELSS securities,Equity: 96.00% | T-Bills: 4.00%,Nil,ICICI Bank Ltd. (8.5%) | HDFC Bank Ltd. (7.2%) | Infosys Ltd. (5.8%) | Reliance Industries Ltd. (5.2%) | Axis Bank Ltd. (4.9%) | Kotak Mahindra Bank Ltd. (4.3%) | Sun Pharmaceutical Industries Ltd. (3.9%) | Bharti Airtel Ltd. (3.5%) | Larsen & Toubro Ltd. (3.2%) | Tata Consultancy Services Ltd. (2.9%),25-May-2026,03-Apr-2006,0%,LTCG 12.5% after 2 years for equity,10,Aditya Birla Sun Life ELSS Tax Saver Fund - Regular Plan - G,"Detailed review and analysis of Aditya Birla Sun Life ELSS Tax Saver Fund - Regular Plan - Growth (ELSS). Compare returns, expenses, holdings and risks. Start i",Aditya Birla Sun Life ELSS Tax Saver Fund - Regular Plan - Growth | Aditya Birla Sun Life ELSS Tax Saver Fund - Regular Plan - Growth review | ELSS mutual fund | ELSS fund in India | Aditya Birla Sun Life ELSS | best ELSS funds | Aditya Birla Sun Life ELSS Tax Saver Fund - Regular Plan - Growth NAV | Aditya Birla Sun Life ELSS Tax Saver Fund - Regular Plan - Growth returns | Aditya Birla Sun Life ELSS Tax Saver Fund - Regular Plan - Growth expense ratio | invest in Aditya Birla Sun Life ELSS Tax Saver Fund - Regular Plan - Growth | Aditya Birla Sun Life ELSS Tax Saver Fund - Regular Plan - Growth SIP | ELSS investment 2025 | Aditya Birla Sun Life ELSS Tax Saver Fund - Regular Plan - Growth vs ELSS | top ELSS funds India | Aditya Birla Sun Life ELSS Tax Saver Fund - Regular Plan - Growth performance | Aditya Birla Sun Life ELSS Tax Saver Fund - Regular Plan - Growth fund manager | ELSS fund comparison | buy Aditya Birla Sun Life ELSS Tax Saver Fund - Regular Plan - Growth online | Aditya Birla Sun Life ELSS Tax Saver Fund - Regular Plan - Growth minimum investment | ELSS fund returns India
Aditya Birla Sun Life Liquid Fund - Direct Plan - Growth,Aditya Birla Sun Life,Liquid Fund,Liquid Fund,200079,443.7671,34344.00,0.12,500,1000,6.09,6.85,6.05,20.09,NIFTY Liquid Index,Low,0.13,2.69,279,Mahesh Patil,3.5 years,Aims to provide capital appreciation by investing in Liquid Fund securities,T-Bills: 65.00% | CD: 20.00% | CP: 10.00% | Cash: 5.00%,Nil,State Bank of India CD (8.5%) | HDFC Bank CD (7.2%) | Reliance Industries T-Bills (6.8%) | ICICI Bank CP (5.9%) | 182-Day T-Bill (5.5%) | National Bank For Agriculture And Rural Development (5.2%) | 91-Day T-Bill (4.8%) | Kotak Mahindra Bank CD (4.5%) | Axis Bank CP (4.1%) | Power Finance Corporation (3.8%),25-May-2026,02-Apr-2006,0%,LTCG 12.5% after 2 years for equity,10,Aditya Birla Sun Life Liquid Fund - Direct Plan - Growth - A,"Detailed review and analysis of Aditya Birla Sun Life Liquid Fund - Direct Plan - Growth (Liquid Fund). Compare returns, expenses, holdings and risks. Start inv",Aditya Birla Sun Life Liquid Fund - Direct Plan - Growth | Aditya Birla Sun Life Liquid Fund - Direct Plan - Growth review | Liquid Fund mutual fund | Liquid Fund fund in India | Aditya Birla Sun Life Liquid Fund | best Liquid Fund funds | Aditya Birla Sun Life Liquid Fund - Direct Plan - Growth NAV | Aditya Birla Sun Life Liquid Fund - Direct Plan - Growth returns | Aditya Birla Sun Life Liquid Fund - Direct Plan - Growth expense ratio | invest in Aditya Birla Sun Life Liquid Fund - Direct Plan - Growth | Aditya Birla Sun Life Liquid Fund - Direct Plan - Growth SIP | Liquid Fund investment 2025 | Aditya Birla Sun Life Liquid Fund - Direct Plan - Growth vs Liquid Fund | top Liquid Fund funds India | Aditya Birla Sun Life Liquid Fund - Direct Plan - Growth performance | Aditya Birla Sun Life Liquid Fund - Direct Plan - Growth fund manager | Liquid Fund fund comparison | buy Aditya Birla Sun Life Liquid Fund - Direct Plan - Growth online | Aditya Birla Sun Life Liquid Fund - Direct Plan - Growth minimum investment | Liquid Fund fund returns India
Aditya Birla Sun Life Debt Fund - Regular Plan - Growth,Aditya Birla Sun Life,Debt,Short Duration Fund,200080,51.1409,6112.00,1.05,500,1000,0,0,0,8.56,CRISIL Composite Bond Fund Index,Moderate,3.50,0.71,225,Mahesh Patil,3.5 years,Aims to provide capital appreciation by investing in Debt securities,Debenture: 40.00% | SDL: 30.00% | T-Bills: 20.00% | GOI Sec: 10.00%,Nil,National Bank For Agriculture And Rural Development (5.8%) | Power Finance Corporation Ltd. (5.2%) | Rural Electrification Corporation Ltd. (4.9%) | 7.26% GOI 2032 (4.5%) | State Bank of India (4.1%) | National Highways Authority of India (3.8%) | Housing Development Finance Corporation Ltd. (3.5%) | Indian Railway Finance Corporation Ltd. (3.2%) | HDFC Bank Ltd. (2.9%) | Bajaj Finance Ltd. (2.5%),25-May-2026,03-Apr-2006,0%,LTCG 12.5% after 2 years for equity,10,Aditya Birla Sun Life Debt Fund - Regular Plan - Growth - Ad,"Detailed review and analysis of Aditya Birla Sun Life Debt Fund - Regular Plan - Growth (Debt). Compare returns, expenses, holdings and risks. Start investing t",Aditya Birla Sun Life Debt Fund - Regular Plan - Growth | Aditya Birla Sun Life Debt Fund - Regular Plan - Growth review | Debt mutual fund | Debt fund in India | Aditya Birla Sun Life Debt | best Debt funds | Aditya Birla Sun Life Debt Fund - Regular Plan - Growth NAV | Aditya Birla Sun Life Debt Fund - Regular Plan - Growth returns | Aditya Birla Sun Life Debt Fund - Regular Plan - Growth expense ratio | invest in Aditya Birla Sun Life Debt Fund - Regular Plan - Growth | Aditya Birla Sun Life Debt Fund - Regular Plan - Growth SIP | Debt investment 2025 | Aditya Birla Sun Life Debt Fund - Regular Plan - Growth vs Debt | top Debt funds India | Aditya Birla Sun Life Debt Fund - Regular Plan - Growth performance | Aditya Birla Sun Life Debt Fund - Regular Plan - Growth fund manager | Debt fund comparison | buy Aditya Birla Sun Life Debt Fund - Regular Plan - Growth online | Aditya Birla Sun Life Debt Fund - Regular Plan - Growth minimum investment | Debt fund returns India
Aditya Birla Sun Life Banking Fund - Direct Plan - Growth,Aditya Birla Sun Life,Banking,Sectoral - Banking & Financial Services,200081,52.6749,5353.60,0.92,500,1000,0,0,0,8.66,Nifty Bank TRI,Very High,17.37,0.71,57,Mahesh Patil,3.5 years,Aims to provide capital appreciation by investing in Banking securities,Equity: 97.00% | T-Bills: 3.00%,Nil,HDFC Bank Ltd. (22.5%) | ICICI Bank Ltd. (19.8%) | State Bank of India (12.4%) | Axis Bank Ltd. (10.8%) | Kotak Mahindra Bank Ltd. (8.5%) | Bank of Baroda (5.2%) | IndusInd Bank Ltd. (4.8%) | Federal Bank Ltd. (3.9%) | AU Small Finance Bank Ltd. (3.5%) | Punjab National Bank (2.8%),25-May-2026,02-Jan-2013,0%,LTCG 12.5% after 2 years for equity,10,Aditya Birla Sun Life Banking Fund - Direct Plan - Growth -,"Detailed review and analysis of Aditya Birla Sun Life Banking Fund - Direct Plan - Growth (Banking). Compare returns, expenses, holdings and risks. Start invest",Aditya Birla Sun Life Banking Fund - Direct Plan - Growth | Aditya Birla Sun Life Banking Fund - Direct Plan - Growth review | Banking mutual fund | Banking fund in India | Aditya Birla Sun Life Banking | best Banking funds | Aditya Birla Sun Life Banking Fund - Direct Plan - Growth NAV | Aditya Birla Sun Life Banking Fund - Direct Plan - Growth returns | Aditya Birla Sun Life Banking Fund - Direct Plan - Growth expense ratio | invest in Aditya Birla Sun Life Banking Fund - Direct Plan - Growth | Aditya Birla Sun Life Banking Fund - Direct Plan - Growth SIP | Banking investment 2025 | Aditya Birla Sun Life Banking Fund - Direct Plan - Growth vs Banking | top Banking funds India | Aditya Birla Sun Life Banking Fund - Direct Plan - Growth performance | Aditya Birla Sun Life Banking Fund - Direct Plan - Growth fund manager | Banking fund comparison | buy Aditya Birla Sun Life Banking Fund - Direct Plan - Growth online | Aditya Birla Sun Life Banking Fund - Direct Plan - Growth minimum investment | Banking fund returns India
Aditya Birla Sun Life Technology Fund - Regular Plan - Growth,Aditya Birla Sun Life,Technology,Sectoral - Technology,200082,1265.74,6890.40,1.98,500,1000,-3.49,10.75,6.52,12.27,Nifty IT TRI,Very High,20.32,0.21,65,Mahesh Patil,3.5 years,Aims to provide capital appreciation by investing in Technology securities,Equity: 91.00% | Forgn. Eq: 6.00% | T-Bills: 3.00%,Nil,Infosys Ltd. (18.5%) | Tata Consultancy Services Ltd. (15.2%) | Bharti Airtel Ltd. (12.4%) | HCL Technologies Ltd. (9.8%) | Wipro Ltd. (7.5%) | Tech Mahindra Ltd. (6.2%) | Coforge Ltd. (4.8%) | Mphasis Ltd. (4.2%) | Persistent Systems Ltd. (3.9%) | LTIMindtree Ltd. (3.5%),25-May-2026,03-Apr-2006,0%,LTCG 12.5% after 2 years for equity,10,Aditya Birla Sun Life Technology Fund - Regular Plan - Growt,"Detailed review and analysis of Aditya Birla Sun Life Technology Fund - Regular Plan - Growth (Technology). Compare returns, expenses, holdings and risks. Start",Aditya Birla Sun Life Technology Fund - Regular Plan - Growth | Aditya Birla Sun Life Technology Fund - Regular Plan - Growth review | Technology mutual fund | Technology fund in India | Aditya Birla Sun Life Technology | best Technology funds | Aditya Birla Sun Life Technology Fund - Regular Plan - Growth NAV | Aditya Birla Sun Life Technology Fund - Regular Plan - Growth returns | Aditya Birla Sun Life Technology Fund - Regular Plan - Growth expense ratio | invest in Aditya Birla Sun Life Technology Fund - Regular Plan - Growth | Aditya Birla Sun Life Technology Fund - Regular Plan - Growth SIP | Technology investment 2025 | Aditya Birla Sun Life Technology Fund - Regular Plan - Growth vs Technology | top Technology funds India | Aditya Birla Sun Life Technology Fund - Regular Plan - Growth performance | Aditya Birla Sun Life Technology Fund - Regular Plan - Growth fund manager | Technology fund comparison | buy Aditya Birla Sun Life Technology Fund - Regular Plan - Growth online | Aditya Birla Sun Life Technology Fund - Regular Plan - Growth minimum investment | Technology fund returns India
Aditya Birla Sun Life Infrastructure Fund - Direct Plan - Growth,Aditya Birla Sun Life,Thematic,Thematic - Infrastructure,200083,113.16,4215.20,0.92,500,1000,11.24,22.17,20.11,15.57,Nifty Infrastructure TRI,Very High,17.19,0.91,62,Mahesh Patil,3.5 years,Aims to provide capital appreciation by investing in Thematic securities,Equity: 95.00% | T-Bills: 5.00%,Nil,HDFC Bank Ltd. (5.8%) | ICICI Bank Ltd. (5.2%) | Larsen & Toubro Ltd. (4.9%) | Reliance Industries Ltd. (4.5%) | Infosys Ltd. (4.1%) | Bharti Airtel Ltd. (3.8%) | Axis Bank Ltd. (3.5%) | State Bank of India (3.2%) | Tata Motors Ltd. (2.9%) | Adani Ports & SEZ Ltd. (2.6%),25-May-2026,02-Jan-2013,0%,LTCG 12.5% after 2 years for equity,10,Aditya Birla Sun Life Infrastructure Fund - Direct Plan - Gr,"Detailed review and analysis of Aditya Birla Sun Life Infrastructure Fund - Direct Plan - Growth (Thematic). Compare returns, expenses, holdings and risks. Star",Aditya Birla Sun Life Infrastructure Fund - Direct Plan - Growth | Aditya Birla Sun Life Infrastructure Fund - Direct Plan - Growth review | Thematic mutual fund | Thematic fund in India | Aditya Birla Sun Life Thematic | best Thematic funds | Aditya Birla Sun Life Infrastructure Fund - Direct Plan - Growth NAV | Aditya Birla Sun Life Infrastructure Fund - Direct Plan - Growth returns | Aditya Birla Sun Life Infrastructure Fund - Direct Plan - Growth expense ratio | invest in Aditya Birla Sun Life Infrastructure Fund - Direct Plan - Growth | Aditya Birla Sun Life Infrastructure Fund - Direct Plan - Growth SIP | Thematic investment 2025 | Aditya Birla Sun Life Infrastructure Fund - Direct Plan - Growth vs Thematic | top Thematic funds India | Aditya Birla Sun Life Infrastructure Fund - Direct Plan - Growth performance | Aditya Birla Sun Life Infrastructure Fund - Direct Plan - Growth fund manager | Thematic fund comparison | buy Aditya Birla Sun Life Infrastructure Fund - Direct Plan - Growth online | Aditya Birla Sun Life Infrastructure Fund - Direct Plan - Growth minimum investment | Thematic fund returns India
Aditya Birla Sun Life Dividend Fund - Regular Plan - Growth,Aditya Birla Sun Life,Thematic,Thematic - Dividend Yield,200084,452.82,4219.60,1.92,500,1000,3.04,17.01,15.72,12.35,Nifty Dividend Opportunities 50 TRI,Moderate,17.22,0.61,62,Mahesh Patil,3.5 years,Aims to provide capital appreciation by investing in Thematic securities,Equity: 95.00% | T-Bills: 5.00%,Nil,HDFC Bank Ltd. (5.8%) | ICICI Bank Ltd. (5.2%) | Larsen & Toubro Ltd. (4.9%) | Reliance Industries Ltd. (4.5%) | Infosys Ltd. (4.1%) | Bharti Airtel Ltd. (3.8%) | Axis Bank Ltd. (3.5%) | State Bank of India (3.2%) | Tata Motors Ltd. (2.9%) | Adani Ports & SEZ Ltd. (2.6%),25-May-2026,03-Apr-2006,0%,LTCG 12.5% after 2 years for equity,10,Aditya Birla Sun Life Dividend Fund - Regular Plan - Growth,"Detailed review and analysis of Aditya Birla Sun Life Dividend Fund - Regular Plan - Growth (Thematic). Compare returns, expenses, holdings and risks. Start inv",Aditya Birla Sun Life Dividend Fund - Regular Plan - Growth | Aditya Birla Sun Life Dividend Fund - Regular Plan - Growth review | Thematic mutual fund | Thematic fund in India | Aditya Birla Sun Life Thematic | best Thematic funds | Aditya Birla Sun Life Dividend Fund - Regular Plan - Growth NAV | Aditya Birla Sun Life Dividend Fund - Regular Plan - Growth returns | Aditya Birla Sun Life Dividend Fund - Regular Plan - Growth expense ratio | invest in Aditya Birla Sun Life Dividend Fund - Regular Plan - Growth | Aditya Birla Sun Life Dividend Fund - Regular Plan - Growth SIP | Thematic investment 2025 | Aditya Birla Sun Life Dividend Fund - Regular Plan - Growth vs Thematic | top Thematic funds India | Aditya Birla Sun Life Dividend Fund - Regular Plan - Growth performance | Aditya Birla Sun Life Dividend Fund - Regular Plan - Growth fund manager | Thematic fund comparison | buy Aditya Birla Sun Life Dividend Fund - Regular Plan - Growth online | Aditya Birla Sun Life Dividend Fund - Regular Plan - Growth minimum investment | Thematic fund returns India
Aditya Birla Sun Life Balanced Advantage Fund - Direct Plan - Growth,Aditya Birla Sun Life,Balanced Hybrid,Balanced Advantage Fund,200085,124.09,11520.00,0.78,500,1000,3.81,12.63,10.98,11.29,Nifty 50 Hybrid Composite Debt 65:35 Index,Moderately High,9.83,0.62,185,Mahesh Patil,3.5 years,Aims to provide capital appreciation by investing in Balanced Hybrid securities,Equity: 65.00% | Debt: 30.00% | T-Bills: 5.00%,Nil,HDFC Bank Ltd. (6.8%) | ICICI Bank Ltd. (5.5%) | Reliance Industries Ltd. (4.5%) | 8.38% GOI 2027 (4.2%) | Infosys Ltd. (3.8%) | 7.26% GOI 2032 (3.5%) | Axis Bank Ltd. (3.2%) | Bharti Airtel Ltd. (2.9%) | Larsen & Toubro Ltd. (2.6%) | Tata Consultancy Services Ltd. (2.4%),25-May-2026,13-Oct-2014,0%,LTCG 12.5% after 2 years for equity,10,Aditya Birla Sun Life Balanced Advantage Fund - Direct Plan,"Detailed review and analysis of Aditya Birla Sun Life Balanced Advantage Fund - Direct Plan - Growth (Balanced Hybrid). Compare returns, expenses, holdings and ",Aditya Birla Sun Life Balanced Advantage Fund - Direct Plan - Growth | Aditya Birla Sun Life Balanced Advantage Fund - Direct Plan - Growth review | Balanced Hybrid mutual fund | Balanced Hybrid fund in India | Aditya Birla Sun Life Balanced Hybrid | best Balanced Hybrid funds | Aditya Birla Sun Life Balanced Advantage Fund - Direct Plan - Growth NAV | Aditya Birla Sun Life Balanced Advantage Fund - Direct Plan - Growth returns | Aditya Birla Sun Life Balanced Advantage Fund - Direct Plan - Growth expense ratio | invest in Aditya Birla Sun Life Balanced Advantage Fund - Direct Plan - Growth | Aditya Birla Sun Life Balanced Advantage Fund - Direct Plan - Growth SIP | Balanced Hybrid investment 2025 | Aditya Birla Sun Life Balanced Advantage Fund - Direct Plan - Growth vs Balanced Hybrid | top Balanced Hybrid funds India | Aditya Birla Sun Life Balanced Advantage Fund - Direct Plan - Growth performance | Aditya Birla Sun Life Balanced Advantage Fund - Direct Plan - Growth fund manager | Balanced Hybrid fund comparison | buy Aditya Birla Sun Life Balanced Advantage Fund - Direct Plan - Growth online | Aditya Birla Sun Life Balanced Advantage Fund - Direct Plan - Growth minimum investment | Balanced Hybrid fund returns India
Aditya Birla Sun Life International Fund - Regular Plan - Growth,Aditya Birla Sun Life,International,Fund of Funds - Overseas,200086,52.5357,2690.80,2.05,500,1000,34.53,20.74,12.22,9.39,MSCI World Index,Very High,15.95,0.89,25,Mahesh Patil,3.5 years,Aims to provide capital appreciation by investing in International securities,Forgn. Eq: 95.00% | Cash & Equivalents: 5.00%,Nil,Apple Inc. (8.5%) | Microsoft Corp. (7.8%) | Alphabet Inc Class A (6.9%) | Amazon.com Inc. (5.2%) | NVIDIA Corp. (4.8%) | Meta Platforms Inc. (4.2%) | Tesla Inc. (3.9%) | Berkshire Hathaway Inc. (3.5%) | UnitedHealth Group Inc. (3.1%) | Johnson & Johnson (2.8%),25-May-2026,15-Nov-2007,0%,LTCG 12.5% after 2 years for equity,10,Aditya Birla Sun Life International Fund - Regular Plan - Gr,"Detailed review and analysis of Aditya Birla Sun Life International Fund - Regular Plan - Growth (International). Compare returns, expenses, holdings and risks.",Aditya Birla Sun Life International Fund - Regular Plan - Growth | Aditya Birla Sun Life International Fund - Regular Plan - Growth review | International mutual fund | International fund in India | Aditya Birla Sun Life International | best International funds | Aditya Birla Sun Life International Fund - Regular Plan - Growth NAV | Aditya Birla Sun Life International Fund - Regular Plan - Growth returns | Aditya Birla Sun Life International Fund - Regular Plan - Growth expense ratio | invest in Aditya Birla Sun Life International Fund - Regular Plan - Growth | Aditya Birla Sun Life International Fund - Regular Plan - Growth SIP | International investment 2025 | Aditya Birla Sun Life International Fund - Regular Plan - Growth vs International | top International funds India | Aditya Birla Sun Life International Fund - Regular Plan - Growth performance | Aditya Birla Sun Life International Fund - Regular Plan - Growth fund manager | International fund comparison | buy Aditya Birla Sun Life International Fund - Regular Plan - Growth online | Aditya Birla Sun Life International Fund - Regular Plan - Growth minimum investment | International fund returns India
Aditya Birla Sun Life Energy Fund - Direct Plan - Growth,Aditya Birla Sun Life,Equity,Focused Fund,200087,1416.81,9235.20,0.75,500,1000,-2.82,11.53,7.29,13.3,Nifty 500 TRI,Moderate,14.65,0.34,51,Mahesh Patil,3.5 years,Aims to provide capital appreciation by investing in Equity securities,Equity: 97.00% | T-Bills: 3.00%,Nil,HDFC Bank Ltd. (8.8%) | ICICI Bank Ltd. (7.5%) | Reliance Industries Ltd. (6.2%) | Infosys Ltd. (5.8%) | Axis Bank Ltd. (5.1%) | Larsen & Toubro Ltd. (4.5%) | Bharti Airtel Ltd. (4.1%) | Sun Pharmaceutical Industries Ltd. (3.8%) | Tata Consultancy Services Ltd. (3.5%) | State Bank of India (3.2%),25-May-2026,02-Jan-2013,0%,LTCG 12.5% after 2 years for equity,10,Aditya Birla Sun Life Energy Fund - Direct Plan - Growth - A,"Detailed review and analysis of Aditya Birla Sun Life Energy Fund - Direct Plan - Growth (Equity). Compare returns, expenses, holdings and risks. Start investin",Aditya Birla Sun Life Energy Fund - Direct Plan - Growth | Aditya Birla Sun Life Energy Fund - Direct Plan - Growth review | Equity mutual fund | Equity fund in India | Aditya Birla Sun Life Equity | best Equity funds | Aditya Birla Sun Life Energy Fund - Direct Plan - Growth NAV | Aditya Birla Sun Life Energy Fund - Direct Plan - Growth returns | Aditya Birla Sun Life Energy Fund - Direct Plan - Growth expense ratio | invest in Aditya Birla Sun Life Energy Fund - Direct Plan - Growth | Aditya Birla Sun Life Energy Fund - Direct Plan - Growth SIP | Equity investment 2025 | Aditya Birla Sun Life Energy Fund - Direct Plan - Growth vs Equity | top Equity funds India | Aditya Birla Sun Life Energy Fund - Direct Plan - Growth performance | Aditya Birla Sun Life Energy Fund - Direct Plan - Growth fund manager | Equity fund comparison | buy Aditya Birla Sun Life Energy Fund - Direct Plan - Growth online | Aditya Birla Sun Life Energy Fund - Direct Plan - Growth minimum investment | Equity fund returns India
Aditya Birla Sun Life Pharma Fund - Regular Plan - Growth,Aditya Birla Sun Life,Pharma,Sectoral - Pharma & Healthcare,200088,27.8825,3852.00,1.95,500,1000,5.64,6.75,5.87,6.28,Nifty Pharma TRI,Very High,16.94,0.01,63,Mahesh Patil,3.5 years,Aims to provide capital appreciation by investing in Pharma securities,Equity: 96.00% | T-Bills: 4.00%,Nil,Sun Pharmaceutical Industries Ltd. (20.5%) | Dr. Reddy's Laboratories Ltd. (12.8%) | Cipla Ltd. (10.4%) | Divi's Laboratories Ltd. (9.8%) | Torrent Pharmaceuticals Ltd. (7.2%) | Aurobindo Pharma Ltd. (5.8%) | Alkem Laboratories Ltd. (5.2%) | Lupin Ltd. (4.9%) | Ipca Laboratories Ltd. (3.8%) | Mankind Pharma Ltd. (3.5%),25-May-2026,27-Jul-2009,0%,LTCG 12.5% after 2 years for equity,10,Aditya Birla Sun Life Pharma Fund - Regular Plan - Growth -,"Detailed review and analysis of Aditya Birla Sun Life Pharma Fund - Regular Plan - Growth (Pharma). Compare returns, expenses, holdings and risks. Start investi",Aditya Birla Sun Life Pharma Fund - Regular Plan - Growth | Aditya Birla Sun Life Pharma Fund - Regular Plan - Growth review | Pharma mutual fund | Pharma fund in India | Aditya Birla Sun Life Pharma | best Pharma funds | Aditya Birla Sun Life Pharma Fund - Regular Plan - Growth NAV | Aditya Birla Sun Life Pharma Fund - Regular Plan - Growth returns | Aditya Birla Sun Life Pharma Fund - Regular Plan - Growth expense ratio | invest in Aditya Birla Sun Life Pharma Fund - Regular Plan - Growth | Aditya Birla Sun Life Pharma Fund - Regular Plan - Growth SIP | Pharma investment 2025 | Aditya Birla Sun Life Pharma Fund - Regular Plan - Growth vs Pharma | top Pharma funds India | Aditya Birla Sun Life Pharma Fund - Regular Plan - Growth performance | Aditya Birla Sun Life Pharma Fund - Regular Plan - Growth fund manager | Pharma fund comparison | buy Aditya Birla Sun Life Pharma Fund - Regular Plan - Growth online | Aditya Birla Sun Life Pharma Fund - Regular Plan - Growth minimum investment | Pharma fund returns India
Aditya Birla Sun Life Auto Fund - Direct Plan - Growth,Aditya Birla Sun Life,Sectoral,Sectoral - Automotive,200089,1416.81,3470.40,0.98,500,1000,-2.82,11.53,7.29,13.3,Nifty Auto TRI,Moderate,18.86,0.27,76,Mahesh Patil,3.5 years,Aims to provide capital appreciation by investing in Sectoral securities,Equity: 96.00% | T-Bills: 4.00%,Nil,HDFC Bank Ltd. (8.5%) | ICICI Bank Ltd. (7.2%) | State Bank of India (5.8%) | Axis Bank Ltd. (5.2%) | Kotak Mahindra Bank Ltd. (4.9%) | IndusInd Bank Ltd. (4.5%) | Infosys Ltd. (4.1%) | TCS Ltd. (3.8%) | Bharti Airtel Ltd. (3.5%) | Reliance Industries Ltd. (3.2%),25-May-2026,02-Jan-2013,0%,LTCG 12.5% after 2 years for equity,10,Aditya Birla Sun Life Auto Fund - Direct Plan - Growth - Adi,"Detailed review and analysis of Aditya Birla Sun Life Auto Fund - Direct Plan - Growth (Sectoral). Compare returns, expenses, holdings and risks. Start investin",Aditya Birla Sun Life Auto Fund - Direct Plan - Growth | Aditya Birla Sun Life Auto Fund - Direct Plan - Growth review | Sectoral mutual fund | Sectoral fund in India | Aditya Birla Sun Life Sectoral | best Sectoral funds | Aditya Birla Sun Life Auto Fund - Direct Plan - Growth NAV | Aditya Birla Sun Life Auto Fund - Direct Plan - Growth returns | Aditya Birla Sun Life Auto Fund - Direct Plan - Growth expense ratio | invest in Aditya Birla Sun Life Auto Fund - Direct Plan - Growth | Aditya Birla Sun Life Auto Fund - Direct Plan - Growth SIP | Sectoral investment 2025 | Aditya Birla Sun Life Auto Fund - Direct Plan - Growth vs Sectoral | top Sectoral funds India | Aditya Birla Sun Life Auto Fund - Direct Plan - Growth performance | Aditya Birla Sun Life Auto Fund - Direct Plan - Growth fund manager | Sectoral fund comparison | buy Aditya Birla Sun Life Auto Fund - Direct Plan - Growth online | Aditya Birla Sun Life Auto Fund - Direct Plan - Growth minimum investment | Sectoral fund returns India
Aditya Birla Sun Life Manufacturing Fund - Regular Plan - Growth,Aditya Birla Sun Life,Equity,Focused Fund,200090,35.95,9264.00,1.75,500,1000,15.37,21.69,14.38,11.99,Nifty 500 TRI,Moderate,14.72,1.03,52,Mahesh Patil,3.5 years,Aims to provide capital appreciation by investing in Equity securities,Equity: 97.00% | T-Bills: 3.00%,Nil,HDFC Bank Ltd. (8.8%) | ICICI Bank Ltd. (7.5%) | Reliance Industries Ltd. (6.2%) | Infosys Ltd. (5.8%) | Axis Bank Ltd. (5.1%) | Larsen & Toubro Ltd. (4.5%) | Bharti Airtel Ltd. (4.1%) | Sun Pharmaceutical Industries Ltd. (3.8%) | Tata Consultancy Services Ltd. (3.5%) | State Bank of India (3.2%),25-May-2026,03-Feb-2015,0%,LTCG 12.5% after 2 years for equity,10,Aditya Birla Sun Life Manufacturing Fund - Regular Plan - Gr,"Detailed review and analysis of Aditya Birla Sun Life Manufacturing Fund - Regular Plan - Growth (Equity). Compare returns, expenses, holdings and risks. Start ",Aditya Birla Sun Life Manufacturing Fund - Regular Plan - Growth | Aditya Birla Sun Life Manufacturing Fund - Regular Plan - Growth review | Equity mutual fund | Equity fund in India | Aditya Birla Sun Life Equity | best Equity funds | Aditya Birla Sun Life Manufacturing Fund - Regular Plan - Growth NAV | Aditya Birla Sun Life Manufacturing Fund - Regular Plan - Growth returns | Aditya Birla Sun Life Manufacturing Fund - Regular Plan - Growth expense ratio | invest in Aditya Birla Sun Life Manufacturing Fund - Regular Plan - Growth | Aditya Birla Sun Life Manufacturing Fund - Regular Plan - Growth SIP | Equity investment 2025 | Aditya Birla Sun Life Manufacturing Fund - Regular Plan - Growth vs Equity | top Equity funds India | Aditya Birla Sun Life Manufacturing Fund - Regular Plan - Growth performance | Aditya Birla Sun Life Manufacturing Fund - Regular Plan - Growth fund manager | Equity fund comparison | buy Aditya Birla Sun Life Manufacturing Fund - Regular Plan - Growth online | Aditya Birla Sun Life Manufacturing Fund - Regular Plan - Growth minimum investment | Equity fund returns India
Tata Mutual Fund Large Cap Fund - Direct Plan - Growth,Tata Mutual Fund,Large Cap,Large Cap Fund,200091,497.217,19320.00,0.52,500,1000,-4.02,14.7,12.03,11.65,Nifty 50,Very High,12.94,0.63,32,Sonam Udasi,3.5 years,Aims to provide capital appreciation by investing in Large Cap securities,Equity: 96.00% | T-Bills: 4.00%,Nil,HDFC Bank Ltd. (8.5%) | ICICI Bank Ltd. (7.8%) | Reliance Industries Ltd. (6.9%) | Infosys Ltd. (5.2%) | Larsen & Toubro Ltd. (4.8%) | Axis Bank Ltd. (3.9%) | Tata Consultancy Services Ltd. (3.7%) | Bharti Airtel Ltd. (3.4%) | State Bank of India (3.1%) | ITC Ltd. (2.8%),25-May-2026,02-Jan-2013,0%,LTCG 12.5% after 2 years for equity,11,Tata Mutual Fund Large Cap Fund - Direct Plan - Growth - Tat,"Detailed review and analysis of Tata Mutual Fund Large Cap Fund - Direct Plan - Growth (Large Cap). Compare returns, expenses, holdings and risks. Start investi",Tata Mutual Fund Large Cap Fund - Direct Plan - Growth | Tata Mutual Fund Large Cap Fund - Direct Plan - Growth review | Large Cap mutual fund | Large Cap fund in India | Tata Mutual Fund Large Cap | best Large Cap funds | Tata Mutual Fund Large Cap Fund - Direct Plan - Growth NAV | Tata Mutual Fund Large Cap Fund - Direct Plan - Growth returns | Tata Mutual Fund Large Cap Fund - Direct Plan - Growth expense ratio | invest in Tata Mutual Fund Large Cap Fund - Direct Plan - Growth | Tata Mutual Fund Large Cap Fund - Direct Plan - Growth SIP | Large Cap investment 2025 | Tata Mutual Fund Large Cap Fund - Direct Plan - Growth vs Large Cap | top Large Cap funds India | Tata Mutual Fund Large Cap Fund - Direct Plan - Growth performance | Tata Mutual Fund Large Cap Fund - Direct Plan - Growth fund manager | Large Cap fund comparison | buy Tata Mutual Fund Large Cap Fund - Direct Plan - Growth online | Tata Mutual Fund Large Cap Fund - Direct Plan - Growth minimum investment | Large Cap fund returns India
Tata Mutual Fund Mid Cap Fund - Regular Plan - Growth,Tata Mutual Fund,Mid Cap,Mid Cap Fund,200092,9.4547,11604.00,1.75,500,1000,7.94,19.63,16.67,-4.81,Nifty Midcap 150 TRI,Very High,16.98,0.89,47,Sonam Udasi,3.5 years,Aims to provide capital appreciation by investing in Mid Cap securities,Equity: 94.00% | T-Bills: 6.00%,Nil,Voltas Ltd. (3.8%) | Mphasis Ltd. (3.5%) | Coforge Ltd. (3.2%) | Sundram Fasteners Ltd. (2.9%) | Persistent Systems Ltd. (2.7%) | Zydus Lifesciences Ltd. (2.5%) | Crompton Greaves Consumer Electricals Ltd. (2.4%) | Oberoi Realty Ltd. (2.2%) | Tube Investments of India Ltd. (2.1%) | Emami Ltd. (2.0%),25-May-2026,29-Sep-2021,0%,LTCG 12.5% after 2 years for equity,11,Tata Mutual Fund Mid Cap Fund - Regular Plan - Growth - Tata,"Detailed review and analysis of Tata Mutual Fund Mid Cap Fund - Regular Plan - Growth (Mid Cap). Compare returns, expenses, holdings and risks. Start investing ",Tata Mutual Fund Mid Cap Fund - Regular Plan - Growth | Tata Mutual Fund Mid Cap Fund - Regular Plan - Growth review | Mid Cap mutual fund | Mid Cap fund in India | Tata Mutual Fund Mid Cap | best Mid Cap funds | Tata Mutual Fund Mid Cap Fund - Regular Plan - Growth NAV | Tata Mutual Fund Mid Cap Fund - Regular Plan - Growth returns | Tata Mutual Fund Mid Cap Fund - Regular Plan - Growth expense ratio | invest in Tata Mutual Fund Mid Cap Fund - Regular Plan - Growth | Tata Mutual Fund Mid Cap Fund - Regular Plan - Growth SIP | Mid Cap investment 2025 | Tata Mutual Fund Mid Cap Fund - Regular Plan - Growth vs Mid Cap | top Mid Cap funds India | Tata Mutual Fund Mid Cap Fund - Regular Plan - Growth performance | Tata Mutual Fund Mid Cap Fund - Regular Plan - Growth fund manager | Mid Cap fund comparison | buy Tata Mutual Fund Mid Cap Fund - Regular Plan - Growth online | Tata Mutual Fund Mid Cap Fund - Regular Plan - Growth minimum investment | Mid Cap fund returns India
Tata Mutual Fund Small Cap Fund - Direct Plan - Growth,Tata Mutual Fund,Small Cap,Small Cap Fund,200093,226.029,9292.80,0.82,500,1000,9.07,20.44,18.91,20.97,Nifty Smallcap 250 TRI,Very High,19.88,0.70,37,Sonam Udasi,3.5 years,Aims to provide capital appreciation by investing in Small Cap securities,Equity: 91.00% | Cash & Equivalents: 9.00%,Nil,Aarti Drugs Ltd. (3.2%) | Hatsun Agro Product Ltd. (2.9%) | National Aluminium Company Ltd. (2.7%) | VST Tillers Tractors Ltd. (2.5%) | Repco Home Finance Ltd. (2.3%) | RACL Geartech Ltd. (2.1%) | Neuland Laboratories Ltd. (2.0%) | Mold-Tek Packaging Ltd. (1.9%) | NIIT Learning Systems Ltd. (1.8%) | Nuvama Wealth Management Ltd. (1.7%),25-May-2026,02-Jan-2013,0%,LTCG 12.5% after 2 years for equity,11,Tata Mutual Fund Small Cap Fund - Direct Plan - Growth - Tat,"Detailed review and analysis of Tata Mutual Fund Small Cap Fund - Direct Plan - Growth (Small Cap). Compare returns, expenses, holdings and risks. Start investi",Tata Mutual Fund Small Cap Fund - Direct Plan - Growth | Tata Mutual Fund Small Cap Fund - Direct Plan - Growth review | Small Cap mutual fund | Small Cap fund in India | Tata Mutual Fund Small Cap | best Small Cap funds | Tata Mutual Fund Small Cap Fund - Direct Plan - Growth NAV | Tata Mutual Fund Small Cap Fund - Direct Plan - Growth returns | Tata Mutual Fund Small Cap Fund - Direct Plan - Growth expense ratio | invest in Tata Mutual Fund Small Cap Fund - Direct Plan - Growth | Tata Mutual Fund Small Cap Fund - Direct Plan - Growth SIP | Small Cap investment 2025 | Tata Mutual Fund Small Cap Fund - Direct Plan - Growth vs Small Cap | top Small Cap funds India | Tata Mutual Fund Small Cap Fund - Direct Plan - Growth performance | Tata Mutual Fund Small Cap Fund - Direct Plan - Growth fund manager | Small Cap fund comparison | buy Tata Mutual Fund Small Cap Fund - Direct Plan - Growth online | Tata Mutual Fund Small Cap Fund - Direct Plan - Growth minimum investment | Small Cap fund returns India
Tata Mutual Fund Multi Cap Fund - Regular Plan - Growth,Tata Mutual Fund,Multi Cap,Multi Cap Fund,200094,19.0138,13953.60,1.68,500,1000,5.23,20.86,16.67,21.47,Nifty 500 Multicap 50:25:25 TRI,Very High,15.30,0.94,56,Sonam Udasi,3.5 years,Aims to provide capital appreciation by investing in Multi Cap securities,Equity: 97.00% | T-Bills: 3.00%,Nil,HDFC Bank Ltd. (6.5%) | ICICI Bank Ltd. (5.8%) | Reliance Industries Ltd. (4.9%) | Infosys Ltd. (4.2%) | Axis Bank Ltd. (3.6%) | Larsen & Toubro Ltd. (3.2%) | Tata Consultancy Services Ltd. (2.9%) | Bharti Airtel Ltd. (2.7%) | State Bank of India (2.4%) | Sun Pharmaceutical Industries Ltd. (2.2%),25-May-2026,03-Feb-2023,0%,LTCG 12.5% after 2 years for equity,11,Tata Mutual Fund Multi Cap Fund - Regular Plan - Growth - Ta,"Detailed review and analysis of Tata Mutual Fund Multi Cap Fund - Regular Plan - Growth (Multi Cap). Compare returns, expenses, holdings and risks. Start invest",Tata Mutual Fund Multi Cap Fund - Regular Plan - Growth | Tata Mutual Fund Multi Cap Fund - Regular Plan - Growth review | Multi Cap mutual fund | Multi Cap fund in India | Tata Mutual Fund Multi Cap | best Multi Cap funds | Tata Mutual Fund Multi Cap Fund - Regular Plan - Growth NAV | Tata Mutual Fund Multi Cap Fund - Regular Plan - Growth returns | Tata Mutual Fund Multi Cap Fund - Regular Plan - Growth expense ratio | invest in Tata Mutual Fund Multi Cap Fund - Regular Plan - Growth | Tata Mutual Fund Multi Cap Fund - Regular Plan - Growth SIP | Multi Cap investment 2025 | Tata Mutual Fund Multi Cap Fund - Regular Plan - Growth vs Multi Cap | top Multi Cap funds India | Tata Mutual Fund Multi Cap Fund - Regular Plan - Growth performance | Tata Mutual Fund Multi Cap Fund - Regular Plan - Growth fund manager | Multi Cap fund comparison | buy Tata Mutual Fund Multi Cap Fund - Regular Plan - Growth online | Tata Mutual Fund Multi Cap Fund - Regular Plan - Growth minimum investment | Multi Cap fund returns India
Tata Mutual Fund Flexi Cap Fund - Direct Plan - Growth,Tata Mutual Fund,Flexi Cap,Flexi Cap Fund,200095,110.791,10864.00,0.72,500,1000,-2.38,14.63,12.31,14.46,Nifty 500 TRI,Very High,14.49,0.56,51,Sonam Udasi,3.5 years,Aims to provide capital appreciation by investing in Flexi Cap securities,Equity: 95.00% | T-Bills: 5.00%,Nil,HDFC Bank Ltd. (8.2%) | ICICI Bank Ltd. (6.9%) | Infosys Ltd. (5.5%) | Reliance Industries Ltd. (5.1%) | Axis Bank Ltd. (4.2%) | Larsen & Toubro Ltd. (3.8%) | Tata Consultancy Services Ltd. (3.4%) | Bharti Airtel Ltd. (3.1%) | Sun Pharmaceutical Industries Ltd. (2.8%) | Kotak Mahindra Bank Ltd. (2.5%),25-May-2026,02-Jan-2013,0%,LTCG 12.5% after 2 years for equity,11,Tata Mutual Fund Flexi Cap Fund - Direct Plan - Growth - Tat,"Detailed review and analysis of Tata Mutual Fund Flexi Cap Fund - Direct Plan - Growth (Flexi Cap). Compare returns, expenses, holdings and risks. Start investi",Tata Mutual Fund Flexi Cap Fund - Direct Plan - Growth | Tata Mutual Fund Flexi Cap Fund - Direct Plan - Growth review | Flexi Cap mutual fund | Flexi Cap fund in India | Tata Mutual Fund Flexi Cap | best Flexi Cap funds | Tata Mutual Fund Flexi Cap Fund - Direct Plan - Growth NAV | Tata Mutual Fund Flexi Cap Fund - Direct Plan - Growth returns | Tata Mutual Fund Flexi Cap Fund - Direct Plan - Growth expense ratio | invest in Tata Mutual Fund Flexi Cap Fund - Direct Plan - Growth | Tata Mutual Fund Flexi Cap Fund - Direct Plan - Growth SIP | Flexi Cap investment 2025 | Tata Mutual Fund Flexi Cap Fund - Direct Plan - Growth vs Flexi Cap | top Flexi Cap funds India | Tata Mutual Fund Flexi Cap Fund - Direct Plan - Growth performance | Tata Mutual Fund Flexi Cap Fund - Direct Plan - Growth fund manager | Flexi Cap fund comparison | buy Tata Mutual Fund Flexi Cap Fund - Direct Plan - Growth online | Tata Mutual Fund Flexi Cap Fund - Direct Plan - Growth minimum investment | Flexi Cap fund returns India
Tata Mutual Fund ELSS Tax Saver Fund - Regular Plan - Growth,Tata Mutual Fund,ELSS,ELSS (Tax Saving),200096,134.992,7768.00,1.85,500,1000,-2.88,16.38,13.7,14.2,Nifty 500 TRI,Very High,15.65,0.63,42,Sonam Udasi,3.5 years,Aims to provide capital appreciation by investing in ELSS securities,Equity: 96.00% | T-Bills: 4.00%,Nil,ICICI Bank Ltd. (8.5%) | HDFC Bank Ltd. (7.2%) | Infosys Ltd. (5.8%) | Reliance Industries Ltd. (5.2%) | Axis Bank Ltd. (4.9%) | Kotak Mahindra Bank Ltd. (4.3%) | Sun Pharmaceutical Industries Ltd. (3.9%) | Bharti Airtel Ltd. (3.5%) | Larsen & Toubro Ltd. (3.2%) | Tata Consultancy Services Ltd. (2.9%),25-May-2026,22-Jan-2007,0%,LTCG 12.5% after 2 years for equity,11,Tata Mutual Fund ELSS Tax Saver Fund - Regular Plan - Growth,"Detailed review and analysis of Tata Mutual Fund ELSS Tax Saver Fund - Regular Plan - Growth (ELSS). Compare returns, expenses, holdings and risks. Start invest",Tata Mutual Fund ELSS Tax Saver Fund - Regular Plan - Growth | Tata Mutual Fund ELSS Tax Saver Fund - Regular Plan - Growth review | ELSS mutual fund | ELSS fund in India | Tata Mutual Fund ELSS | best ELSS funds | Tata Mutual Fund ELSS Tax Saver Fund - Regular Plan - Growth NAV | Tata Mutual Fund ELSS Tax Saver Fund - Regular Plan - Growth returns | Tata Mutual Fund ELSS Tax Saver Fund - Regular Plan - Growth expense ratio | invest in Tata Mutual Fund ELSS Tax Saver Fund - Regular Plan - Growth | Tata Mutual Fund ELSS Tax Saver Fund - Regular Plan - Growth SIP | ELSS investment 2025 | Tata Mutual Fund ELSS Tax Saver Fund - Regular Plan - Growth vs ELSS | top ELSS funds India | Tata Mutual Fund ELSS Tax Saver Fund - Regular Plan - Growth performance | Tata Mutual Fund ELSS Tax Saver Fund - Regular Plan - Growth fund manager | ELSS fund comparison | buy Tata Mutual Fund ELSS Tax Saver Fund - Regular Plan - Growth online | Tata Mutual Fund ELSS Tax Saver Fund - Regular Plan - Growth minimum investment | ELSS fund returns India
Tata Mutual Fund Liquid Fund - Direct Plan - Growth,Tata Mutual Fund,Liquid Fund,Liquid Fund,200097,5622.7852,34992.00,0.12,500,1000,6.17,6.93,6.11,50.63,NIFTY Liquid Index,Low,0.13,3.31,297,Sonam Udasi,3.5 years,Aims to provide capital appreciation by investing in Liquid Fund securities,T-Bills: 65.00% | CD: 20.00% | CP: 10.00% | Cash: 5.00%,Nil,State Bank of India CD (8.5%) | HDFC Bank CD (7.2%) | Reliance Industries T-Bills (6.8%) | ICICI Bank CP (5.9%) | 182-Day T-Bill (5.5%) | National Bank For Agriculture And Rural Development (5.2%) | 91-Day T-Bill (4.8%) | Kotak Mahindra Bank CD (4.5%) | Axis Bank CP (4.1%) | Power Finance Corporation (3.8%),25-May-2026,01-Jan-2013,0%,LTCG 12.5% after 2 years for equity,11,Tata Mutual Fund Liquid Fund - Direct Plan - Growth - Tata M,"Detailed review and analysis of Tata Mutual Fund Liquid Fund - Direct Plan - Growth (Liquid Fund). Compare returns, expenses, holdings and risks. Start investin",Tata Mutual Fund Liquid Fund - Direct Plan - Growth | Tata Mutual Fund Liquid Fund - Direct Plan - Growth review | Liquid Fund mutual fund | Liquid Fund fund in India | Tata Mutual Fund Liquid Fund | best Liquid Fund funds | Tata Mutual Fund Liquid Fund - Direct Plan - Growth NAV | Tata Mutual Fund Liquid Fund - Direct Plan - Growth returns | Tata Mutual Fund Liquid Fund - Direct Plan - Growth expense ratio | invest in Tata Mutual Fund Liquid Fund - Direct Plan - Growth | Tata Mutual Fund Liquid Fund - Direct Plan - Growth SIP | Liquid Fund investment 2025 | Tata Mutual Fund Liquid Fund - Direct Plan - Growth vs Liquid Fund | top Liquid Fund funds India | Tata Mutual Fund Liquid Fund - Direct Plan - Growth performance | Tata Mutual Fund Liquid Fund - Direct Plan - Growth fund manager | Liquid Fund fund comparison | buy Tata Mutual Fund Liquid Fund - Direct Plan - Growth online | Tata Mutual Fund Liquid Fund - Direct Plan - Growth minimum investment | Liquid Fund fund returns India
Tata Mutual Fund Debt Fund - Regular Plan - Growth,Tata Mutual Fund,Debt,Short Duration Fund,200098,10,6227.20,1.05,500,1000,-0.49,15.62,14.89,-0.16,CRISIL Composite Bond Fund Index,Moderate,3.68,0.67,252,Sonam Udasi,3.5 years,Aims to provide capital appreciation by investing in Debt securities,Debenture: 40.00% | SDL: 30.00% | T-Bills: 20.00% | GOI Sec: 10.00%,Nil,National Bank For Agriculture And Rural Development (5.8%) | Power Finance Corporation Ltd. (5.2%) | Rural Electrification Corporation Ltd. (4.9%) | 7.26% GOI 2032 (4.5%) | State Bank of India (4.1%) | National Highways Authority of India (3.8%) | Housing Development Finance Corporation Ltd. (3.5%) | Indian Railway Finance Corporation Ltd. (3.2%) | HDFC Bank Ltd. (2.9%) | Bajaj Finance Ltd. (2.5%),25-May-2026,02-Apr-2006,0%,LTCG 12.5% after 2 years for equity,11,Tata Mutual Fund Debt Fund - Regular Plan - Growth - Tata Mu,"Detailed review and analysis of Tata Mutual Fund Debt Fund - Regular Plan - Growth (Debt). Compare returns, expenses, holdings and risks. Start investing today.",Tata Mutual Fund Debt Fund - Regular Plan - Growth | Tata Mutual Fund Debt Fund - Regular Plan - Growth review | Debt mutual fund | Debt fund in India | Tata Mutual Fund Debt | best Debt funds | Tata Mutual Fund Debt Fund - Regular Plan - Growth NAV | Tata Mutual Fund Debt Fund - Regular Plan - Growth returns | Tata Mutual Fund Debt Fund - Regular Plan - Growth expense ratio | invest in Tata Mutual Fund Debt Fund - Regular Plan - Growth | Tata Mutual Fund Debt Fund - Regular Plan - Growth SIP | Debt investment 2025 | Tata Mutual Fund Debt Fund - Regular Plan - Growth vs Debt | top Debt funds India | Tata Mutual Fund Debt Fund - Regular Plan - Growth performance | Tata Mutual Fund Debt Fund - Regular Plan - Growth fund manager | Debt fund comparison | buy Tata Mutual Fund Debt Fund - Regular Plan - Growth online | Tata Mutual Fund Debt Fund - Regular Plan - Growth minimum investment | Debt fund returns India
Tata Mutual Fund Banking Fund - Direct Plan - Growth,Tata Mutual Fund,Banking,Sectoral - Banking & Financial Services,200099,10.8119,5454.40,0.92,500,1000,6.24,6.98,6.13,0.2,Nifty Bank TRI,Very High,17.87,-6.25,62,Sonam Udasi,3.5 years,Aims to provide capital appreciation by investing in Banking securities,Equity: 97.00% | T-Bills: 3.00%,Nil,HDFC Bank Ltd. (22.5%) | ICICI Bank Ltd. (19.8%) | State Bank of India (12.4%) | Axis Bank Ltd. (10.8%) | Kotak Mahindra Bank Ltd. (8.5%) | Bank of Baroda (5.2%) | IndusInd Bank Ltd. (4.8%) | Federal Bank Ltd. (3.9%) | AU Small Finance Bank Ltd. (3.5%) | Punjab National Bank (2.8%),25-May-2026,03-Apr-2006,0%,LTCG 12.5% after 2 years for equity,11,Tata Mutual Fund Banking Fund - Direct Plan - Growth - Tata,"Detailed review and analysis of Tata Mutual Fund Banking Fund - Direct Plan - Growth (Banking). Compare returns, expenses, holdings and risks. Start investing t",Tata Mutual Fund Banking Fund - Direct Plan - Growth | Tata Mutual Fund Banking Fund - Direct Plan - Growth review | Banking mutual fund | Banking fund in India | Tata Mutual Fund Banking | best Banking funds | Tata Mutual Fund Banking Fund - Direct Plan - Growth NAV | Tata Mutual Fund Banking Fund - Direct Plan - Growth returns | Tata Mutual Fund Banking Fund - Direct Plan - Growth expense ratio | invest in Tata Mutual Fund Banking Fund - Direct Plan - Growth | Tata Mutual Fund Banking Fund - Direct Plan - Growth SIP | Banking investment 2025 | Tata Mutual Fund Banking Fund - Direct Plan - Growth vs Banking | top Banking funds India | Tata Mutual Fund Banking Fund - Direct Plan - Growth performance | Tata Mutual Fund Banking Fund - Direct Plan - Growth fund manager | Banking fund comparison | buy Tata Mutual Fund Banking Fund - Direct Plan - Growth online | Tata Mutual Fund Banking Fund - Direct Plan - Growth minimum investment | Banking fund returns India
Tata Mutual Fund Technology Fund - Regular Plan - Growth,Tata Mutual Fund,Technology,Sectoral - Technology,200100,11.612,7020.00,1.98,500,1000,0,0,0,0.48,Nifty IT TRI,Very High,17.45,0.58,40,Sonam Udasi,3.5 years,Aims to provide capital appreciation by investing in Technology securities,Equity: 91.00% | Forgn. Eq: 6.00% | T-Bills: 3.00%,Nil,Infosys Ltd. (18.5%) | Tata Consultancy Services Ltd. (15.2%) | Bharti Airtel Ltd. (12.4%) | HCL Technologies Ltd. (9.8%) | Wipro Ltd. (7.5%) | Tech Mahindra Ltd. (6.2%) | Coforge Ltd. (4.8%) | Mphasis Ltd. (4.2%) | Persistent Systems Ltd. (3.9%) | LTIMindtree Ltd. (3.5%),25-May-2026,03-Apr-2006,0%,LTCG 12.5% after 2 years for equity,11,Tata Mutual Fund Technology Fund - Regular Plan - Growth - T,"Detailed review and analysis of Tata Mutual Fund Technology Fund - Regular Plan - Growth (Technology). Compare returns, expenses, holdings and risks. Start inve",Tata Mutual Fund Technology Fund - Regular Plan - Growth | Tata Mutual Fund Technology Fund - Regular Plan - Growth review | Technology mutual fund | Technology fund in India | Tata Mutual Fund Technology | best Technology funds | Tata Mutual Fund Technology Fund - Regular Plan - Growth NAV | Tata Mutual Fund Technology Fund - Regular Plan - Growth returns | Tata Mutual Fund Technology Fund - Regular Plan - Growth expense ratio | invest in Tata Mutual Fund Technology Fund - Regular Plan - Growth | Tata Mutual Fund Technology Fund - Regular Plan - Growth SIP | Technology investment 2025 | Tata Mutual Fund Technology Fund - Regular Plan - Growth vs Technology | top Technology funds India | Tata Mutual Fund Technology Fund - Regular Plan - Growth performance | Tata Mutual Fund Technology Fund - Regular Plan - Growth fund manager | Technology fund comparison | buy Tata Mutual Fund Technology Fund - Regular Plan - Growth online | Tata Mutual Fund Technology Fund - Regular Plan - Growth minimum investment | Technology fund returns India
Tata Mutual Fund Infrastructure Fund - Direct Plan - Growth,Tata Mutual Fund,Thematic,Thematic - Infrastructure,200101,55.3541,4294.40,0.92,500,1000,3.6,20.82,20.16,14.87,Nifty Infrastructure TRI,Very High,14.73,0.97,33,Sonam Udasi,3.5 years,Aims to provide capital appreciation by investing in Thematic securities,Equity: 95.00% | T-Bills: 5.00%,Nil,HDFC Bank Ltd. (5.8%) | ICICI Bank Ltd. (5.2%) | Larsen & Toubro Ltd. (4.9%) | Reliance Industries Ltd. (4.5%) | Infosys Ltd. (4.1%) | Bharti Airtel Ltd. (3.8%) | Axis Bank Ltd. (3.5%) | State Bank of India (3.2%) | Tata Motors Ltd. (2.9%) | Adani Ports & SEZ Ltd. (2.6%),25-May-2026,03-Jan-2013,0%,LTCG 12.5% after 2 years for equity,11,Tata Mutual Fund Infrastructure Fund - Direct Plan - Growth,"Detailed review and analysis of Tata Mutual Fund Infrastructure Fund - Direct Plan - Growth (Thematic). Compare returns, expenses, holdings and risks. Start inv",Tata Mutual Fund Infrastructure Fund - Direct Plan - Growth | Tata Mutual Fund Infrastructure Fund - Direct Plan - Growth review | Thematic mutual fund | Thematic fund in India | Tata Mutual Fund Thematic | best Thematic funds | Tata Mutual Fund Infrastructure Fund - Direct Plan - Growth NAV | Tata Mutual Fund Infrastructure Fund - Direct Plan - Growth returns | Tata Mutual Fund Infrastructure Fund - Direct Plan - Growth expense ratio | invest in Tata Mutual Fund Infrastructure Fund - Direct Plan - Growth | Tata Mutual Fund Infrastructure Fund - Direct Plan - Growth SIP | Thematic investment 2025 | Tata Mutual Fund Infrastructure Fund - Direct Plan - Growth vs Thematic | top Thematic funds India | Tata Mutual Fund Infrastructure Fund - Direct Plan - Growth performance | Tata Mutual Fund Infrastructure Fund - Direct Plan - Growth fund manager | Thematic fund comparison | buy Tata Mutual Fund Infrastructure Fund - Direct Plan - Growth online | Tata Mutual Fund Infrastructure Fund - Direct Plan - Growth minimum investment | Thematic fund returns India
Tata Mutual Fund Dividend Fund - Regular Plan - Growth,Tata Mutual Fund,Thematic,Thematic - Dividend Yield,200102,75.2637,4298.80,1.92,500,1000,-0.49,15.62,14.89,12.87,Nifty Dividend Opportunities 50 TRI,Moderate,14.76,0.67,33,Sonam Udasi,3.5 years,Aims to provide capital appreciation by investing in Thematic securities,Equity: 95.00% | T-Bills: 5.00%,Nil,HDFC Bank Ltd. (5.8%) | ICICI Bank Ltd. (5.2%) | Larsen & Toubro Ltd. (4.9%) | Reliance Industries Ltd. (4.5%) | Infosys Ltd. (4.1%) | Bharti Airtel Ltd. (3.8%) | Axis Bank Ltd. (3.5%) | State Bank of India (3.2%) | Tata Motors Ltd. (2.9%) | Adani Ports & SEZ Ltd. (2.6%),25-May-2026,03-Apr-2006,0%,LTCG 12.5% after 2 years for equity,11,Tata Mutual Fund Dividend Fund - Regular Plan - Growth - Tat,"Detailed review and analysis of Tata Mutual Fund Dividend Fund - Regular Plan - Growth (Thematic). Compare returns, expenses, holdings and risks. Start investin",Tata Mutual Fund Dividend Fund - Regular Plan - Growth | Tata Mutual Fund Dividend Fund - Regular Plan - Growth review | Thematic mutual fund | Thematic fund in India | Tata Mutual Fund Thematic | best Thematic funds | Tata Mutual Fund Dividend Fund - Regular Plan - Growth NAV | Tata Mutual Fund Dividend Fund - Regular Plan - Growth returns | Tata Mutual Fund Dividend Fund - Regular Plan - Growth expense ratio | invest in Tata Mutual Fund Dividend Fund - Regular Plan - Growth | Tata Mutual Fund Dividend Fund - Regular Plan - Growth SIP | Thematic investment 2025 | Tata Mutual Fund Dividend Fund - Regular Plan - Growth vs Thematic | top Thematic funds India | Tata Mutual Fund Dividend Fund - Regular Plan - Growth performance | Tata Mutual Fund Dividend Fund - Regular Plan - Growth fund manager | Thematic fund comparison | buy Tata Mutual Fund Dividend Fund - Regular Plan - Growth online | Tata Mutual Fund Dividend Fund - Regular Plan - Growth minimum investment | Thematic fund returns India
Tata Mutual Fund Balanced Advantage Fund - Direct Plan - Growth,Tata Mutual Fund,Balanced Hybrid,Balanced Advantage Fund,200103,16.3854,11736.00,0.78,500,1000,3.08,12.3,6.21,10.94,Nifty 50 Hybrid Composite Debt 65:35 Index,Moderately High,8.35,0.69,103,Sonam Udasi,3.5 years,Aims to provide capital appreciation by investing in Balanced Hybrid securities,Equity: 65.00% | Debt: 30.00% | T-Bills: 5.00%,Nil,HDFC Bank Ltd. (6.8%) | ICICI Bank Ltd. (5.5%) | Reliance Industries Ltd. (4.5%) | 8.38% GOI 2027 (4.2%) | Infosys Ltd. (3.8%) | 7.26% GOI 2032 (3.5%) | Axis Bank Ltd. (3.2%) | Bharti Airtel Ltd. (2.9%) | Larsen & Toubro Ltd. (2.6%) | Tata Consultancy Services Ltd. (2.4%),25-May-2026,07-Sep-2021,0%,LTCG 12.5% after 2 years for equity,11,Tata Mutual Fund Balanced Advantage Fund - Direct Plan - Gro,"Detailed review and analysis of Tata Mutual Fund Balanced Advantage Fund - Direct Plan - Growth (Balanced Hybrid). Compare returns, expenses, holdings and risks",Tata Mutual Fund Balanced Advantage Fund - Direct Plan - Growth | Tata Mutual Fund Balanced Advantage Fund - Direct Plan - Growth review | Balanced Hybrid mutual fund | Balanced Hybrid fund in India | Tata Mutual Fund Balanced Hybrid | best Balanced Hybrid funds | Tata Mutual Fund Balanced Advantage Fund - Direct Plan - Growth NAV | Tata Mutual Fund Balanced Advantage Fund - Direct Plan - Growth returns | Tata Mutual Fund Balanced Advantage Fund - Direct Plan - Growth expense ratio | invest in Tata Mutual Fund Balanced Advantage Fund - Direct Plan - Growth | Tata Mutual Fund Balanced Advantage Fund - Direct Plan - Growth SIP | Balanced Hybrid investment 2025 | Tata Mutual Fund Balanced Advantage Fund - Direct Plan - Growth vs Balanced Hybrid | top Balanced Hybrid funds India | Tata Mutual Fund Balanced Advantage Fund - Direct Plan - Growth performance | Tata Mutual Fund Balanced Advantage Fund - Direct Plan - Growth fund manager | Balanced Hybrid fund comparison | buy Tata Mutual Fund Balanced Advantage Fund - Direct Plan - Growth online | Tata Mutual Fund Balanced Advantage Fund - Direct Plan - Growth minimum investment | Balanced Hybrid fund returns India
Tata Mutual Fund International Fund - Regular Plan - Growth,Tata Mutual Fund,International,Fund of Funds - Overseas,200104,11.612,2741.20,2.05,500,1000,-0.49,15.62,14.89,0.48,MSCI World Index,Very High,13.33,0.67,13,Sonam Udasi,3.5 years,Aims to provide capital appreciation by investing in International securities,Forgn. Eq: 95.00% | Cash & Equivalents: 5.00%,Nil,Apple Inc. (8.5%) | Microsoft Corp. (7.8%) | Alphabet Inc Class A (6.9%) | Amazon.com Inc. (5.2%) | NVIDIA Corp. (4.8%) | Meta Platforms Inc. (4.2%) | Tesla Inc. (3.9%) | Berkshire Hathaway Inc. (3.5%) | UnitedHealth Group Inc. (3.1%) | Johnson & Johnson (2.8%),25-May-2026,03-Apr-2006,0%,LTCG 12.5% after 2 years for equity,11,Tata Mutual Fund International Fund - Regular Plan - Growth,"Detailed review and analysis of Tata Mutual Fund International Fund - Regular Plan - Growth (International). Compare returns, expenses, holdings and risks. Star",Tata Mutual Fund International Fund - Regular Plan - Growth | Tata Mutual Fund International Fund - Regular Plan - Growth review | International mutual fund | International fund in India | Tata Mutual Fund International | best International funds | Tata Mutual Fund International Fund - Regular Plan - Growth NAV | Tata Mutual Fund International Fund - Regular Plan - Growth returns | Tata Mutual Fund International Fund - Regular Plan - Growth expense ratio | invest in Tata Mutual Fund International Fund - Regular Plan - Growth | Tata Mutual Fund International Fund - Regular Plan - Growth SIP | International investment 2025 | Tata Mutual Fund International Fund - Regular Plan - Growth vs International | top International funds India | Tata Mutual Fund International Fund - Regular Plan - Growth performance | Tata Mutual Fund International Fund - Regular Plan - Growth fund manager | International fund comparison | buy Tata Mutual Fund International Fund - Regular Plan - Growth online | Tata Mutual Fund International Fund - Regular Plan - Growth minimum investment | International fund returns India
Tata Mutual Fund Energy Fund - Direct Plan - Growth,Tata Mutual Fund,Equity,Focused Fund,200105,10.8119,9408.00,0.75,500,1000,6.24,6.98,6.13,0.2,Nifty 500 TRI,Moderate,12.77,-6.25,27,Sonam Udasi,3.5 years,Aims to provide capital appreciation by investing in Equity securities,Equity: 97.00% | T-Bills: 3.00%,Nil,HDFC Bank Ltd. (8.8%) | ICICI Bank Ltd. (7.5%) | Reliance Industries Ltd. (6.2%) | Infosys Ltd. (5.8%) | Axis Bank Ltd. (5.1%) | Larsen & Toubro Ltd. (4.5%) | Bharti Airtel Ltd. (4.1%) | Sun Pharmaceutical Industries Ltd. (3.8%) | Tata Consultancy Services Ltd. (3.5%) | State Bank of India (3.2%),25-May-2026,03-Apr-2006,0%,LTCG 12.5% after 2 years for equity,11,Tata Mutual Fund Energy Fund - Direct Plan - Growth - Tata M,"Detailed review and analysis of Tata Mutual Fund Energy Fund - Direct Plan - Growth (Equity). Compare returns, expenses, holdings and risks. Start investing tod",Tata Mutual Fund Energy Fund - Direct Plan - Growth | Tata Mutual Fund Energy Fund - Direct Plan - Growth review | Equity mutual fund | Equity fund in India | Tata Mutual Fund Equity | best Equity funds | Tata Mutual Fund Energy Fund - Direct Plan - Growth NAV | Tata Mutual Fund Energy Fund - Direct Plan - Growth returns | Tata Mutual Fund Energy Fund - Direct Plan - Growth expense ratio | invest in Tata Mutual Fund Energy Fund - Direct Plan - Growth | Tata Mutual Fund Energy Fund - Direct Plan - Growth SIP | Equity investment 2025 | Tata Mutual Fund Energy Fund - Direct Plan - Growth vs Equity | top Equity funds India | Tata Mutual Fund Energy Fund - Direct Plan - Growth performance | Tata Mutual Fund Energy Fund - Direct Plan - Growth fund manager | Equity fund comparison | buy Tata Mutual Fund Energy Fund - Direct Plan - Growth online | Tata Mutual Fund Energy Fund - Direct Plan - Growth minimum investment | Equity fund returns India
Tata Mutual Fund Pharma Fund - Regular Plan - Growth,Tata Mutual Fund,Pharma,Sectoral - Pharma & Healthcare,200106,10.8119,3924.00,1.95,500,1000,-0.49,15.62,14.89,0.2,Nifty Pharma TRI,Very High,14.48,0.67,39,Sonam Udasi,3.5 years,Aims to provide capital appreciation by investing in Pharma securities,Equity: 96.00% | T-Bills: 4.00%,Nil,Sun Pharmaceutical Industries Ltd. (20.5%) | Dr. Reddy's Laboratories Ltd. (12.8%) | Cipla Ltd. (10.4%) | Divi's Laboratories Ltd. (9.8%) | Torrent Pharmaceuticals Ltd. (7.2%) | Aurobindo Pharma Ltd. (5.8%) | Alkem Laboratories Ltd. (5.2%) | Lupin Ltd. (4.9%) | Ipca Laboratories Ltd. (3.8%) | Mankind Pharma Ltd. (3.5%),25-May-2026,03-Apr-2006,0%,LTCG 12.5% after 2 years for equity,11,Tata Mutual Fund Pharma Fund - Regular Plan - Growth - Tata,"Detailed review and analysis of Tata Mutual Fund Pharma Fund - Regular Plan - Growth (Pharma). Compare returns, expenses, holdings and risks. Start investing to",Tata Mutual Fund Pharma Fund - Regular Plan - Growth | Tata Mutual Fund Pharma Fund - Regular Plan - Growth review | Pharma mutual fund | Pharma fund in India | Tata Mutual Fund Pharma | best Pharma funds | Tata Mutual Fund Pharma Fund - Regular Plan - Growth NAV | Tata Mutual Fund Pharma Fund - Regular Plan - Growth returns | Tata Mutual Fund Pharma Fund - Regular Plan - Growth expense ratio | invest in Tata Mutual Fund Pharma Fund - Regular Plan - Growth | Tata Mutual Fund Pharma Fund - Regular Plan - Growth SIP | Pharma investment 2025 | Tata Mutual Fund Pharma Fund - Regular Plan - Growth vs Pharma | top Pharma funds India | Tata Mutual Fund Pharma Fund - Regular Plan - Growth performance | Tata Mutual Fund Pharma Fund - Regular Plan - Growth fund manager | Pharma fund comparison | buy Tata Mutual Fund Pharma Fund - Regular Plan - Growth online | Tata Mutual Fund Pharma Fund - Regular Plan - Growth minimum investment | Pharma fund returns India
Tata Mutual Fund Auto Fund - Direct Plan - Growth,Tata Mutual Fund,Sectoral,Sectoral - Automotive,200107,11.7911,3535.20,0.98,500,1000,9.86,5.22,3.1,7.69,Nifty Auto TRI,Moderate,16.00,0.16,43,Sonam Udasi,3.5 years,Aims to provide capital appreciation by investing in Sectoral securities,Equity: 96.00% | T-Bills: 4.00%,Nil,HDFC Bank Ltd. (8.5%) | ICICI Bank Ltd. (7.2%) | State Bank of India (5.8%) | Axis Bank Ltd. (5.2%) | Kotak Mahindra Bank Ltd. (4.9%) | IndusInd Bank Ltd. (4.5%) | Infosys Ltd. (4.1%) | TCS Ltd. (3.8%) | Bharti Airtel Ltd. (3.5%) | Reliance Industries Ltd. (3.2%),25-May-2026,30-Apr-2024,0%,LTCG 12.5% after 2 years for equity,11,Tata Mutual Fund Auto Fund - Direct Plan - Growth - Tata Mut,"Detailed review and analysis of Tata Mutual Fund Auto Fund - Direct Plan - Growth (Sectoral). Compare returns, expenses, holdings and risks. Start investing tod",Tata Mutual Fund Auto Fund - Direct Plan - Growth | Tata Mutual Fund Auto Fund - Direct Plan - Growth review | Sectoral mutual fund | Sectoral fund in India | Tata Mutual Fund Sectoral | best Sectoral funds | Tata Mutual Fund Auto Fund - Direct Plan - Growth NAV | Tata Mutual Fund Auto Fund - Direct Plan - Growth returns | Tata Mutual Fund Auto Fund - Direct Plan - Growth expense ratio | invest in Tata Mutual Fund Auto Fund - Direct Plan - Growth | Tata Mutual Fund Auto Fund - Direct Plan - Growth SIP | Sectoral investment 2025 | Tata Mutual Fund Auto Fund - Direct Plan - Growth vs Sectoral | top Sectoral funds India | Tata Mutual Fund Auto Fund - Direct Plan - Growth performance | Tata Mutual Fund Auto Fund - Direct Plan - Growth fund manager | Sectoral fund comparison | buy Tata Mutual Fund Auto Fund - Direct Plan - Growth online | Tata Mutual Fund Auto Fund - Direct Plan - Growth minimum investment | Sectoral fund returns India
Tata Mutual Fund Manufacturing Fund - Regular Plan - Growth,Tata Mutual Fund,Equity,Focused Fund,200108,11.612,9436.80,1.75,500,1000,-0.49,15.62,14.89,0.48,Nifty 500 TRI,Moderate,12.83,0.67,27,Sonam Udasi,3.5 years,Aims to provide capital appreciation by investing in Equity securities,Equity: 97.00% | T-Bills: 3.00%,Nil,HDFC Bank Ltd. (8.8%) | ICICI Bank Ltd. (7.5%) | Reliance Industries Ltd. (6.2%) | Infosys Ltd. (5.8%) | Axis Bank Ltd. (5.1%) | Larsen & Toubro Ltd. (4.5%) | Bharti Airtel Ltd. (4.1%) | Sun Pharmaceutical Industries Ltd. (3.8%) | Tata Consultancy Services Ltd. (3.5%) | State Bank of India (3.2%),25-May-2026,03-Apr-2006,0%,LTCG 12.5% after 2 years for equity,11,Tata Mutual Fund Manufacturing Fund - Regular Plan - Growth,"Detailed review and analysis of Tata Mutual Fund Manufacturing Fund - Regular Plan - Growth (Equity). Compare returns, expenses, holdings and risks. Start inves",Tata Mutual Fund Manufacturing Fund - Regular Plan - Growth | Tata Mutual Fund Manufacturing Fund - Regular Plan - Growth review | Equity mutual fund | Equity fund in India | Tata Mutual Fund Equity | best Equity funds | Tata Mutual Fund Manufacturing Fund - Regular Plan - Growth NAV | Tata Mutual Fund Manufacturing Fund - Regular Plan - Growth returns | Tata Mutual Fund Manufacturing Fund - Regular Plan - Growth expense ratio | invest in Tata Mutual Fund Manufacturing Fund - Regular Plan - Growth | Tata Mutual Fund Manufacturing Fund - Regular Plan - Growth SIP | Equity investment 2025 | Tata Mutual Fund Manufacturing Fund - Regular Plan - Growth vs Equity | top Equity funds India | Tata Mutual Fund Manufacturing Fund - Regular Plan - Growth performance | Tata Mutual Fund Manufacturing Fund - Regular Plan - Growth fund manager | Equity fund comparison | buy Tata Mutual Fund Manufacturing Fund - Regular Plan - Growth online | Tata Mutual Fund Manufacturing Fund - Regular Plan - Growth minimum investment | Equity fund returns India
HSBC Mutual Fund Large Cap Fund - Direct Plan - Growth,HSBC Mutual Fund,Large Cap,Large Cap Fund,200109,497.217,19680.00,0.52,500,1000,-4.02,14.7,12.03,11.65,Nifty 50,Very High,11.46,0.72,18,Cheenu Gupta,3.5 years,Aims to provide capital appreciation by investing in Large Cap securities,Equity: 96.00% | T-Bills: 4.00%,Nil,HDFC Bank Ltd. (8.5%) | ICICI Bank Ltd. (7.8%) | Reliance Industries Ltd. (6.9%) | Infosys Ltd. (5.2%) | Larsen & Toubro Ltd. (4.8%) | Axis Bank Ltd. (3.9%) | Tata Consultancy Services Ltd. (3.7%) | Bharti Airtel Ltd. (3.4%) | State Bank of India (3.1%) | ITC Ltd. (2.8%),25-May-2026,02-Jan-2013,0%,LTCG 12.5% after 2 years for equity,12,HSBC Mutual Fund Large Cap Fund - Direct Plan - Growth - HSB,"Detailed review and analysis of HSBC Mutual Fund Large Cap Fund - Direct Plan - Growth (Large Cap). Compare returns, expenses, holdings and risks. Start investi",HSBC Mutual Fund Large Cap Fund - Direct Plan - Growth | HSBC Mutual Fund Large Cap Fund - Direct Plan - Growth review | Large Cap mutual fund | Large Cap fund in India | HSBC Mutual Fund Large Cap | best Large Cap funds | HSBC Mutual Fund Large Cap Fund - Direct Plan - Growth NAV | HSBC Mutual Fund Large Cap Fund - Direct Plan - Growth returns | HSBC Mutual Fund Large Cap Fund - Direct Plan - Growth expense ratio | invest in HSBC Mutual Fund Large Cap Fund - Direct Plan - Growth | HSBC Mutual Fund Large Cap Fund - Direct Plan - Growth SIP | Large Cap investment 2025 | HSBC Mutual Fund Large Cap Fund - Direct Plan - Growth vs Large Cap | top Large Cap funds India | HSBC Mutual Fund Large Cap Fund - Direct Plan - Growth performance | HSBC Mutual Fund Large Cap Fund - Direct Plan - Growth fund manager | Large Cap fund comparison | buy HSBC Mutual Fund Large Cap Fund - Direct Plan - Growth online | HSBC Mutual Fund Large Cap Fund - Direct Plan - Growth minimum investment | Large Cap fund returns India
HSBC Mutual Fund Mid Cap Fund - Regular Plan - Growth,HSBC Mutual Fund,Mid Cap,Mid Cap Fund,200110,9.4547,11820.00,1.75,500,1000,0,0,-1.13,-4.81,Nifty Midcap 150 TRI,Very High,14.68,-0.54,24,Cheenu Gupta,3.5 years,Aims to provide capital appreciation by investing in Mid Cap securities,Equity: 94.00% | T-Bills: 6.00%,Nil,Voltas Ltd. (3.8%) | Mphasis Ltd. (3.5%) | Coforge Ltd. (3.2%) | Sundram Fasteners Ltd. (2.9%) | Persistent Systems Ltd. (2.7%) | Zydus Lifesciences Ltd. (2.5%) | Crompton Greaves Consumer Electricals Ltd. (2.4%) | Oberoi Realty Ltd. (2.2%) | Tube Investments of India Ltd. (2.1%) | Emami Ltd. (2.0%),25-May-2026,29-Sep-2021,0%,LTCG 12.5% after 2 years for equity,12,HSBC Mutual Fund Mid Cap Fund - Regular Plan - Growth - HSBC,"Detailed review and analysis of HSBC Mutual Fund Mid Cap Fund - Regular Plan - Growth (Mid Cap). Compare returns, expenses, holdings and risks. Start investing ",HSBC Mutual Fund Mid Cap Fund - Regular Plan - Growth | HSBC Mutual Fund Mid Cap Fund - Regular Plan - Growth review | Mid Cap mutual fund | Mid Cap fund in India | HSBC Mutual Fund Mid Cap | best Mid Cap funds | HSBC Mutual Fund Mid Cap Fund - Regular Plan - Growth NAV | HSBC Mutual Fund Mid Cap Fund - Regular Plan - Growth returns | HSBC Mutual Fund Mid Cap Fund - Regular Plan - Growth expense ratio | invest in HSBC Mutual Fund Mid Cap Fund - Regular Plan - Growth | HSBC Mutual Fund Mid Cap Fund - Regular Plan - Growth SIP | Mid Cap investment 2025 | HSBC Mutual Fund Mid Cap Fund - Regular Plan - Growth vs Mid Cap | top Mid Cap funds India | HSBC Mutual Fund Mid Cap Fund - Regular Plan - Growth performance | HSBC Mutual Fund Mid Cap Fund - Regular Plan - Growth fund manager | Mid Cap fund comparison | buy HSBC Mutual Fund Mid Cap Fund - Regular Plan - Growth online | HSBC Mutual Fund Mid Cap Fund - Regular Plan - Growth minimum investment | Mid Cap fund returns India
HSBC Mutual Fund Small Cap Fund - Direct Plan - Growth,HSBC Mutual Fund,Small Cap,Small Cap Fund,200111,12.7765,9465.60,0.82,500,1000,0,0,0,14.23,Nifty Smallcap 250 TRI,Very High,17.25,0.5,19,Cheenu Gupta,3.5 years,Aims to provide capital appreciation by investing in Small Cap securities,Equity: 91.00% | Cash & Equivalents: 9.00%,Nil,Aarti Drugs Ltd. (3.2%) | Hatsun Agro Product Ltd. (2.9%) | National Aluminium Company Ltd. (2.7%) | VST Tillers Tractors Ltd. (2.5%) | Repco Home Finance Ltd. (2.3%) | RACL Geartech Ltd. (2.1%) | Neuland Laboratories Ltd. (2.0%) | Mold-Tek Packaging Ltd. (1.9%) | NIIT Learning Systems Ltd. (1.8%) | Nuvama Wealth Management Ltd. (1.7%),25-May-2026,02-Jan-2013,0%,LTCG 12.5% after 2 years for equity,12,HSBC Mutual Fund Small Cap Fund - Direct Plan - Growth - HSB,"Detailed review and analysis of HSBC Mutual Fund Small Cap Fund - Direct Plan - Growth (Small Cap). Compare returns, expenses, holdings and risks. Start investi",HSBC Mutual Fund Small Cap Fund - Direct Plan - Growth | HSBC Mutual Fund Small Cap Fund - Direct Plan - Growth review | Small Cap mutual fund | Small Cap fund in India | HSBC Mutual Fund Small Cap | best Small Cap funds | HSBC Mutual Fund Small Cap Fund - Direct Plan - Growth NAV | HSBC Mutual Fund Small Cap Fund - Direct Plan - Growth returns | HSBC Mutual Fund Small Cap Fund - Direct Plan - Growth expense ratio | invest in HSBC Mutual Fund Small Cap Fund - Direct Plan - Growth | HSBC Mutual Fund Small Cap Fund - Direct Plan - Growth SIP | Small Cap investment 2025 | HSBC Mutual Fund Small Cap Fund - Direct Plan - Growth vs Small Cap | top Small Cap funds India | HSBC Mutual Fund Small Cap Fund - Direct Plan - Growth performance | HSBC Mutual Fund Small Cap Fund - Direct Plan - Growth fund manager | Small Cap fund comparison | buy HSBC Mutual Fund Small Cap Fund - Direct Plan - Growth online | HSBC Mutual Fund Small Cap Fund - Direct Plan - Growth minimum investment | Small Cap fund returns India
HSBC Mutual Fund Multi Cap Fund - Regular Plan - Growth,HSBC Mutual Fund,Multi Cap,Multi Cap Fund,200112,19.0138,14212.80,1.68,500,1000,5.23,20.86,13.68,21.47,Nifty 500 Multicap 50:25:25 TRI,Very High,13.25,1.08,30,Cheenu Gupta,3.5 years,Aims to provide capital appreciation by investing in Multi Cap securities,Equity: 97.00% | T-Bills: 3.00%,Nil,HDFC Bank Ltd. (6.5%) | ICICI Bank Ltd. (5.8%) | Reliance Industries Ltd. (4.9%) | Infosys Ltd. (4.2%) | Axis Bank Ltd. (3.6%) | Larsen & Toubro Ltd. (3.2%) | Tata Consultancy Services Ltd. (2.9%) | Bharti Airtel Ltd. (2.7%) | State Bank of India (2.4%) | Sun Pharmaceutical Industries Ltd. (2.2%),25-May-2026,03-Feb-2023,0%,LTCG 12.5% after 2 years for equity,12,HSBC Mutual Fund Multi Cap Fund - Regular Plan - Growth - HS,"Detailed review and analysis of HSBC Mutual Fund Multi Cap Fund - Regular Plan - Growth (Multi Cap). Compare returns, expenses, holdings and risks. Start invest",HSBC Mutual Fund Multi Cap Fund - Regular Plan - Growth | HSBC Mutual Fund Multi Cap Fund - Regular Plan - Growth review | Multi Cap mutual fund | Multi Cap fund in India | HSBC Mutual Fund Multi Cap | best Multi Cap funds | HSBC Mutual Fund Multi Cap Fund - Regular Plan - Growth NAV | HSBC Mutual Fund Multi Cap Fund - Regular Plan - Growth returns | HSBC Mutual Fund Multi Cap Fund - Regular Plan - Growth expense ratio | invest in HSBC Mutual Fund Multi Cap Fund - Regular Plan - Growth | HSBC Mutual Fund Multi Cap Fund - Regular Plan - Growth SIP | Multi Cap investment 2025 | HSBC Mutual Fund Multi Cap Fund - Regular Plan - Growth vs Multi Cap | top Multi Cap funds India | HSBC Mutual Fund Multi Cap Fund - Regular Plan - Growth performance | HSBC Mutual Fund Multi Cap Fund - Regular Plan - Growth fund manager | Multi Cap fund comparison | buy HSBC Mutual Fund Multi Cap Fund - Regular Plan - Growth online | HSBC Mutual Fund Multi Cap Fund - Regular Plan - Growth minimum investment | Multi Cap fund returns India
HSBC Mutual Fund Flexi Cap Fund - Direct Plan - Growth,HSBC Mutual Fund,Flexi Cap,Flexi Cap Fund,200113,110.791,11065.60,0.72,500,1000,-2.38,14.63,12.31,14.46,Nifty 500 TRI,Very High,12.69,0.64,28,Cheenu Gupta,3.5 years,Aims to provide capital appreciation by investing in Flexi Cap securities,Equity: 95.00% | T-Bills: 5.00%,Nil,HDFC Bank Ltd. (8.2%) | ICICI Bank Ltd. (6.9%) | Infosys Ltd. (5.5%) | Reliance Industries Ltd. (5.1%) | Axis Bank Ltd. (4.2%) | Larsen & Toubro Ltd. (3.8%) | Tata Consultancy Services Ltd. (3.4%) | Bharti Airtel Ltd. (3.1%) | Sun Pharmaceutical Industries Ltd. (2.8%) | Kotak Mahindra Bank Ltd. (2.5%),25-May-2026,02-Jan-2013,0%,LTCG 12.5% after 2 years for equity,12,HSBC Mutual Fund Flexi Cap Fund - Direct Plan - Growth - HSB,"Detailed review and analysis of HSBC Mutual Fund Flexi Cap Fund - Direct Plan - Growth (Flexi Cap). Compare returns, expenses, holdings and risks. Start investi",HSBC Mutual Fund Flexi Cap Fund - Direct Plan - Growth | HSBC Mutual Fund Flexi Cap Fund - Direct Plan - Growth review | Flexi Cap mutual fund | Flexi Cap fund in India | HSBC Mutual Fund Flexi Cap | best Flexi Cap funds | HSBC Mutual Fund Flexi Cap Fund - Direct Plan - Growth NAV | HSBC Mutual Fund Flexi Cap Fund - Direct Plan - Growth returns | HSBC Mutual Fund Flexi Cap Fund - Direct Plan - Growth expense ratio | invest in HSBC Mutual Fund Flexi Cap Fund - Direct Plan - Growth | HSBC Mutual Fund Flexi Cap Fund - Direct Plan - Growth SIP | Flexi Cap investment 2025 | HSBC Mutual Fund Flexi Cap Fund - Direct Plan - Growth vs Flexi Cap | top Flexi Cap funds India | HSBC Mutual Fund Flexi Cap Fund - Direct Plan - Growth performance | HSBC Mutual Fund Flexi Cap Fund - Direct Plan - Growth fund manager | Flexi Cap fund comparison | buy HSBC Mutual Fund Flexi Cap Fund - Direct Plan - Growth online | HSBC Mutual Fund Flexi Cap Fund - Direct Plan - Growth minimum investment | Flexi Cap fund returns India
HSBC Mutual Fund ELSS Tax Saver Fund - Regular Plan - Growth,HSBC Mutual Fund,ELSS,ELSS (Tax Saving),200114,133.9692,7912.00,1.85,500,1000,1.89,16.74,10.5,15.42,Nifty 500 TRI,Very High,13.60,0.75,24,Cheenu Gupta,3.5 years,Aims to provide capital appreciation by investing in ELSS securities,Equity: 96.00% | T-Bills: 4.00%,Nil,ICICI Bank Ltd. (8.5%) | HDFC Bank Ltd. (7.2%) | Infosys Ltd. (5.8%) | Reliance Industries Ltd. (5.2%) | Axis Bank Ltd. (4.9%) | Kotak Mahindra Bank Ltd. (4.3%) | Sun Pharmaceutical Industries Ltd. (3.9%) | Bharti Airtel Ltd. (3.5%) | Larsen & Toubro Ltd. (3.2%) | Tata Consultancy Services Ltd. (2.9%),25-May-2026,28-Nov-2022,0%,LTCG 12.5% after 2 years for equity,12,HSBC Mutual Fund ELSS Tax Saver Fund - Regular Plan - Growth,"Detailed review and analysis of HSBC Mutual Fund ELSS Tax Saver Fund - Regular Plan - Growth (ELSS). Compare returns, expenses, holdings and risks. Start invest",HSBC Mutual Fund ELSS Tax Saver Fund - Regular Plan - Growth | HSBC Mutual Fund ELSS Tax Saver Fund - Regular Plan - Growth review | ELSS mutual fund | ELSS fund in India | HSBC Mutual Fund ELSS | best ELSS funds | HSBC Mutual Fund ELSS Tax Saver Fund - Regular Plan - Growth NAV | HSBC Mutual Fund ELSS Tax Saver Fund - Regular Plan - Growth returns | HSBC Mutual Fund ELSS Tax Saver Fund - Regular Plan - Growth expense ratio | invest in HSBC Mutual Fund ELSS Tax Saver Fund - Regular Plan - Growth | HSBC Mutual Fund ELSS Tax Saver Fund - Regular Plan - Growth SIP | ELSS investment 2025 | HSBC Mutual Fund ELSS Tax Saver Fund - Regular Plan - Growth vs ELSS | top ELSS funds India | HSBC Mutual Fund ELSS Tax Saver Fund - Regular Plan - Growth performance | HSBC Mutual Fund ELSS Tax Saver Fund - Regular Plan - Growth fund manager | ELSS fund comparison | buy HSBC Mutual Fund ELSS Tax Saver Fund - Regular Plan - Growth online | HSBC Mutual Fund ELSS Tax Saver Fund - Regular Plan - Growth minimum investment | ELSS fund returns India
HSBC Mutual Fund Liquid Fund - Direct Plan - Growth,HSBC Mutual Fund,Liquid Fund,Liquid Fund,200115,5622.7852,17559,0.13,500,1000,6.17,6.93,6.11,50.63,NIFTY Liquid Index,Low,0.11,3.91,215,Cheenu Gupta,3.5 years,Aims to provide capital appreciation by investing in Liquid Fund securities,T-Bills: 65.00% | CD: 20.00% | CP: 10.00% | Cash: 5.00%,Nil,State Bank of India CD (8.5%) | HDFC Bank CD (7.2%) | Reliance Industries T-Bills (6.8%) | ICICI Bank CP (5.9%) | 182-Day T-Bill (5.5%) | National Bank For Agriculture And Rural Development (5.2%) | 91-Day T-Bill (4.8%) | Kotak Mahindra Bank CD (4.5%) | Axis Bank CP (4.1%) | Power Finance Corporation (3.8%),25-May-2026,01-Jan-2013,0%,LTCG 12.5% after 2 years for equity,12,HSBC Mutual Fund Liquid Fund - Direct Plan - Growth - HSBC M,"Detailed review and analysis of HSBC Mutual Fund Liquid Fund - Direct Plan - Growth (Liquid Fund). Compare returns, expenses, holdings and risks. Start investin",HSBC Mutual Fund Liquid Fund - Direct Plan - Growth | HSBC Mutual Fund Liquid Fund - Direct Plan - Growth review | Liquid Fund mutual fund | Liquid Fund fund in India | HSBC Mutual Fund Liquid Fund | best Liquid Fund funds | HSBC Mutual Fund Liquid Fund - Direct Plan - Growth NAV | HSBC Mutual Fund Liquid Fund - Direct Plan - Growth returns | HSBC Mutual Fund Liquid Fund - Direct Plan - Growth expense ratio | invest in HSBC Mutual Fund Liquid Fund - Direct Plan - Growth | HSBC Mutual Fund Liquid Fund - Direct Plan - Growth SIP | Liquid Fund investment 2025 | HSBC Mutual Fund Liquid Fund - Direct Plan - Growth vs Liquid Fund | top Liquid Fund funds India | HSBC Mutual Fund Liquid Fund - Direct Plan - Growth performance | HSBC Mutual Fund Liquid Fund - Direct Plan - Growth fund manager | Liquid Fund fund comparison | buy HSBC Mutual Fund Liquid Fund - Direct Plan - Growth online | HSBC Mutual Fund Liquid Fund - Direct Plan - Growth minimum investment | Liquid Fund fund returns India
HSBC Mutual Fund Debt Fund - Regular Plan - Growth,HSBC Mutual Fund,Debt,Short Duration Fund,200116,10,6342.40,1.05,500,1000,0,0,0.41,-0.16,CRISIL Composite Bond Fund Index,Moderate,2.86,-0.94,129,Cheenu Gupta,3.5 years,Aims to provide capital appreciation by investing in Debt securities,Debenture: 40.00% | SDL: 30.00% | T-Bills: 20.00% | GOI Sec: 10.00%,Nil,National Bank For Agriculture And Rural Development (5.8%) | Power Finance Corporation Ltd. (5.2%) | Rural Electrification Corporation Ltd. (4.9%) | 7.26% GOI 2032 (4.5%) | State Bank of India (4.1%) | National Highways Authority of India (3.8%) | Housing Development Finance Corporation Ltd. (3.5%) | Indian Railway Finance Corporation Ltd. (3.2%) | HDFC Bank Ltd. (2.9%) | Bajaj Finance Ltd. (2.5%),25-May-2026,02-Apr-2006,0%,LTCG 12.5% after 2 years for equity,12,HSBC Mutual Fund Debt Fund - Regular Plan - Growth - HSBC Mu,"Detailed review and analysis of HSBC Mutual Fund Debt Fund - Regular Plan - Growth (Debt). Compare returns, expenses, holdings and risks. Start investing today.",HSBC Mutual Fund Debt Fund - Regular Plan - Growth | HSBC Mutual Fund Debt Fund - Regular Plan - Growth review | Debt mutual fund | Debt fund in India | HSBC Mutual Fund Debt | best Debt funds | HSBC Mutual Fund Debt Fund - Regular Plan - Growth NAV | HSBC Mutual Fund Debt Fund - Regular Plan - Growth returns | HSBC Mutual Fund Debt Fund - Regular Plan - Growth expense ratio | invest in HSBC Mutual Fund Debt Fund - Regular Plan - Growth | HSBC Mutual Fund Debt Fund - Regular Plan - Growth SIP | Debt investment 2025 | HSBC Mutual Fund Debt Fund - Regular Plan - Growth vs Debt | top Debt funds India | HSBC Mutual Fund Debt Fund - Regular Plan - Growth performance | HSBC Mutual Fund Debt Fund - Regular Plan - Growth fund manager | Debt fund comparison | buy HSBC Mutual Fund Debt Fund - Regular Plan - Growth online | HSBC Mutual Fund Debt Fund - Regular Plan - Growth minimum investment | Debt fund returns India
HSBC Mutual Fund Banking Fund - Direct Plan - Growth,HSBC Mutual Fund,Banking,Sectoral - Banking & Financial Services,200117,10.8119,5555.20,0.92,500,1000,3.6,6.57,4.64,0.2,Nifty Bank TRI,Very High,15.58,0.41,39,Cheenu Gupta,3.5 years,Aims to provide capital appreciation by investing in Banking securities,Equity: 97.00% | T-Bills: 3.00%,Nil,HDFC Bank Ltd. (22.5%) | ICICI Bank Ltd. (19.8%) | State Bank of India (12.4%) | Axis Bank Ltd. (10.8%) | Kotak Mahindra Bank Ltd. (8.5%) | Bank of Baroda (5.2%) | IndusInd Bank Ltd. (4.8%) | Federal Bank Ltd. (3.9%) | AU Small Finance Bank Ltd. (3.5%) | Punjab National Bank (2.8%),25-May-2026,03-Apr-2006,0%,LTCG 12.5% after 2 years for equity,12,HSBC Mutual Fund Banking Fund - Direct Plan - Growth - HSBC,"Detailed review and analysis of HSBC Mutual Fund Banking Fund - Direct Plan - Growth (Banking). Compare returns, expenses, holdings and risks. Start investing t",HSBC Mutual Fund Banking Fund - Direct Plan - Growth | HSBC Mutual Fund Banking Fund - Direct Plan - Growth review | Banking mutual fund | Banking fund in India | HSBC Mutual Fund Banking | best Banking funds | HSBC Mutual Fund Banking Fund - Direct Plan - Growth NAV | HSBC Mutual Fund Banking Fund - Direct Plan - Growth returns | HSBC Mutual Fund Banking Fund - Direct Plan - Growth expense ratio | invest in HSBC Mutual Fund Banking Fund - Direct Plan - Growth | HSBC Mutual Fund Banking Fund - Direct Plan - Growth SIP | Banking investment 2025 | HSBC Mutual Fund Banking Fund - Direct Plan - Growth vs Banking | top Banking funds India | HSBC Mutual Fund Banking Fund - Direct Plan - Growth performance | HSBC Mutual Fund Banking Fund - Direct Plan - Growth fund manager | Banking fund comparison | buy HSBC Mutual Fund Banking Fund - Direct Plan - Growth online | HSBC Mutual Fund Banking Fund - Direct Plan - Growth minimum investment | Banking fund returns India
HSBC Mutual Fund Technology Fund - Regular Plan - Growth,HSBC Mutual Fund,Technology,Sectoral - Technology,200118,11.612,7149.60,1.98,500,1000,0,0,0,0.48,Nifty IT TRI,Very High,18.08,-4.2,45,Cheenu Gupta,3.5 years,Aims to provide capital appreciation by investing in Technology securities,Equity: 91.00% | Forgn. Eq: 6.00% | T-Bills: 3.00%,Nil,Infosys Ltd. (18.5%) | Tata Consultancy Services Ltd. (15.2%) | Bharti Airtel Ltd. (12.4%) | HCL Technologies Ltd. (9.8%) | Wipro Ltd. (7.5%) | Tech Mahindra Ltd. (6.2%) | Coforge Ltd. (4.8%) | Mphasis Ltd. (4.2%) | Persistent Systems Ltd. (3.9%) | LTIMindtree Ltd. (3.5%),25-May-2026,03-Apr-2006,0%,LTCG 12.5% after 2 years for equity,12,HSBC Mutual Fund Technology Fund - Regular Plan - Growth - H,"Detailed review and analysis of HSBC Mutual Fund Technology Fund - Regular Plan - Growth (Technology). Compare returns, expenses, holdings and risks. Start inve",HSBC Mutual Fund Technology Fund - Regular Plan - Growth | HSBC Mutual Fund Technology Fund - Regular Plan - Growth review | Technology mutual fund | Technology fund in India | HSBC Mutual Fund Technology | best Technology funds | HSBC Mutual Fund Technology Fund - Regular Plan - Growth NAV | HSBC Mutual Fund Technology Fund - Regular Plan - Growth returns | HSBC Mutual Fund Technology Fund - Regular Plan - Growth expense ratio | invest in HSBC Mutual Fund Technology Fund - Regular Plan - Growth | HSBC Mutual Fund Technology Fund - Regular Plan - Growth SIP | Technology investment 2025 | HSBC Mutual Fund Technology Fund - Regular Plan - Growth vs Technology | top Technology funds India | HSBC Mutual Fund Technology Fund - Regular Plan - Growth performance | HSBC Mutual Fund Technology Fund - Regular Plan - Growth fund manager | Technology fund comparison | buy HSBC Mutual Fund Technology Fund - Regular Plan - Growth online | HSBC Mutual Fund Technology Fund - Regular Plan - Growth minimum investment | Technology fund returns India
HSBC Mutual Fund Infrastructure Fund - Direct Plan - Growth,HSBC Mutual Fund,Thematic,Thematic - Infrastructure,200119,56.5258,4373.60,0.92,500,1000,7.72,22.46,15.25,22.62,Nifty Infrastructure TRI,Very High,15.27,1.05,39,Cheenu Gupta,3.5 years,Aims to provide capital appreciation by investing in Thematic securities,Equity: 95.00% | T-Bills: 5.00%,Nil,HDFC Bank Ltd. (5.8%) | ICICI Bank Ltd. (5.2%) | Larsen & Toubro Ltd. (4.9%) | Reliance Industries Ltd. (4.5%) | Infosys Ltd. (4.1%) | Bharti Airtel Ltd. (3.8%) | Axis Bank Ltd. (3.5%) | State Bank of India (3.2%) | Tata Motors Ltd. (2.9%) | Adani Ports & SEZ Ltd. (2.6%),25-May-2026,28-Nov-2022,0%,LTCG 12.5% after 2 years for equity,12,HSBC Mutual Fund Infrastructure Fund - Direct Plan - Growth,"Detailed review and analysis of HSBC Mutual Fund Infrastructure Fund - Direct Plan - Growth (Thematic). Compare returns, expenses, holdings and risks. Start inv",HSBC Mutual Fund Infrastructure Fund - Direct Plan - Growth | HSBC Mutual Fund Infrastructure Fund - Direct Plan - Growth review | Thematic mutual fund | Thematic fund in India | HSBC Mutual Fund Thematic | best Thematic funds | HSBC Mutual Fund Infrastructure Fund - Direct Plan - Growth NAV | HSBC Mutual Fund Infrastructure Fund - Direct Plan - Growth returns | HSBC Mutual Fund Infrastructure Fund - Direct Plan - Growth expense ratio | invest in HSBC Mutual Fund Infrastructure Fund - Direct Plan - Growth | HSBC Mutual Fund Infrastructure Fund - Direct Plan - Growth SIP | Thematic investment 2025 | HSBC Mutual Fund Infrastructure Fund - Direct Plan - Growth vs Thematic | top Thematic funds India | HSBC Mutual Fund Infrastructure Fund - Direct Plan - Growth performance | HSBC Mutual Fund Infrastructure Fund - Direct Plan - Growth fund manager | Thematic fund comparison | buy HSBC Mutual Fund Infrastructure Fund - Direct Plan - Growth online | HSBC Mutual Fund Infrastructure Fund - Direct Plan - Growth minimum investment | Thematic fund returns India
HSBC Mutual Fund Dividend Fund - Regular Plan - Growth,HSBC Mutual Fund,Thematic,Thematic - Dividend Yield,200120,10.8119,4378.00,1.92,500,1000,0,0,0,0.2,Nifty Dividend Opportunities 50 TRI,Moderate,15.30,0.74,40,Cheenu Gupta,3.5 years,Aims to provide capital appreciation by investing in Thematic securities,Equity: 95.00% | T-Bills: 5.00%,Nil,HDFC Bank Ltd. (5.8%) | ICICI Bank Ltd. (5.2%) | Larsen & Toubro Ltd. (4.9%) | Reliance Industries Ltd. (4.5%) | Infosys Ltd. (4.1%) | Bharti Airtel Ltd. (3.8%) | Axis Bank Ltd. (3.5%) | State Bank of India (3.2%) | Tata Motors Ltd. (2.9%) | Adani Ports & SEZ Ltd. (2.6%),25-May-2026,03-Apr-2006,0%,LTCG 12.5% after 2 years for equity,12,HSBC Mutual Fund Dividend Fund - Regular Plan - Growth - HSB,"Detailed review and analysis of HSBC Mutual Fund Dividend Fund - Regular Plan - Growth (Thematic). Compare returns, expenses, holdings and risks. Start investin",HSBC Mutual Fund Dividend Fund - Regular Plan - Growth | HSBC Mutual Fund Dividend Fund - Regular Plan - Growth review | Thematic mutual fund | Thematic fund in India | HSBC Mutual Fund Thematic | best Thematic funds | HSBC Mutual Fund Dividend Fund - Regular Plan - Growth NAV | HSBC Mutual Fund Dividend Fund - Regular Plan - Growth returns | HSBC Mutual Fund Dividend Fund - Regular Plan - Growth expense ratio | invest in HSBC Mutual Fund Dividend Fund - Regular Plan - Growth | HSBC Mutual Fund Dividend Fund - Regular Plan - Growth SIP | Thematic investment 2025 | HSBC Mutual Fund Dividend Fund - Regular Plan - Growth vs Thematic | top Thematic funds India | HSBC Mutual Fund Dividend Fund - Regular Plan - Growth performance | HSBC Mutual Fund Dividend Fund - Regular Plan - Growth fund manager | Thematic fund comparison | buy HSBC Mutual Fund Dividend Fund - Regular Plan - Growth online | HSBC Mutual Fund Dividend Fund - Regular Plan - Growth minimum investment | Thematic fund returns India
HSBC Mutual Fund Balanced Advantage Fund - Direct Plan - Growth,HSBC Mutual Fund,Balanced Hybrid,Balanced Advantage Fund,200121,50.0387,11952.00,0.78,500,1000,1.3,10.7,7.17,10.46,Nifty 50 Hybrid Composite Debt 65:35 Index,Moderately High,8.68,0.48,121,Cheenu Gupta,3.5 years,Aims to provide capital appreciation by investing in Balanced Hybrid securities,Equity: 65.00% | Debt: 30.00% | T-Bills: 5.00%,Nil,HDFC Bank Ltd. (6.8%) | ICICI Bank Ltd. (5.5%) | Reliance Industries Ltd. (4.5%) | 8.38% GOI 2027 (4.2%) | Infosys Ltd. (3.8%) | 7.26% GOI 2032 (3.5%) | Axis Bank Ltd. (3.2%) | Bharti Airtel Ltd. (2.9%) | Larsen & Toubro Ltd. (2.6%) | Tata Consultancy Services Ltd. (2.4%),25-May-2026,28-Nov-2022,0%,LTCG 12.5% after 2 years for equity,12,HSBC Mutual Fund Balanced Advantage Fund - Direct Plan - Gro,"Detailed review and analysis of HSBC Mutual Fund Balanced Advantage Fund - Direct Plan - Growth (Balanced Hybrid). Compare returns, expenses, holdings and risks",HSBC Mutual Fund Balanced Advantage Fund - Direct Plan - Growth | HSBC Mutual Fund Balanced Advantage Fund - Direct Plan - Growth review | Balanced Hybrid mutual fund | Balanced Hybrid fund in India | HSBC Mutual Fund Balanced Hybrid | best Balanced Hybrid funds | HSBC Mutual Fund Balanced Advantage Fund - Direct Plan - Growth NAV | HSBC Mutual Fund Balanced Advantage Fund - Direct Plan - Growth returns | HSBC Mutual Fund Balanced Advantage Fund - Direct Plan - Growth expense ratio | invest in HSBC Mutual Fund Balanced Advantage Fund - Direct Plan - Growth | HSBC Mutual Fund Balanced Advantage Fund - Direct Plan - Growth SIP | Balanced Hybrid investment 2025 | HSBC Mutual Fund Balanced Advantage Fund - Direct Plan - Growth vs Balanced Hybrid | top Balanced Hybrid funds India | HSBC Mutual Fund Balanced Advantage Fund - Direct Plan - Growth performance | HSBC Mutual Fund Balanced Advantage Fund - Direct Plan - Growth fund manager | Balanced Hybrid fund comparison | buy HSBC Mutual Fund Balanced Advantage Fund - Direct Plan - Growth online | HSBC Mutual Fund Balanced Advantage Fund - Direct Plan - Growth minimum investment | Balanced Hybrid fund returns India
HSBC Mutual Fund International Fund - Regular Plan - Growth,HSBC Mutual Fund,International,Fund of Funds - Overseas,200122,11.612,2791.60,2.05,500,1000,0,0,0,0.48,MSCI World Index,Very High,13.90,-4.2,16,Cheenu Gupta,3.5 years,Aims to provide capital appreciation by investing in International securities,Forgn. Eq: 95.00% | Cash & Equivalents: 5.00%,Nil,Apple Inc. (8.5%) | Microsoft Corp. (7.8%) | Alphabet Inc Class A (6.9%) | Amazon.com Inc. (5.2%) | NVIDIA Corp. (4.8%) | Meta Platforms Inc. (4.2%) | Tesla Inc. (3.9%) | Berkshire Hathaway Inc. (3.5%) | UnitedHealth Group Inc. (3.1%) | Johnson & Johnson (2.8%),25-May-2026,03-Apr-2006,0%,LTCG 12.5% after 2 years for equity,12,HSBC Mutual Fund International Fund - Regular Plan - Growth,"Detailed review and analysis of HSBC Mutual Fund International Fund - Regular Plan - Growth (International). Compare returns, expenses, holdings and risks. Star",HSBC Mutual Fund International Fund - Regular Plan - Growth | HSBC Mutual Fund International Fund - Regular Plan - Growth review | International mutual fund | International fund in India | HSBC Mutual Fund International | best International funds | HSBC Mutual Fund International Fund - Regular Plan - Growth NAV | HSBC Mutual Fund International Fund - Regular Plan - Growth returns | HSBC Mutual Fund International Fund - Regular Plan - Growth expense ratio | invest in HSBC Mutual Fund International Fund - Regular Plan - Growth | HSBC Mutual Fund International Fund - Regular Plan - Growth SIP | International investment 2025 | HSBC Mutual Fund International Fund - Regular Plan - Growth vs International | top International funds India | HSBC Mutual Fund International Fund - Regular Plan - Growth performance | HSBC Mutual Fund International Fund - Regular Plan - Growth fund manager | International fund comparison | buy HSBC Mutual Fund International Fund - Regular Plan - Growth online | HSBC Mutual Fund International Fund - Regular Plan - Growth minimum investment | International fund returns India
HSBC Mutual Fund Energy Fund - Direct Plan - Growth,HSBC Mutual Fund,Equity,Focused Fund,200123,10.8119,9580.80,0.75,500,1000,44.8,16.56,7.87,0.2,Nifty 500 TRI,Moderate,13.18,0.52,32,Cheenu Gupta,3.5 years,Aims to provide capital appreciation by investing in Equity securities,Equity: 97.00% | T-Bills: 3.00%,Nil,HDFC Bank Ltd. (8.8%) | ICICI Bank Ltd. (7.5%) | Reliance Industries Ltd. (6.2%) | Infosys Ltd. (5.8%) | Axis Bank Ltd. (5.1%) | Larsen & Toubro Ltd. (4.5%) | Bharti Airtel Ltd. (4.1%) | Sun Pharmaceutical Industries Ltd. (3.8%) | Tata Consultancy Services Ltd. (3.5%) | State Bank of India (3.2%),25-May-2026,03-Apr-2006,0%,LTCG 12.5% after 2 years for equity,12,HSBC Mutual Fund Energy Fund - Direct Plan - Growth - HSBC M,"Detailed review and analysis of HSBC Mutual Fund Energy Fund - Direct Plan - Growth (Equity). Compare returns, expenses, holdings and risks. Start investing tod",HSBC Mutual Fund Energy Fund - Direct Plan - Growth | HSBC Mutual Fund Energy Fund - Direct Plan - Growth review | Equity mutual fund | Equity fund in India | HSBC Mutual Fund Equity | best Equity funds | HSBC Mutual Fund Energy Fund - Direct Plan - Growth NAV | HSBC Mutual Fund Energy Fund - Direct Plan - Growth returns | HSBC Mutual Fund Energy Fund - Direct Plan - Growth expense ratio | invest in HSBC Mutual Fund Energy Fund - Direct Plan - Growth | HSBC Mutual Fund Energy Fund - Direct Plan - Growth SIP | Equity investment 2025 | HSBC Mutual Fund Energy Fund - Direct Plan - Growth vs Equity | top Equity funds India | HSBC Mutual Fund Energy Fund - Direct Plan - Growth performance | HSBC Mutual Fund Energy Fund - Direct Plan - Growth fund manager | Equity fund comparison | buy HSBC Mutual Fund Energy Fund - Direct Plan - Growth online | HSBC Mutual Fund Energy Fund - Direct Plan - Growth minimum investment | Equity fund returns India
HSBC Mutual Fund Pharma Fund - Regular Plan - Growth,HSBC Mutual Fund,Pharma,Sectoral - Pharma & Healthcare,200124,10.8119,3996.00,1.95,500,1000,0,0,0,0.2,Nifty Pharma TRI,Very High,15.02,-4.2,44,Cheenu Gupta,3.5 years,Aims to provide capital appreciation by investing in Pharma securities,Equity: 96.00% | T-Bills: 4.00%,Nil,Sun Pharmaceutical Industries Ltd. (20.5%) | Dr. Reddy's Laboratories Ltd. (12.8%) | Cipla Ltd. (10.4%) | Divi's Laboratories Ltd. (9.8%) | Torrent Pharmaceuticals Ltd. (7.2%) | Aurobindo Pharma Ltd. (5.8%) | Alkem Laboratories Ltd. (5.2%) | Lupin Ltd. (4.9%) | Ipca Laboratories Ltd. (3.8%) | Mankind Pharma Ltd. (3.5%),25-May-2026,03-Apr-2006,0%,LTCG 12.5% after 2 years for equity,12,HSBC Mutual Fund Pharma Fund - Regular Plan - Growth - HSBC,"Detailed review and analysis of HSBC Mutual Fund Pharma Fund - Regular Plan - Growth (Pharma). Compare returns, expenses, holdings and risks. Start investing to",HSBC Mutual Fund Pharma Fund - Regular Plan - Growth | HSBC Mutual Fund Pharma Fund - Regular Plan - Growth review | Pharma mutual fund | Pharma fund in India | HSBC Mutual Fund Pharma | best Pharma funds | HSBC Mutual Fund Pharma Fund - Regular Plan - Growth NAV | HSBC Mutual Fund Pharma Fund - Regular Plan - Growth returns | HSBC Mutual Fund Pharma Fund - Regular Plan - Growth expense ratio | invest in HSBC Mutual Fund Pharma Fund - Regular Plan - Growth | HSBC Mutual Fund Pharma Fund - Regular Plan - Growth SIP | Pharma investment 2025 | HSBC Mutual Fund Pharma Fund - Regular Plan - Growth vs Pharma | top Pharma funds India | HSBC Mutual Fund Pharma Fund - Regular Plan - Growth performance | HSBC Mutual Fund Pharma Fund - Regular Plan - Growth fund manager | Pharma fund comparison | buy HSBC Mutual Fund Pharma Fund - Regular Plan - Growth online | HSBC Mutual Fund Pharma Fund - Regular Plan - Growth minimum investment | Pharma fund returns India
HSBC Mutual Fund Auto Fund - Direct Plan - Growth,HSBC Mutual Fund,Sectoral,Sectoral - Automotive,200125,10,3600.00,0.98,500,1000,44.8,16.56,7.87,-0.16,Nifty Auto TRI,Moderate,16.63,0.52,50,Cheenu Gupta,3.5 years,Aims to provide capital appreciation by investing in Sectoral securities,Equity: 96.00% | T-Bills: 4.00%,Nil,HDFC Bank Ltd. (8.5%) | ICICI Bank Ltd. (7.2%) | State Bank of India (5.8%) | Axis Bank Ltd. (5.2%) | Kotak Mahindra Bank Ltd. (4.9%) | IndusInd Bank Ltd. (4.5%) | Infosys Ltd. (4.1%) | TCS Ltd. (3.8%) | Bharti Airtel Ltd. (3.5%) | Reliance Industries Ltd. (3.2%),25-May-2026,02-Apr-2006,0%,LTCG 12.5% after 2 years for equity,12,HSBC Mutual Fund Auto Fund - Direct Plan - Growth - HSBC Mut,"Detailed review and analysis of HSBC Mutual Fund Auto Fund - Direct Plan - Growth (Sectoral). Compare returns, expenses, holdings and risks. Start investing tod",HSBC Mutual Fund Auto Fund - Direct Plan - Growth | HSBC Mutual Fund Auto Fund - Direct Plan - Growth review | Sectoral mutual fund | Sectoral fund in India | HSBC Mutual Fund Sectoral | best Sectoral funds | HSBC Mutual Fund Auto Fund - Direct Plan - Growth NAV | HSBC Mutual Fund Auto Fund - Direct Plan - Growth returns | HSBC Mutual Fund Auto Fund - Direct Plan - Growth expense ratio | invest in HSBC Mutual Fund Auto Fund - Direct Plan - Growth | HSBC Mutual Fund Auto Fund - Direct Plan - Growth SIP | Sectoral investment 2025 | HSBC Mutual Fund Auto Fund - Direct Plan - Growth vs Sectoral | top Sectoral funds India | HSBC Mutual Fund Auto Fund - Direct Plan - Growth performance | HSBC Mutual Fund Auto Fund - Direct Plan - Growth fund manager | Sectoral fund comparison | buy HSBC Mutual Fund Auto Fund - Direct Plan - Growth online | HSBC Mutual Fund Auto Fund - Direct Plan - Growth minimum investment | Sectoral fund returns India
HSBC Mutual Fund Manufacturing Fund - Regular Plan - Growth,HSBC Mutual Fund,Equity,Focused Fund,200126,11.612,9609.60,1.75,500,1000,0,0,0,0.48,Nifty 500 TRI,Moderate,13.25,-4.2,33,Cheenu Gupta,3.5 years,Aims to provide capital appreciation by investing in Equity securities,Equity: 97.00% | T-Bills: 3.00%,Nil,HDFC Bank Ltd. (8.8%) | ICICI Bank Ltd. (7.5%) | Reliance Industries Ltd. (6.2%) | Infosys Ltd. (5.8%) | Axis Bank Ltd. (5.1%) | Larsen & Toubro Ltd. (4.5%) | Bharti Airtel Ltd. (4.1%) | Sun Pharmaceutical Industries Ltd. (3.8%) | Tata Consultancy Services Ltd. (3.5%) | State Bank of India (3.2%),25-May-2026,03-Apr-2006,0%,LTCG 12.5% after 2 years for equity,12,HSBC Mutual Fund Manufacturing Fund - Regular Plan - Growth,"Detailed review and analysis of HSBC Mutual Fund Manufacturing Fund - Regular Plan - Growth (Equity). Compare returns, expenses, holdings and risks. Start inves",HSBC Mutual Fund Manufacturing Fund - Regular Plan - Growth | HSBC Mutual Fund Manufacturing Fund - Regular Plan - Growth review | Equity mutual fund | Equity fund in India | HSBC Mutual Fund Equity | best Equity funds | HSBC Mutual Fund Manufacturing Fund - Regular Plan - Growth NAV | HSBC Mutual Fund Manufacturing Fund - Regular Plan - Growth returns | HSBC Mutual Fund Manufacturing Fund - Regular Plan - Growth expense ratio | invest in HSBC Mutual Fund Manufacturing Fund - Regular Plan - Growth | HSBC Mutual Fund Manufacturing Fund - Regular Plan - Growth SIP | Equity investment 2025 | HSBC Mutual Fund Manufacturing Fund - Regular Plan - Growth vs Equity | top Equity funds India | HSBC Mutual Fund Manufacturing Fund - Regular Plan - Growth performance | HSBC Mutual Fund Manufacturing Fund - Regular Plan - Growth fund manager | Equity fund comparison | buy HSBC Mutual Fund Manufacturing Fund - Regular Plan - Growth online | HSBC Mutual Fund Manufacturing Fund - Regular Plan - Growth minimum investment | Equity fund returns India
UTI Mutual Fund Large Cap Fund - Direct Plan - Growth,UTI Mutual Fund,Large Cap,Large Cap Fund,200127,497.217,20040.00,0.52,500,1000,-4.02,14.7,12.03,11.65,Nifty 50,Very High,11.79,0.70,21,V. Srivatsa,3.5 years,Aims to provide capital appreciation by investing in Large Cap securities,Equity: 96.00% | T-Bills: 4.00%,Nil,HDFC Bank Ltd. (8.5%) | ICICI Bank Ltd. (7.8%) | Reliance Industries Ltd. (6.9%) | Infosys Ltd. (5.2%) | Larsen & Toubro Ltd. (4.8%) | Axis Bank Ltd. (3.9%) | Tata Consultancy Services Ltd. (3.7%) | Bharti Airtel Ltd. (3.4%) | State Bank of India (3.1%) | ITC Ltd. (2.8%),25-May-2026,02-Jan-2013,0%,LTCG 12.5% after 2 years for equity,13,UTI Mutual Fund Large Cap Fund - Direct Plan - Growth - UTI,"Detailed review and analysis of UTI Mutual Fund Large Cap Fund - Direct Plan - Growth (Large Cap). Compare returns, expenses, holdings and risks. Start investin",UTI Mutual Fund Large Cap Fund - Direct Plan - Growth | UTI Mutual Fund Large Cap Fund - Direct Plan - Growth review | Large Cap mutual fund | Large Cap fund in India | UTI Mutual Fund Large Cap | best Large Cap funds | UTI Mutual Fund Large Cap Fund - Direct Plan - Growth NAV | UTI Mutual Fund Large Cap Fund - Direct Plan - Growth returns | UTI Mutual Fund Large Cap Fund - Direct Plan - Growth expense ratio | invest in UTI Mutual Fund Large Cap Fund - Direct Plan - Growth | UTI Mutual Fund Large Cap Fund - Direct Plan - Growth SIP | Large Cap investment 2025 | UTI Mutual Fund Large Cap Fund - Direct Plan - Growth vs Large Cap | top Large Cap funds India | UTI Mutual Fund Large Cap Fund - Direct Plan - Growth performance | UTI Mutual Fund Large Cap Fund - Direct Plan - Growth fund manager | Large Cap fund comparison | buy UTI Mutual Fund Large Cap Fund - Direct Plan - Growth online | UTI Mutual Fund Large Cap Fund - Direct Plan - Growth minimum investment | Large Cap fund returns India
UTI Mutual Fund Mid Cap Fund - Regular Plan - Growth,UTI Mutual Fund,Mid Cap,Mid Cap Fund,200128,142.4619,12036.00,1.75,500,1000,2.67,15.51,14.16,9.09,Nifty Midcap 150 TRI,Very High,15.18,0.59,29,V. Srivatsa,3.5 years,Aims to provide capital appreciation by investing in Mid Cap securities,Equity: 94.00% | T-Bills: 6.00%,Nil,Voltas Ltd. (3.8%) | Mphasis Ltd. (3.5%) | Coforge Ltd. (3.2%) | Sundram Fasteners Ltd. (2.9%) | Persistent Systems Ltd. (2.7%) | Zydus Lifesciences Ltd. (2.5%) | Crompton Greaves Consumer Electricals Ltd. (2.4%) | Oberoi Realty Ltd. (2.2%) | Tube Investments of India Ltd. (2.1%) | Emami Ltd. (2.0%),25-May-2026,03-Apr-2006,0%,LTCG 12.5% after 2 years for equity,13,UTI Mutual Fund Mid Cap Fund - Regular Plan - Growth - UTI M,"Detailed review and analysis of UTI Mutual Fund Mid Cap Fund - Regular Plan - Growth (Mid Cap). Compare returns, expenses, holdings and risks. Start investing t",UTI Mutual Fund Mid Cap Fund - Regular Plan - Growth | UTI Mutual Fund Mid Cap Fund - Regular Plan - Growth review | Mid Cap mutual fund | Mid Cap fund in India | UTI Mutual Fund Mid Cap | best Mid Cap funds | UTI Mutual Fund Mid Cap Fund - Regular Plan - Growth NAV | UTI Mutual Fund Mid Cap Fund - Regular Plan - Growth returns | UTI Mutual Fund Mid Cap Fund - Regular Plan - Growth expense ratio | invest in UTI Mutual Fund Mid Cap Fund - Regular Plan - Growth | UTI Mutual Fund Mid Cap Fund - Regular Plan - Growth SIP | Mid Cap investment 2025 | UTI Mutual Fund Mid Cap Fund - Regular Plan - Growth vs Mid Cap | top Mid Cap funds India | UTI Mutual Fund Mid Cap Fund - Regular Plan - Growth performance | UTI Mutual Fund Mid Cap Fund - Regular Plan - Growth fund manager | Mid Cap fund comparison | buy UTI Mutual Fund Mid Cap Fund - Regular Plan - Growth online | UTI Mutual Fund Mid Cap Fund - Regular Plan - Growth minimum investment | Mid Cap fund returns India
UTI Mutual Fund Small Cap Fund - Direct Plan - Growth,UTI Mutual Fund,Small Cap,Small Cap Fund,200129,226.029,9638.40,0.82,500,1000,9.07,20.44,18.91,20.97,Nifty Smallcap 250 TRI,Very High,17.83,0.78,23,V. Srivatsa,3.5 years,Aims to provide capital appreciation by investing in Small Cap securities,Equity: 91.00% | Cash & Equivalents: 9.00%,Nil,Aarti Drugs Ltd. (3.2%) | Hatsun Agro Product Ltd. (2.9%) | National Aluminium Company Ltd. (2.7%) | VST Tillers Tractors Ltd. (2.5%) | Repco Home Finance Ltd. (2.3%) | RACL Geartech Ltd. (2.1%) | Neuland Laboratories Ltd. (2.0%) | Mold-Tek Packaging Ltd. (1.9%) | NIIT Learning Systems Ltd. (1.8%) | Nuvama Wealth Management Ltd. (1.7%),25-May-2026,02-Jan-2013,0%,LTCG 12.5% after 2 years for equity,13,UTI Mutual Fund Small Cap Fund - Direct Plan - Growth - UTI,"Detailed review and analysis of UTI Mutual Fund Small Cap Fund - Direct Plan - Growth (Small Cap). Compare returns, expenses, holdings and risks. Start investin",UTI Mutual Fund Small Cap Fund - Direct Plan - Growth | UTI Mutual Fund Small Cap Fund - Direct Plan - Growth review | Small Cap mutual fund | Small Cap fund in India | UTI Mutual Fund Small Cap | best Small Cap funds | UTI Mutual Fund Small Cap Fund - Direct Plan - Growth NAV | UTI Mutual Fund Small Cap Fund - Direct Plan - Growth returns | UTI Mutual Fund Small Cap Fund - Direct Plan - Growth expense ratio | invest in UTI Mutual Fund Small Cap Fund - Direct Plan - Growth | UTI Mutual Fund Small Cap Fund - Direct Plan - Growth SIP | Small Cap investment 2025 | UTI Mutual Fund Small Cap Fund - Direct Plan - Growth vs Small Cap | top Small Cap funds India | UTI Mutual Fund Small Cap Fund - Direct Plan - Growth performance | UTI Mutual Fund Small Cap Fund - Direct Plan - Growth fund manager | Small Cap fund comparison | buy UTI Mutual Fund Small Cap Fund - Direct Plan - Growth online | UTI Mutual Fund Small Cap Fund - Direct Plan - Growth minimum investment | Small Cap fund returns India
UTI Mutual Fund Multi Cap Fund - Regular Plan - Growth,UTI Mutual Fund,Multi Cap,Multi Cap Fund,200130,19.0138,14472.00,1.68,500,1000,5.23,20.86,0,21.47,Nifty 500 Multicap 50:25:25 TRI,Very High,13.70,1.05,36,V. Srivatsa,3.5 years,Aims to provide capital appreciation by investing in Multi Cap securities,Equity: 97.00% | T-Bills: 3.00%,Nil,HDFC Bank Ltd. (6.5%) | ICICI Bank Ltd. (5.8%) | Reliance Industries Ltd. (4.9%) | Infosys Ltd. (4.2%) | Axis Bank Ltd. (3.6%) | Larsen & Toubro Ltd. (3.2%) | Tata Consultancy Services Ltd. (2.9%) | Bharti Airtel Ltd. (2.7%) | State Bank of India (2.4%) | Sun Pharmaceutical Industries Ltd. (2.2%),25-May-2026,03-Feb-2023,0%,LTCG 12.5% after 2 years for equity,13,UTI Mutual Fund Multi Cap Fund - Regular Plan - Growth - UTI,"Detailed review and analysis of UTI Mutual Fund Multi Cap Fund - Regular Plan - Growth (Multi Cap). Compare returns, expenses, holdings and risks. Start investi",UTI Mutual Fund Multi Cap Fund - Regular Plan - Growth | UTI Mutual Fund Multi Cap Fund - Regular Plan - Growth review | Multi Cap mutual fund | Multi Cap fund in India | UTI Mutual Fund Multi Cap | best Multi Cap funds | UTI Mutual Fund Multi Cap Fund - Regular Plan - Growth NAV | UTI Mutual Fund Multi Cap Fund - Regular Plan - Growth returns | UTI Mutual Fund Multi Cap Fund - Regular Plan - Growth expense ratio | invest in UTI Mutual Fund Multi Cap Fund - Regular Plan - Growth | UTI Mutual Fund Multi Cap Fund - Regular Plan - Growth SIP | Multi Cap investment 2025 | UTI Mutual Fund Multi Cap Fund - Regular Plan - Growth vs Multi Cap | top Multi Cap funds India | UTI Mutual Fund Multi Cap Fund - Regular Plan - Growth performance | UTI Mutual Fund Multi Cap Fund - Regular Plan - Growth fund manager | Multi Cap fund comparison | buy UTI Mutual Fund Multi Cap Fund - Regular Plan - Growth online | UTI Mutual Fund Multi Cap Fund - Regular Plan - Growth minimum investment | Multi Cap fund returns India
UTI Mutual Fund Flexi Cap Fund - Direct Plan - Growth,UTI Mutual Fund,Flexi Cap,Flexi Cap Fund,200131,110.791,11267.20,0.72,500,1000,-2.38,14.63,12.31,14.46,Nifty 500 TRI,Very High,13.08,0.62,33,V. Srivatsa,3.5 years,Aims to provide capital appreciation by investing in Flexi Cap securities,Equity: 95.00% | T-Bills: 5.00%,Nil,HDFC Bank Ltd. (8.2%) | ICICI Bank Ltd. (6.9%) | Infosys Ltd. (5.5%) | Reliance Industries Ltd. (5.1%) | Axis Bank Ltd. (4.2%) | Larsen & Toubro Ltd. (3.8%) | Tata Consultancy Services Ltd. (3.4%) | Bharti Airtel Ltd. (3.1%) | Sun Pharmaceutical Industries Ltd. (2.8%) | Kotak Mahindra Bank Ltd. (2.5%),25-May-2026,02-Jan-2013,0%,LTCG 12.5% after 2 years for equity,13,UTI Mutual Fund Flexi Cap Fund - Direct Plan - Growth - UTI,"Detailed review and analysis of UTI Mutual Fund Flexi Cap Fund - Direct Plan - Growth (Flexi Cap). Compare returns, expenses, holdings and risks. Start investin",UTI Mutual Fund Flexi Cap Fund - Direct Plan - Growth | UTI Mutual Fund Flexi Cap Fund - Direct Plan - Growth review | Flexi Cap mutual fund | Flexi Cap fund in India | UTI Mutual Fund Flexi Cap | best Flexi Cap funds | UTI Mutual Fund Flexi Cap Fund - Direct Plan - Growth NAV | UTI Mutual Fund Flexi Cap Fund - Direct Plan - Growth returns | UTI Mutual Fund Flexi Cap Fund - Direct Plan - Growth expense ratio | invest in UTI Mutual Fund Flexi Cap Fund - Direct Plan - Growth | UTI Mutual Fund Flexi Cap Fund - Direct Plan - Growth SIP | Flexi Cap investment 2025 | UTI Mutual Fund Flexi Cap Fund - Direct Plan - Growth vs Flexi Cap | top Flexi Cap funds India | UTI Mutual Fund Flexi Cap Fund - Direct Plan - Growth performance | UTI Mutual Fund Flexi Cap Fund - Direct Plan - Growth fund manager | Flexi Cap fund comparison | buy UTI Mutual Fund Flexi Cap Fund - Direct Plan - Growth online | UTI Mutual Fund Flexi Cap Fund - Direct Plan - Growth minimum investment | Flexi Cap fund returns India
UTI Mutual Fund ELSS Tax Saver Fund - Regular Plan - Growth,UTI Mutual Fund,ELSS,ELSS (Tax Saving),200132,134.992,8056.00,1.85,500,1000,-2.88,16.38,13.7,14.2,Nifty 500 TRI,Very High,14.05,0.70,28,V. Srivatsa,3.5 years,Aims to provide capital appreciation by investing in ELSS securities,Equity: 96.00% | T-Bills: 4.00%,Nil,ICICI Bank Ltd. (8.5%) | HDFC Bank Ltd. (7.2%) | Infosys Ltd. (5.8%) | Reliance Industries Ltd. (5.2%) | Axis Bank Ltd. (4.9%) | Kotak Mahindra Bank Ltd. (4.3%) | Sun Pharmaceutical Industries Ltd. (3.9%) | Bharti Airtel Ltd. (3.5%) | Larsen & Toubro Ltd. (3.2%) | Tata Consultancy Services Ltd. (2.9%),25-May-2026,22-Jan-2007,0%,LTCG 12.5% after 2 years for equity,13,UTI Mutual Fund ELSS Tax Saver Fund - Regular Plan - Growth,"Detailed review and analysis of UTI Mutual Fund ELSS Tax Saver Fund - Regular Plan - Growth (ELSS). Compare returns, expenses, holdings and risks. Start investi",UTI Mutual Fund ELSS Tax Saver Fund - Regular Plan - Growth | UTI Mutual Fund ELSS Tax Saver Fund - Regular Plan - Growth review | ELSS mutual fund | ELSS fund in India | UTI Mutual Fund ELSS | best ELSS funds | UTI Mutual Fund ELSS Tax Saver Fund - Regular Plan - Growth NAV | UTI Mutual Fund ELSS Tax Saver Fund - Regular Plan - Growth returns | UTI Mutual Fund ELSS Tax Saver Fund - Regular Plan - Growth expense ratio | invest in UTI Mutual Fund ELSS Tax Saver Fund - Regular Plan - Growth | UTI Mutual Fund ELSS Tax Saver Fund - Regular Plan - Growth SIP | ELSS investment 2025 | UTI Mutual Fund ELSS Tax Saver Fund - Regular Plan - Growth vs ELSS | top ELSS funds India | UTI Mutual Fund ELSS Tax Saver Fund - Regular Plan - Growth performance | UTI Mutual Fund ELSS Tax Saver Fund - Regular Plan - Growth fund manager | ELSS fund comparison | buy UTI Mutual Fund ELSS Tax Saver Fund - Regular Plan - Growth online | UTI Mutual Fund ELSS Tax Saver Fund - Regular Plan - Growth minimum investment | ELSS fund returns India
UTI Mutual Fund Liquid Fund - Direct Plan - Growth,UTI Mutual Fund,Liquid Fund,Liquid Fund,200133,5622.7852,36288.00,0.12,500,1000,6.17,6.93,6.11,50.63,NIFTY Liquid Index,Low,0.11,3.91,233,V. Srivatsa,3.5 years,Aims to provide capital appreciation by investing in Liquid Fund securities,T-Bills: 65.00% | CD: 20.00% | CP: 10.00% | Cash: 5.00%,Nil,State Bank of India CD (8.5%) | HDFC Bank CD (7.2%) | Reliance Industries T-Bills (6.8%) | ICICI Bank CP (5.9%) | 182-Day T-Bill (5.5%) | National Bank For Agriculture And Rural Development (5.2%) | 91-Day T-Bill (4.8%) | Kotak Mahindra Bank CD (4.5%) | Axis Bank CP (4.1%) | Power Finance Corporation (3.8%),25-May-2026,01-Jan-2013,0%,LTCG 12.5% after 2 years for equity,13,UTI Mutual Fund Liquid Fund - Direct Plan - Growth - UTI Mut,"Detailed review and analysis of UTI Mutual Fund Liquid Fund - Direct Plan - Growth (Liquid Fund). Compare returns, expenses, holdings and risks. Start investing",UTI Mutual Fund Liquid Fund - Direct Plan - Growth | UTI Mutual Fund Liquid Fund - Direct Plan - Growth review | Liquid Fund mutual fund | Liquid Fund fund in India | UTI Mutual Fund Liquid Fund | best Liquid Fund funds | UTI Mutual Fund Liquid Fund - Direct Plan - Growth NAV | UTI Mutual Fund Liquid Fund - Direct Plan - Growth returns | UTI Mutual Fund Liquid Fund - Direct Plan - Growth expense ratio | invest in UTI Mutual Fund Liquid Fund - Direct Plan - Growth | UTI Mutual Fund Liquid Fund - Direct Plan - Growth SIP | Liquid Fund investment 2025 | UTI Mutual Fund Liquid Fund - Direct Plan - Growth vs Liquid Fund | top Liquid Fund funds India | UTI Mutual Fund Liquid Fund - Direct Plan - Growth performance | UTI Mutual Fund Liquid Fund - Direct Plan - Growth fund manager | Liquid Fund fund comparison | buy UTI Mutual Fund Liquid Fund - Direct Plan - Growth online | UTI Mutual Fund Liquid Fund - Direct Plan - Growth minimum investment | Liquid Fund fund returns India
UTI Mutual Fund Debt Fund - Regular Plan - Growth,UTI Mutual Fund,Debt,Short Duration Fund,200134,10,6457.60,1.05,500,1000,1.38,11.31,10.05,-0.16,CRISIL Composite Bond Fund Index,Moderate,3.04,0.44,156,V. Srivatsa,3.5 years,Aims to provide capital appreciation by investing in Debt securities,Debenture: 40.00% | SDL: 30.00% | T-Bills: 20.00% | GOI Sec: 10.00%,Nil,National Bank For Agriculture And Rural Development (5.8%) | Power Finance Corporation Ltd. (5.2%) | Rural Electrification Corporation Ltd. (4.9%) | 7.26% GOI 2032 (4.5%) | State Bank of India (4.1%) | National Highways Authority of India (3.8%) | Housing Development Finance Corporation Ltd. (3.5%) | Indian Railway Finance Corporation Ltd. (3.2%) | HDFC Bank Ltd. (2.9%) | Bajaj Finance Ltd. (2.5%),25-May-2026,02-Apr-2006,0%,LTCG 12.5% after 2 years for equity,13,UTI Mutual Fund Debt Fund - Regular Plan - Growth - UTI Mutu,"Detailed review and analysis of UTI Mutual Fund Debt Fund - Regular Plan - Growth (Debt). Compare returns, expenses, holdings and risks. Start investing today.",UTI Mutual Fund Debt Fund - Regular Plan - Growth | UTI Mutual Fund Debt Fund - Regular Plan - Growth review | Debt mutual fund | Debt fund in India | UTI Mutual Fund Debt | best Debt funds | UTI Mutual Fund Debt Fund - Regular Plan - Growth NAV | UTI Mutual Fund Debt Fund - Regular Plan - Growth returns | UTI Mutual Fund Debt Fund - Regular Plan - Growth expense ratio | invest in UTI Mutual Fund Debt Fund - Regular Plan - Growth | UTI Mutual Fund Debt Fund - Regular Plan - Growth SIP | Debt investment 2025 | UTI Mutual Fund Debt Fund - Regular Plan - Growth vs Debt | top Debt funds India | UTI Mutual Fund Debt Fund - Regular Plan - Growth performance | UTI Mutual Fund Debt Fund - Regular Plan - Growth fund manager | Debt fund comparison | buy UTI Mutual Fund Debt Fund - Regular Plan - Growth online | UTI Mutual Fund Debt Fund - Regular Plan - Growth minimum investment | Debt fund returns India
UTI Mutual Fund Banking Fund - Direct Plan - Growth,UTI Mutual Fund,Banking,Sectoral - Banking & Financial Services,200135,214.5465,5656.00,0.92,500,1000,0.5,13.87,12.58,11.51,Nifty Bank TRI,Very High,16.08,0.46,44,V. Srivatsa,3.5 years,Aims to provide capital appreciation by investing in Banking securities,Equity: 97.00% | T-Bills: 3.00%,Nil,HDFC Bank Ltd. (22.5%) | ICICI Bank Ltd. (19.8%) | State Bank of India (12.4%) | Axis Bank Ltd. (10.8%) | Kotak Mahindra Bank Ltd. (8.5%) | Bank of Baroda (5.2%) | IndusInd Bank Ltd. (4.8%) | Federal Bank Ltd. (3.9%) | AU Small Finance Bank Ltd. (3.5%) | Punjab National Bank (2.8%),25-May-2026,02-Jan-2013,0%,LTCG 12.5% after 2 years for equity,13,UTI Mutual Fund Banking Fund - Direct Plan - Growth - UTI Mu,"Detailed review and analysis of UTI Mutual Fund Banking Fund - Direct Plan - Growth (Banking). Compare returns, expenses, holdings and risks. Start investing to",UTI Mutual Fund Banking Fund - Direct Plan - Growth | UTI Mutual Fund Banking Fund - Direct Plan - Growth review | Banking mutual fund | Banking fund in India | UTI Mutual Fund Banking | best Banking funds | UTI Mutual Fund Banking Fund - Direct Plan - Growth NAV | UTI Mutual Fund Banking Fund - Direct Plan - Growth returns | UTI Mutual Fund Banking Fund - Direct Plan - Growth expense ratio | invest in UTI Mutual Fund Banking Fund - Direct Plan - Growth | UTI Mutual Fund Banking Fund - Direct Plan - Growth SIP | Banking investment 2025 | UTI Mutual Fund Banking Fund - Direct Plan - Growth vs Banking | top Banking funds India | UTI Mutual Fund Banking Fund - Direct Plan - Growth performance | UTI Mutual Fund Banking Fund - Direct Plan - Growth fund manager | Banking fund comparison | buy UTI Mutual Fund Banking Fund - Direct Plan - Growth online | UTI Mutual Fund Banking Fund - Direct Plan - Growth minimum investment | Banking fund returns India
UTI Mutual Fund Technology Fund - Regular Plan - Growth,UTI Mutual Fund,Technology,Sectoral - Technology,200136,11.612,7279.20,1.98,500,1000,1.38,11.31,10.05,0.48,Nifty IT TRI,Very High,18.71,0.44,51,V. Srivatsa,3.5 years,Aims to provide capital appreciation by investing in Technology securities,Equity: 91.00% | Forgn. Eq: 6.00% | T-Bills: 3.00%,Nil,Infosys Ltd. (18.5%) | Tata Consultancy Services Ltd. (15.2%) | Bharti Airtel Ltd. (12.4%) | HCL Technologies Ltd. (9.8%) | Wipro Ltd. (7.5%) | Tech Mahindra Ltd. (6.2%) | Coforge Ltd. (4.8%) | Mphasis Ltd. (4.2%) | Persistent Systems Ltd. (3.9%) | LTIMindtree Ltd. (3.5%),25-May-2026,03-Apr-2006,0%,LTCG 12.5% after 2 years for equity,13,UTI Mutual Fund Technology Fund - Regular Plan - Growth - UT,"Detailed review and analysis of UTI Mutual Fund Technology Fund - Regular Plan - Growth (Technology). Compare returns, expenses, holdings and risks. Start inves",UTI Mutual Fund Technology Fund - Regular Plan - Growth | UTI Mutual Fund Technology Fund - Regular Plan - Growth review | Technology mutual fund | Technology fund in India | UTI Mutual Fund Technology | best Technology funds | UTI Mutual Fund Technology Fund - Regular Plan - Growth NAV | UTI Mutual Fund Technology Fund - Regular Plan - Growth returns | UTI Mutual Fund Technology Fund - Regular Plan - Growth expense ratio | invest in UTI Mutual Fund Technology Fund - Regular Plan - Growth | UTI Mutual Fund Technology Fund - Regular Plan - Growth SIP | Technology investment 2025 | UTI Mutual Fund Technology Fund - Regular Plan - Growth vs Technology | top Technology funds India | UTI Mutual Fund Technology Fund - Regular Plan - Growth performance | UTI Mutual Fund Technology Fund - Regular Plan - Growth fund manager | Technology fund comparison | buy UTI Mutual Fund Technology Fund - Regular Plan - Growth online | UTI Mutual Fund Technology Fund - Regular Plan - Growth minimum investment | Technology fund returns India
UTI Mutual Fund Infrastructure Fund - Direct Plan - Growth,UTI Mutual Fund,Thematic,Thematic - Infrastructure,200137,55.3541,4452.80,0.92,500,1000,3.6,20.82,20.16,14.87,Nifty Infrastructure TRI,Very High,15.81,0.91,45,V. Srivatsa,3.5 years,Aims to provide capital appreciation by investing in Thematic securities,Equity: 95.00% | T-Bills: 5.00%,Nil,HDFC Bank Ltd. (5.8%) | ICICI Bank Ltd. (5.2%) | Larsen & Toubro Ltd. (4.9%) | Reliance Industries Ltd. (4.5%) | Infosys Ltd. (4.1%) | Bharti Airtel Ltd. (3.8%) | Axis Bank Ltd. (3.5%) | State Bank of India (3.2%) | Tata Motors Ltd. (2.9%) | Adani Ports & SEZ Ltd. (2.6%),25-May-2026,03-Jan-2013,0%,LTCG 12.5% after 2 years for equity,13,UTI Mutual Fund Infrastructure Fund - Direct Plan - Growth -,"Detailed review and analysis of UTI Mutual Fund Infrastructure Fund - Direct Plan - Growth (Thematic). Compare returns, expenses, holdings and risks. Start inve",UTI Mutual Fund Infrastructure Fund - Direct Plan - Growth | UTI Mutual Fund Infrastructure Fund - Direct Plan - Growth review | Thematic mutual fund | Thematic fund in India | UTI Mutual Fund Thematic | best Thematic funds | UTI Mutual Fund Infrastructure Fund - Direct Plan - Growth NAV | UTI Mutual Fund Infrastructure Fund - Direct Plan - Growth returns | UTI Mutual Fund Infrastructure Fund - Direct Plan - Growth expense ratio | invest in UTI Mutual Fund Infrastructure Fund - Direct Plan - Growth | UTI Mutual Fund Infrastructure Fund - Direct Plan - Growth SIP | Thematic investment 2025 | UTI Mutual Fund Infrastructure Fund - Direct Plan - Growth vs Thematic | top Thematic funds India | UTI Mutual Fund Infrastructure Fund - Direct Plan - Growth performance | UTI Mutual Fund Infrastructure Fund - Direct Plan - Growth fund manager | Thematic fund comparison | buy UTI Mutual Fund Infrastructure Fund - Direct Plan - Growth online | UTI Mutual Fund Infrastructure Fund - Direct Plan - Growth minimum investment | Thematic fund returns India
UTI Mutual Fund Dividend Fund - Regular Plan - Growth,UTI Mutual Fund,Thematic,Thematic - Dividend Yield,200138,10.8119,4457.20,1.92,500,1000,0,0,0,0.2,Nifty Dividend Opportunities 50 TRI,Moderate,15.84,-0.05,46,V. Srivatsa,3.5 years,Aims to provide capital appreciation by investing in Thematic securities,Equity: 95.00% | T-Bills: 5.00%,Nil,HDFC Bank Ltd. (5.8%) | ICICI Bank Ltd. (5.2%) | Larsen & Toubro Ltd. (4.9%) | Reliance Industries Ltd. (4.5%) | Infosys Ltd. (4.1%) | Bharti Airtel Ltd. (3.8%) | Axis Bank Ltd. (3.5%) | State Bank of India (3.2%) | Tata Motors Ltd. (2.9%) | Adani Ports & SEZ Ltd. (2.6%),25-May-2026,03-Apr-2006,0%,LTCG 12.5% after 2 years for equity,13,UTI Mutual Fund Dividend Fund - Regular Plan - Growth - UTI,"Detailed review and analysis of UTI Mutual Fund Dividend Fund - Regular Plan - Growth (Thematic). Compare returns, expenses, holdings and risks. Start investing",UTI Mutual Fund Dividend Fund - Regular Plan - Growth | UTI Mutual Fund Dividend Fund - Regular Plan - Growth review | Thematic mutual fund | Thematic fund in India | UTI Mutual Fund Thematic | best Thematic funds | UTI Mutual Fund Dividend Fund - Regular Plan - Growth NAV | UTI Mutual Fund Dividend Fund - Regular Plan - Growth returns | UTI Mutual Fund Dividend Fund - Regular Plan - Growth expense ratio | invest in UTI Mutual Fund Dividend Fund - Regular Plan - Growth | UTI Mutual Fund Dividend Fund - Regular Plan - Growth SIP | Thematic investment 2025 | UTI Mutual Fund Dividend Fund - Regular Plan - Growth vs Thematic | top Thematic funds India | UTI Mutual Fund Dividend Fund - Regular Plan - Growth performance | UTI Mutual Fund Dividend Fund - Regular Plan - Growth fund manager | Thematic fund comparison | buy UTI Mutual Fund Dividend Fund - Regular Plan - Growth online | UTI Mutual Fund Dividend Fund - Regular Plan - Growth minimum investment | Thematic fund returns India
UTI Mutual Fund Balanced Advantage Fund - Direct Plan - Growth,UTI Mutual Fund,Balanced Hybrid,Balanced Advantage Fund,200139,16.3854,12168.00,0.78,500,1000,3.08,12.3,4.97,10.94,Nifty 50 Hybrid Composite Debt 65:35 Index,Moderately High,9.00,0.64,139,V. Srivatsa,3.5 years,Aims to provide capital appreciation by investing in Balanced Hybrid securities,Equity: 65.00% | Debt: 30.00% | T-Bills: 5.00%,Nil,HDFC Bank Ltd. (6.8%) | ICICI Bank Ltd. (5.5%) | Reliance Industries Ltd. (4.5%) | 8.38% GOI 2027 (4.2%) | Infosys Ltd. (3.8%) | 7.26% GOI 2032 (3.5%) | Axis Bank Ltd. (3.2%) | Bharti Airtel Ltd. (2.9%) | Larsen & Toubro Ltd. (2.6%) | Tata Consultancy Services Ltd. (2.4%),25-May-2026,07-Sep-2021,0%,LTCG 12.5% after 2 years for equity,13,UTI Mutual Fund Balanced Advantage Fund - Direct Plan - Grow,"Detailed review and analysis of UTI Mutual Fund Balanced Advantage Fund - Direct Plan - Growth (Balanced Hybrid). Compare returns, expenses, holdings and risks.",UTI Mutual Fund Balanced Advantage Fund - Direct Plan - Growth | UTI Mutual Fund Balanced Advantage Fund - Direct Plan - Growth review | Balanced Hybrid mutual fund | Balanced Hybrid fund in India | UTI Mutual Fund Balanced Hybrid | best Balanced Hybrid funds | UTI Mutual Fund Balanced Advantage Fund - Direct Plan - Growth NAV | UTI Mutual Fund Balanced Advantage Fund - Direct Plan - Growth returns | UTI Mutual Fund Balanced Advantage Fund - Direct Plan - Growth expense ratio | invest in UTI Mutual Fund Balanced Advantage Fund - Direct Plan - Growth | UTI Mutual Fund Balanced Advantage Fund - Direct Plan - Growth SIP | Balanced Hybrid investment 2025 | UTI Mutual Fund Balanced Advantage Fund - Direct Plan - Growth vs Balanced Hybrid | top Balanced Hybrid funds India | UTI Mutual Fund Balanced Advantage Fund - Direct Plan - Growth performance | UTI Mutual Fund Balanced Advantage Fund - Direct Plan - Growth fund manager | Balanced Hybrid fund comparison | buy UTI Mutual Fund Balanced Advantage Fund - Direct Plan - Growth online | UTI Mutual Fund Balanced Advantage Fund - Direct Plan - Growth minimum investment | Balanced Hybrid fund returns India
UTI Mutual Fund International Fund - Regular Plan - Growth,UTI Mutual Fund,International,Fund of Funds - Overseas,200140,11.612,2842.00,2.05,500,1000,1.38,11.31,10.05,0.48,MSCI World Index,Very High,14.48,0.44,19,V. Srivatsa,3.5 years,Aims to provide capital appreciation by investing in International securities,Forgn. Eq: 95.00% | Cash & Equivalents: 5.00%,Nil,Apple Inc. (8.5%) | Microsoft Corp. (7.8%) | Alphabet Inc Class A (6.9%) | Amazon.com Inc. (5.2%) | NVIDIA Corp. (4.8%) | Meta Platforms Inc. (4.2%) | Tesla Inc. (3.9%) | Berkshire Hathaway Inc. (3.5%) | UnitedHealth Group Inc. (3.1%) | Johnson & Johnson (2.8%),25-May-2026,03-Apr-2006,0%,LTCG 12.5% after 2 years for equity,13,UTI Mutual Fund International Fund - Regular Plan - Growth -,"Detailed review and analysis of UTI Mutual Fund International Fund - Regular Plan - Growth (International). Compare returns, expenses, holdings and risks. Start",UTI Mutual Fund International Fund - Regular Plan - Growth | UTI Mutual Fund International Fund - Regular Plan - Growth review | International mutual fund | International fund in India | UTI Mutual Fund International | best International funds | UTI Mutual Fund International Fund - Regular Plan - Growth NAV | UTI Mutual Fund International Fund - Regular Plan - Growth returns | UTI Mutual Fund International Fund - Regular Plan - Growth expense ratio | invest in UTI Mutual Fund International Fund - Regular Plan - Growth | UTI Mutual Fund International Fund - Regular Plan - Growth SIP | International investment 2025 | UTI Mutual Fund International Fund - Regular Plan - Growth vs International | top International funds India | UTI Mutual Fund International Fund - Regular Plan - Growth performance | UTI Mutual Fund International Fund - Regular Plan - Growth fund manager | International fund comparison | buy UTI Mutual Fund International Fund - Regular Plan - Growth online | UTI Mutual Fund International Fund - Regular Plan - Growth minimum investment | International fund returns India
UTI Mutual Fund Energy Fund - Direct Plan - Growth,UTI Mutual Fund,Equity,Focused Fund,200141,10,9753.60,0.75,500,1000,0,0,0,-0.16,Nifty 500 TRI,Moderate,13.59,-0.08,37,V. Srivatsa,3.5 years,Aims to provide capital appreciation by investing in Equity securities,Equity: 97.00% | T-Bills: 3.00%,Nil,HDFC Bank Ltd. (8.8%) | ICICI Bank Ltd. (7.5%) | Reliance Industries Ltd. (6.2%) | Infosys Ltd. (5.8%) | Axis Bank Ltd. (5.1%) | Larsen & Toubro Ltd. (4.5%) | Bharti Airtel Ltd. (4.1%) | Sun Pharmaceutical Industries Ltd. (3.8%) | Tata Consultancy Services Ltd. (3.5%) | State Bank of India (3.2%),25-May-2026,02-Apr-2006,0%,LTCG 12.5% after 2 years for equity,13,UTI Mutual Fund Energy Fund - Direct Plan - Growth - UTI Mut,"Detailed review and analysis of UTI Mutual Fund Energy Fund - Direct Plan - Growth (Equity). Compare returns, expenses, holdings and risks. Start investing toda",UTI Mutual Fund Energy Fund - Direct Plan - Growth | UTI Mutual Fund Energy Fund - Direct Plan - Growth review | Equity mutual fund | Equity fund in India | UTI Mutual Fund Equity | best Equity funds | UTI Mutual Fund Energy Fund - Direct Plan - Growth NAV | UTI Mutual Fund Energy Fund - Direct Plan - Growth returns | UTI Mutual Fund Energy Fund - Direct Plan - Growth expense ratio | invest in UTI Mutual Fund Energy Fund - Direct Plan - Growth | UTI Mutual Fund Energy Fund - Direct Plan - Growth SIP | Equity investment 2025 | UTI Mutual Fund Energy Fund - Direct Plan - Growth vs Equity | top Equity funds India | UTI Mutual Fund Energy Fund - Direct Plan - Growth performance | UTI Mutual Fund Energy Fund - Direct Plan - Growth fund manager | Equity fund comparison | buy UTI Mutual Fund Energy Fund - Direct Plan - Growth online | UTI Mutual Fund Energy Fund - Direct Plan - Growth minimum investment | Equity fund returns India
UTI Mutual Fund Pharma Fund - Regular Plan - Growth,UTI Mutual Fund,Pharma,Sectoral - Pharma & Healthcare,200142,10.8119,4068.00,1.95,500,1000,1.38,11.31,10.05,0.2,Nifty Pharma TRI,Very High,15.56,0.44,50,V. Srivatsa,3.5 years,Aims to provide capital appreciation by investing in Pharma securities,Equity: 96.00% | T-Bills: 4.00%,Nil,Sun Pharmaceutical Industries Ltd. (20.5%) | Dr. Reddy's Laboratories Ltd. (12.8%) | Cipla Ltd. (10.4%) | Divi's Laboratories Ltd. (9.8%) | Torrent Pharmaceuticals Ltd. (7.2%) | Aurobindo Pharma Ltd. (5.8%) | Alkem Laboratories Ltd. (5.2%) | Lupin Ltd. (4.9%) | Ipca Laboratories Ltd. (3.8%) | Mankind Pharma Ltd. (3.5%),25-May-2026,03-Apr-2006,0%,LTCG 12.5% after 2 years for equity,13,UTI Mutual Fund Pharma Fund - Regular Plan - Growth - UTI Mu,"Detailed review and analysis of UTI Mutual Fund Pharma Fund - Regular Plan - Growth (Pharma). Compare returns, expenses, holdings and risks. Start investing tod",UTI Mutual Fund Pharma Fund - Regular Plan - Growth | UTI Mutual Fund Pharma Fund - Regular Plan - Growth review | Pharma mutual fund | Pharma fund in India | UTI Mutual Fund Pharma | best Pharma funds | UTI Mutual Fund Pharma Fund - Regular Plan - Growth NAV | UTI Mutual Fund Pharma Fund - Regular Plan - Growth returns | UTI Mutual Fund Pharma Fund - Regular Plan - Growth expense ratio | invest in UTI Mutual Fund Pharma Fund - Regular Plan - Growth | UTI Mutual Fund Pharma Fund - Regular Plan - Growth SIP | Pharma investment 2025 | UTI Mutual Fund Pharma Fund - Regular Plan - Growth vs Pharma | top Pharma funds India | UTI Mutual Fund Pharma Fund - Regular Plan - Growth performance | UTI Mutual Fund Pharma Fund - Regular Plan - Growth fund manager | Pharma fund comparison | buy UTI Mutual Fund Pharma Fund - Regular Plan - Growth online | UTI Mutual Fund Pharma Fund - Regular Plan - Growth minimum investment | Pharma fund returns India
UTI Mutual Fund Auto Fund - Direct Plan - Growth,UTI Mutual Fund,Sectoral,Sectoral - Automotive,200143,10,3664.80,0.98,500,1000,5.87,7.23,6.42,-0.16,Nifty Auto TRI,Moderate,17.25,2.36,57,V. Srivatsa,3.5 years,Aims to provide capital appreciation by investing in Sectoral securities,Equity: 96.00% | T-Bills: 4.00%,Nil,HDFC Bank Ltd. (8.5%) | ICICI Bank Ltd. (7.2%) | State Bank of India (5.8%) | Axis Bank Ltd. (5.2%) | Kotak Mahindra Bank Ltd. (4.9%) | IndusInd Bank Ltd. (4.5%) | Infosys Ltd. (4.1%) | TCS Ltd. (3.8%) | Bharti Airtel Ltd. (3.5%) | Reliance Industries Ltd. (3.2%),25-May-2026,02-Apr-2006,0%,LTCG 12.5% after 2 years for equity,13,UTI Mutual Fund Auto Fund - Direct Plan - Growth - UTI Mutua,"Detailed review and analysis of UTI Mutual Fund Auto Fund - Direct Plan - Growth (Sectoral). Compare returns, expenses, holdings and risks. Start investing toda",UTI Mutual Fund Auto Fund - Direct Plan - Growth | UTI Mutual Fund Auto Fund - Direct Plan - Growth review | Sectoral mutual fund | Sectoral fund in India | UTI Mutual Fund Sectoral | best Sectoral funds | UTI Mutual Fund Auto Fund - Direct Plan - Growth NAV | UTI Mutual Fund Auto Fund - Direct Plan - Growth returns | UTI Mutual Fund Auto Fund - Direct Plan - Growth expense ratio | invest in UTI Mutual Fund Auto Fund - Direct Plan - Growth | UTI Mutual Fund Auto Fund - Direct Plan - Growth SIP | Sectoral investment 2025 | UTI Mutual Fund Auto Fund - Direct Plan - Growth vs Sectoral | top Sectoral funds India | UTI Mutual Fund Auto Fund - Direct Plan - Growth performance | UTI Mutual Fund Auto Fund - Direct Plan - Growth fund manager | Sectoral fund comparison | buy UTI Mutual Fund Auto Fund - Direct Plan - Growth online | UTI Mutual Fund Auto Fund - Direct Plan - Growth minimum investment | Sectoral fund returns India
UTI Mutual Fund Manufacturing Fund - Regular Plan - Growth,UTI Mutual Fund,Equity,Focused Fund,200144,12.1695,9782.40,1.75,500,1000,10.34,7.58,4.48,19.11,Nifty 500 TRI,Moderate,13.66,0.78,38,V. Srivatsa,3.5 years,Aims to provide capital appreciation by investing in Equity securities,Equity: 97.00% | T-Bills: 3.00%,Nil,HDFC Bank Ltd. (8.8%) | ICICI Bank Ltd. (7.5%) | Reliance Industries Ltd. (6.2%) | Infosys Ltd. (5.8%) | Axis Bank Ltd. (5.1%) | Larsen & Toubro Ltd. (4.5%) | Bharti Airtel Ltd. (4.1%) | Sun Pharmaceutical Industries Ltd. (3.8%) | Tata Consultancy Services Ltd. (3.5%) | State Bank of India (3.2%),25-May-2026,18-Feb-2025,0%,LTCG 12.5% after 2 years for equity,13,UTI Mutual Fund Manufacturing Fund - Regular Plan - Growth -,"Detailed review and analysis of UTI Mutual Fund Manufacturing Fund - Regular Plan - Growth (Equity). Compare returns, expenses, holdings and risks. Start invest",UTI Mutual Fund Manufacturing Fund - Regular Plan - Growth | UTI Mutual Fund Manufacturing Fund - Regular Plan - Growth review | Equity mutual fund | Equity fund in India | UTI Mutual Fund Equity | best Equity funds | UTI Mutual Fund Manufacturing Fund - Regular Plan - Growth NAV | UTI Mutual Fund Manufacturing Fund - Regular Plan - Growth returns | UTI Mutual Fund Manufacturing Fund - Regular Plan - Growth expense ratio | invest in UTI Mutual Fund Manufacturing Fund - Regular Plan - Growth | UTI Mutual Fund Manufacturing Fund - Regular Plan - Growth SIP | Equity investment 2025 | UTI Mutual Fund Manufacturing Fund - Regular Plan - Growth vs Equity | top Equity funds India | UTI Mutual Fund Manufacturing Fund - Regular Plan - Growth performance | UTI Mutual Fund Manufacturing Fund - Regular Plan - Growth fund manager | Equity fund comparison | buy UTI Mutual Fund Manufacturing Fund - Regular Plan - Growth online | UTI Mutual Fund Manufacturing Fund - Regular Plan - Growth minimum investment | Equity fund returns India
Bandhan Mutual Fund Large Cap Fund - Direct Plan - Growth,Bandhan Mutual Fund,Large Cap,Large Cap Fund,200145,497.217,20400.00,0.52,500,1000,-4.02,14.7,12.03,11.65,Nifty 50,Very High,12.11,0.68,24,Manish Gunwani,3.5 years,Aims to provide capital appreciation by investing in Large Cap securities,Equity: 96.00% | T-Bills: 4.00%,Nil,HDFC Bank Ltd. (8.5%) | ICICI Bank Ltd. (7.8%) | Reliance Industries Ltd. (6.9%) | Infosys Ltd. (5.2%) | Larsen & Toubro Ltd. (4.8%) | Axis Bank Ltd. (3.9%) | Tata Consultancy Services Ltd. (3.7%) | Bharti Airtel Ltd. (3.4%) | State Bank of India (3.1%) | ITC Ltd. (2.8%),25-May-2026,02-Jan-2013,0%,LTCG 12.5% after 2 years for equity,14,Bandhan Mutual Fund Large Cap Fund - Direct Plan - Growth -,"Detailed review and analysis of Bandhan Mutual Fund Large Cap Fund - Direct Plan - Growth (Large Cap). Compare returns, expenses, holdings and risks. Start inve",Bandhan Mutual Fund Large Cap Fund - Direct Plan - Growth | Bandhan Mutual Fund Large Cap Fund - Direct Plan - Growth review | Large Cap mutual fund | Large Cap fund in India | Bandhan Mutual Fund Large Cap | best Large Cap funds | Bandhan Mutual Fund Large Cap Fund - Direct Plan - Growth NAV | Bandhan Mutual Fund Large Cap Fund - Direct Plan - Growth returns | Bandhan Mutual Fund Large Cap Fund - Direct Plan - Growth expense ratio | invest in Bandhan Mutual Fund Large Cap Fund - Direct Plan - Growth | Bandhan Mutual Fund Large Cap Fund - Direct Plan - Growth SIP | Large Cap investment 2025 | Bandhan Mutual Fund Large Cap Fund - Direct Plan - Growth vs Large Cap | top Large Cap funds India | Bandhan Mutual Fund Large Cap Fund - Direct Plan - Growth performance | Bandhan Mutual Fund Large Cap Fund - Direct Plan - Growth fund manager | Large Cap fund comparison | buy Bandhan Mutual Fund Large Cap Fund - Direct Plan - Growth online | Bandhan Mutual Fund Large Cap Fund - Direct Plan - Growth minimum investment | Large Cap fund returns India
Bandhan Mutual Fund Mid Cap Fund - Regular Plan - Growth,Bandhan Mutual Fund,Mid Cap,Mid Cap Fund,200146,36.1798,12252.00,1.75,500,1000,0.79,6.32,5.3,7.7,Nifty Midcap 150 TRI,Very High,15.69,-0.01,34,Manish Gunwani,3.5 years,Aims to provide capital appreciation by investing in Mid Cap securities,Equity: 94.00% | T-Bills: 6.00%,Nil,Voltas Ltd. (3.8%) | Mphasis Ltd. (3.5%) | Coforge Ltd. (3.2%) | Sundram Fasteners Ltd. (2.9%) | Persistent Systems Ltd. (2.7%) | Zydus Lifesciences Ltd. (2.5%) | Crompton Greaves Consumer Electricals Ltd. (2.4%) | Oberoi Realty Ltd. (2.2%) | Tube Investments of India Ltd. (2.1%) | Emami Ltd. (2.0%),25-May-2026,04-Dec-2008,0%,LTCG 12.5% after 2 years for equity,14,Bandhan Mutual Fund Mid Cap Fund - Regular Plan - Growth - B,"Detailed review and analysis of Bandhan Mutual Fund Mid Cap Fund - Regular Plan - Growth (Mid Cap). Compare returns, expenses, holdings and risks. Start investi",Bandhan Mutual Fund Mid Cap Fund - Regular Plan - Growth | Bandhan Mutual Fund Mid Cap Fund - Regular Plan - Growth review | Mid Cap mutual fund | Mid Cap fund in India | Bandhan Mutual Fund Mid Cap | best Mid Cap funds | Bandhan Mutual Fund Mid Cap Fund - Regular Plan - Growth NAV | Bandhan Mutual Fund Mid Cap Fund - Regular Plan - Growth returns | Bandhan Mutual Fund Mid Cap Fund - Regular Plan - Growth expense ratio | invest in Bandhan Mutual Fund Mid Cap Fund - Regular Plan - Growth | Bandhan Mutual Fund Mid Cap Fund - Regular Plan - Growth SIP | Mid Cap investment 2025 | Bandhan Mutual Fund Mid Cap Fund - Regular Plan - Growth vs Mid Cap | top Mid Cap funds India | Bandhan Mutual Fund Mid Cap Fund - Regular Plan - Growth performance | Bandhan Mutual Fund Mid Cap Fund - Regular Plan - Growth fund manager | Mid Cap fund comparison | buy Bandhan Mutual Fund Mid Cap Fund - Regular Plan - Growth online | Bandhan Mutual Fund Mid Cap Fund - Regular Plan - Growth minimum investment | Mid Cap fund returns India
Bandhan Mutual Fund Small Cap Fund - Direct Plan - Growth,Bandhan Mutual Fund,Small Cap,Small Cap Fund,200147,52.623,9811.20,0.82,500,1000,7.51,30.66,23.04,30.52,Nifty Smallcap 250 TRI,Very High,18.40,1.31,27,Manish Gunwani,3.5 years,Aims to provide capital appreciation by investing in Small Cap securities,Equity: 91.00% | Cash & Equivalents: 9.00%,Nil,Aarti Drugs Ltd. (3.2%) | Hatsun Agro Product Ltd. (2.9%) | National Aluminium Company Ltd. (2.7%) | VST Tillers Tractors Ltd. (2.5%) | Repco Home Finance Ltd. (2.3%) | RACL Geartech Ltd. (2.1%) | Neuland Laboratories Ltd. (2.0%) | Mold-Tek Packaging Ltd. (1.9%) | NIIT Learning Systems Ltd. (1.8%) | Nuvama Wealth Management Ltd. (1.7%),25-May-2026,26-Feb-2020,0%,LTCG 12.5% after 2 years for equity,14,Bandhan Mutual Fund Small Cap Fund - Direct Plan - Growth -,"Detailed review and analysis of Bandhan Mutual Fund Small Cap Fund - Direct Plan - Growth (Small Cap). Compare returns, expenses, holdings and risks. Start inve",Bandhan Mutual Fund Small Cap Fund - Direct Plan - Growth | Bandhan Mutual Fund Small Cap Fund - Direct Plan - Growth review | Small Cap mutual fund | Small Cap fund in India | Bandhan Mutual Fund Small Cap | best Small Cap funds | Bandhan Mutual Fund Small Cap Fund - Direct Plan - Growth NAV | Bandhan Mutual Fund Small Cap Fund - Direct Plan - Growth returns | Bandhan Mutual Fund Small Cap Fund - Direct Plan - Growth expense ratio | invest in Bandhan Mutual Fund Small Cap Fund - Direct Plan - Growth | Bandhan Mutual Fund Small Cap Fund - Direct Plan - Growth SIP | Small Cap investment 2025 | Bandhan Mutual Fund Small Cap Fund - Direct Plan - Growth vs Small Cap | top Small Cap funds India | Bandhan Mutual Fund Small Cap Fund - Direct Plan - Growth performance | Bandhan Mutual Fund Small Cap Fund - Direct Plan - Growth fund manager | Small Cap fund comparison | buy Bandhan Mutual Fund Small Cap Fund - Direct Plan - Growth online | Bandhan Mutual Fund Small Cap Fund - Direct Plan - Growth minimum investment | Small Cap fund returns India
Bandhan Mutual Fund Multi Cap Fund - Regular Plan - Growth,Bandhan Mutual Fund,Multi Cap,Multi Cap Fund,200148,16.905,14731.20,1.68,500,1000,0.49,14.78,11.05,12.45,Nifty 500 Multicap 50:25:25 TRI,Very High,14.15,0.59,41,Manish Gunwani,3.5 years,Aims to provide capital appreciation by investing in Multi Cap securities,Equity: 97.00% | T-Bills: 3.00%,Nil,HDFC Bank Ltd. (6.5%) | ICICI Bank Ltd. (5.8%) | Reliance Industries Ltd. (4.9%) | Infosys Ltd. (4.2%) | Axis Bank Ltd. (3.6%) | Larsen & Toubro Ltd. (3.2%) | Tata Consultancy Services Ltd. (2.9%) | Bharti Airtel Ltd. (2.7%) | State Bank of India (2.4%) | Sun Pharmaceutical Industries Ltd. (2.2%),25-May-2026,03-Dec-2021,0%,LTCG 12.5% after 2 years for equity,14,Bandhan Mutual Fund Multi Cap Fund - Regular Plan - Growth -,"Detailed review and analysis of Bandhan Mutual Fund Multi Cap Fund - Regular Plan - Growth (Multi Cap). Compare returns, expenses, holdings and risks. Start inv",Bandhan Mutual Fund Multi Cap Fund - Regular Plan - Growth | Bandhan Mutual Fund Multi Cap Fund - Regular Plan - Growth review | Multi Cap mutual fund | Multi Cap fund in India | Bandhan Mutual Fund Multi Cap | best Multi Cap funds | Bandhan Mutual Fund Multi Cap Fund - Regular Plan - Growth NAV | Bandhan Mutual Fund Multi Cap Fund - Regular Plan - Growth returns | Bandhan Mutual Fund Multi Cap Fund - Regular Plan - Growth expense ratio | invest in Bandhan Mutual Fund Multi Cap Fund - Regular Plan - Growth | Bandhan Mutual Fund Multi Cap Fund - Regular Plan - Growth SIP | Multi Cap investment 2025 | Bandhan Mutual Fund Multi Cap Fund - Regular Plan - Growth vs Multi Cap | top Multi Cap funds India | Bandhan Mutual Fund Multi Cap Fund - Regular Plan - Growth performance | Bandhan Mutual Fund Multi Cap Fund - Regular Plan - Growth fund manager | Multi Cap fund comparison | buy Bandhan Mutual Fund Multi Cap Fund - Regular Plan - Growth online | Bandhan Mutual Fund Multi Cap Fund - Regular Plan - Growth minimum investment | Multi Cap fund returns India
Bandhan Mutual Fund Flexi Cap Fund - Direct Plan - Growth,Bandhan Mutual Fund,Flexi Cap,Flexi Cap Fund,200149,110.791,11468.80,0.72,500,1000,-2.38,14.63,12.31,14.46,Nifty 500 TRI,Very High,13.48,0.60,38,Manish Gunwani,3.5 years,Aims to provide capital appreciation by investing in Flexi Cap securities,Equity: 95.00% | T-Bills: 5.00%,Nil,HDFC Bank Ltd. (8.2%) | ICICI Bank Ltd. (6.9%) | Infosys Ltd. (5.5%) | Reliance Industries Ltd. (5.1%) | Axis Bank Ltd. (4.2%) | Larsen & Toubro Ltd. (3.8%) | Tata Consultancy Services Ltd. (3.4%) | Bharti Airtel Ltd. (3.1%) | Sun Pharmaceutical Industries Ltd. (2.8%) | Kotak Mahindra Bank Ltd. (2.5%),25-May-2026,02-Jan-2013,0%,LTCG 12.5% after 2 years for equity,14,Bandhan Mutual Fund Flexi Cap Fund - Direct Plan - Growth -,"Detailed review and analysis of Bandhan Mutual Fund Flexi Cap Fund - Direct Plan - Growth (Flexi Cap). Compare returns, expenses, holdings and risks. Start inve",Bandhan Mutual Fund Flexi Cap Fund - Direct Plan - Growth | Bandhan Mutual Fund Flexi Cap Fund - Direct Plan - Growth review | Flexi Cap mutual fund | Flexi Cap fund in India | Bandhan Mutual Fund Flexi Cap | best Flexi Cap funds | Bandhan Mutual Fund Flexi Cap Fund - Direct Plan - Growth NAV | Bandhan Mutual Fund Flexi Cap Fund - Direct Plan - Growth returns | Bandhan Mutual Fund Flexi Cap Fund - Direct Plan - Growth expense ratio | invest in Bandhan Mutual Fund Flexi Cap Fund - Direct Plan - Growth | Bandhan Mutual Fund Flexi Cap Fund - Direct Plan - Growth SIP | Flexi Cap investment 2025 | Bandhan Mutual Fund Flexi Cap Fund - Direct Plan - Growth vs Flexi Cap | top Flexi Cap funds India | Bandhan Mutual Fund Flexi Cap Fund - Direct Plan - Growth performance | Bandhan Mutual Fund Flexi Cap Fund - Direct Plan - Growth fund manager | Flexi Cap fund comparison | buy Bandhan Mutual Fund Flexi Cap Fund - Direct Plan - Growth online | Bandhan Mutual Fund Flexi Cap Fund - Direct Plan - Growth minimum investment | Flexi Cap fund returns India
Bandhan Mutual Fund ELSS Tax Saver Fund - Regular Plan - Growth,Bandhan Mutual Fund,ELSS,ELSS (Tax Saving),200150,149.56,8200.00,1.85,500,1000,-0.4,12.05,12.63,16.82,Nifty 500 TRI,Very High,14.50,0.38,32,Manish Gunwani,3.5 years,Aims to provide capital appreciation by investing in ELSS securities,Equity: 96.00% | T-Bills: 4.00%,Nil,ICICI Bank Ltd. (8.5%) | HDFC Bank Ltd. (7.2%) | Infosys Ltd. (5.8%) | Reliance Industries Ltd. (5.2%) | Axis Bank Ltd. (4.9%) | Kotak Mahindra Bank Ltd. (4.3%) | Sun Pharmaceutical Industries Ltd. (3.9%) | Bharti Airtel Ltd. (3.5%) | Larsen & Toubro Ltd. (3.2%) | Tata Consultancy Services Ltd. (2.9%),25-May-2026,29-Dec-2008,0%,LTCG 12.5% after 2 years for equity,14,Bandhan Mutual Fund ELSS Tax Saver Fund - Regular Plan - Gro,"Detailed review and analysis of Bandhan Mutual Fund ELSS Tax Saver Fund - Regular Plan - Growth (ELSS). Compare returns, expenses, holdings and risks. Start inv",Bandhan Mutual Fund ELSS Tax Saver Fund - Regular Plan - Growth | Bandhan Mutual Fund ELSS Tax Saver Fund - Regular Plan - Growth review | ELSS mutual fund | ELSS fund in India | Bandhan Mutual Fund ELSS | best ELSS funds | Bandhan Mutual Fund ELSS Tax Saver Fund - Regular Plan - Growth NAV | Bandhan Mutual Fund ELSS Tax Saver Fund - Regular Plan - Growth returns | Bandhan Mutual Fund ELSS Tax Saver Fund - Regular Plan - Growth expense ratio | invest in Bandhan Mutual Fund ELSS Tax Saver Fund - Regular Plan - Growth | Bandhan Mutual Fund ELSS Tax Saver Fund - Regular Plan - Growth SIP | ELSS investment 2025 | Bandhan Mutual Fund ELSS Tax Saver Fund - Regular Plan - Growth vs ELSS | top ELSS funds India | Bandhan Mutual Fund ELSS Tax Saver Fund - Regular Plan - Growth performance | Bandhan Mutual Fund ELSS Tax Saver Fund - Regular Plan - Growth fund manager | ELSS fund comparison | buy Bandhan Mutual Fund ELSS Tax Saver Fund - Regular Plan - Growth online | Bandhan Mutual Fund ELSS Tax Saver Fund - Regular Plan - Growth minimum investment | ELSS fund returns India
Bandhan Mutual Fund Liquid Fund - Direct Plan - Growth,Bandhan Mutual Fund,Liquid Fund,Liquid Fund,200151,39.3288,36936.00,0.12,500,1000,1.41,6.98,5.96,8.53,NIFTY Liquid Index,Low,0.12,4.00,251,Manish Gunwani,3.5 years,Aims to provide capital appreciation by investing in Liquid Fund securities,T-Bills: 65.00% | CD: 20.00% | CP: 10.00% | Cash: 5.00%,Nil,State Bank of India CD (8.5%) | HDFC Bank CD (7.2%) | Reliance Industries T-Bills (6.8%) | ICICI Bank CP (5.9%) | 182-Day T-Bill (5.5%) | National Bank For Agriculture And Rural Development (5.2%) | 91-Day T-Bill (4.8%) | Kotak Mahindra Bank CD (4.5%) | Axis Bank CP (4.1%) | Power Finance Corporation (3.8%),25-May-2026,02-Jan-2013,0%,LTCG 12.5% after 2 years for equity,14,Bandhan Mutual Fund Liquid Fund - Direct Plan - Growth - Ban,"Detailed review and analysis of Bandhan Mutual Fund Liquid Fund - Direct Plan - Growth (Liquid Fund). Compare returns, expenses, holdings and risks. Start inves",Bandhan Mutual Fund Liquid Fund - Direct Plan - Growth | Bandhan Mutual Fund Liquid Fund - Direct Plan - Growth review | Liquid Fund mutual fund | Liquid Fund fund in India | Bandhan Mutual Fund Liquid Fund | best Liquid Fund funds | Bandhan Mutual Fund Liquid Fund - Direct Plan - Growth NAV | Bandhan Mutual Fund Liquid Fund - Direct Plan - Growth returns | Bandhan Mutual Fund Liquid Fund - Direct Plan - Growth expense ratio | invest in Bandhan Mutual Fund Liquid Fund - Direct Plan - Growth | Bandhan Mutual Fund Liquid Fund - Direct Plan - Growth SIP | Liquid Fund investment 2025 | Bandhan Mutual Fund Liquid Fund - Direct Plan - Growth vs Liquid Fund | top Liquid Fund funds India | Bandhan Mutual Fund Liquid Fund - Direct Plan - Growth performance | Bandhan Mutual Fund Liquid Fund - Direct Plan - Growth fund manager | Liquid Fund fund comparison | buy Bandhan Mutual Fund Liquid Fund - Direct Plan - Growth online | Bandhan Mutual Fund Liquid Fund - Direct Plan - Growth minimum investment | Liquid Fund fund returns India
Bandhan Mutual Fund Debt Fund - Regular Plan - Growth,Bandhan Mutual Fund,Debt,Short Duration Fund,200152,36.1798,6572.80,1.05,500,1000,0.79,6.32,5.3,7.7,CRISIL Composite Bond Fund Index,Moderate,3.22,-0.06,183,Manish Gunwani,3.5 years,Aims to provide capital appreciation by investing in Debt securities,Debenture: 40.00% | SDL: 30.00% | T-Bills: 20.00% | GOI Sec: 10.00%,Nil,National Bank For Agriculture And Rural Development (5.8%) | Power Finance Corporation Ltd. (5.2%) | Rural Electrification Corporation Ltd. (4.9%) | 7.26% GOI 2032 (4.5%) | State Bank of India (4.1%) | National Highways Authority of India (3.8%) | Housing Development Finance Corporation Ltd. (3.5%) | Indian Railway Finance Corporation Ltd. (3.2%) | HDFC Bank Ltd. (2.9%) | Bajaj Finance Ltd. (2.5%),25-May-2026,04-Dec-2008,0%,LTCG 12.5% after 2 years for equity,14,Bandhan Mutual Fund Debt Fund - Regular Plan - Growth - Band,"Detailed review and analysis of Bandhan Mutual Fund Debt Fund - Regular Plan - Growth (Debt). Compare returns, expenses, holdings and risks. Start investing tod",Bandhan Mutual Fund Debt Fund - Regular Plan - Growth | Bandhan Mutual Fund Debt Fund - Regular Plan - Growth review | Debt mutual fund | Debt fund in India | Bandhan Mutual Fund Debt | best Debt funds | Bandhan Mutual Fund Debt Fund - Regular Plan - Growth NAV | Bandhan Mutual Fund Debt Fund - Regular Plan - Growth returns | Bandhan Mutual Fund Debt Fund - Regular Plan - Growth expense ratio | invest in Bandhan Mutual Fund Debt Fund - Regular Plan - Growth | Bandhan Mutual Fund Debt Fund - Regular Plan - Growth SIP | Debt investment 2025 | Bandhan Mutual Fund Debt Fund - Regular Plan - Growth vs Debt | top Debt funds India | Bandhan Mutual Fund Debt Fund - Regular Plan - Growth performance | Bandhan Mutual Fund Debt Fund - Regular Plan - Growth fund manager | Debt fund comparison | buy Bandhan Mutual Fund Debt Fund - Regular Plan - Growth online | Bandhan Mutual Fund Debt Fund - Regular Plan - Growth minimum investment | Debt fund returns India
Bandhan Mutual Fund Banking Fund - Direct Plan - Growth,Bandhan Mutual Fund,Banking,Sectoral - Banking & Financial Services,200153,39.3288,5756.80,0.92,500,1000,1.41,6.98,5.96,8.53,Nifty Bank TRI,Very High,16.58,0.03,49,Manish Gunwani,3.5 years,Aims to provide capital appreciation by investing in Banking securities,Equity: 97.00% | T-Bills: 3.00%,Nil,HDFC Bank Ltd. (22.5%) | ICICI Bank Ltd. (19.8%) | State Bank of India (12.4%) | Axis Bank Ltd. (10.8%) | Kotak Mahindra Bank Ltd. (8.5%) | Bank of Baroda (5.2%) | IndusInd Bank Ltd. (4.8%) | Federal Bank Ltd. (3.9%) | AU Small Finance Bank Ltd. (3.5%) | Punjab National Bank (2.8%),25-May-2026,02-Jan-2013,0%,LTCG 12.5% after 2 years for equity,14,Bandhan Mutual Fund Banking Fund - Direct Plan - Growth - Ba,"Detailed review and analysis of Bandhan Mutual Fund Banking Fund - Direct Plan - Growth (Banking). Compare returns, expenses, holdings and risks. Start investin",Bandhan Mutual Fund Banking Fund - Direct Plan - Growth | Bandhan Mutual Fund Banking Fund - Direct Plan - Growth review | Banking mutual fund | Banking fund in India | Bandhan Mutual Fund Banking | best Banking funds | Bandhan Mutual Fund Banking Fund - Direct Plan - Growth NAV | Bandhan Mutual Fund Banking Fund - Direct Plan - Growth returns | Bandhan Mutual Fund Banking Fund - Direct Plan - Growth expense ratio | invest in Bandhan Mutual Fund Banking Fund - Direct Plan - Growth | Bandhan Mutual Fund Banking Fund - Direct Plan - Growth SIP | Banking investment 2025 | Bandhan Mutual Fund Banking Fund - Direct Plan - Growth vs Banking | top Banking funds India | Bandhan Mutual Fund Banking Fund - Direct Plan - Growth performance | Bandhan Mutual Fund Banking Fund - Direct Plan - Growth fund manager | Banking fund comparison | buy Bandhan Mutual Fund Banking Fund - Direct Plan - Growth online | Bandhan Mutual Fund Banking Fund - Direct Plan - Growth minimum investment | Banking fund returns India
Bandhan Mutual Fund Technology Fund - Regular Plan - Growth,Bandhan Mutual Fund,Technology,Sectoral - Technology,200154,36.1798,7408.80,1.98,500,1000,0.79,6.32,5.3,7.7,Nifty IT TRI,Very High,19.34,-0.01,56,Manish Gunwani,3.5 years,Aims to provide capital appreciation by investing in Technology securities,Equity: 91.00% | Forgn. Eq: 6.00% | T-Bills: 3.00%,Nil,Infosys Ltd. (18.5%) | Tata Consultancy Services Ltd. (15.2%) | Bharti Airtel Ltd. (12.4%) | HCL Technologies Ltd. (9.8%) | Wipro Ltd. (7.5%) | Tech Mahindra Ltd. (6.2%) | Coforge Ltd. (4.8%) | Mphasis Ltd. (4.2%) | Persistent Systems Ltd. (3.9%) | LTIMindtree Ltd. (3.5%),25-May-2026,04-Dec-2008,0%,LTCG 12.5% after 2 years for equity,14,Bandhan Mutual Fund Technology Fund - Regular Plan - Growth,"Detailed review and analysis of Bandhan Mutual Fund Technology Fund - Regular Plan - Growth (Technology). Compare returns, expenses, holdings and risks. Start i",Bandhan Mutual Fund Technology Fund - Regular Plan - Growth | Bandhan Mutual Fund Technology Fund - Regular Plan - Growth review | Technology mutual fund | Technology fund in India | Bandhan Mutual Fund Technology | best Technology funds | Bandhan Mutual Fund Technology Fund - Regular Plan - Growth NAV | Bandhan Mutual Fund Technology Fund - Regular Plan - Growth returns | Bandhan Mutual Fund Technology Fund - Regular Plan - Growth expense ratio | invest in Bandhan Mutual Fund Technology Fund - Regular Plan - Growth | Bandhan Mutual Fund Technology Fund - Regular Plan - Growth SIP | Technology investment 2025 | Bandhan Mutual Fund Technology Fund - Regular Plan - Growth vs Technology | top Technology funds India | Bandhan Mutual Fund Technology Fund - Regular Plan - Growth performance | Bandhan Mutual Fund Technology Fund - Regular Plan - Growth fund manager | Technology fund comparison | buy Bandhan Mutual Fund Technology Fund - Regular Plan - Growth online | Bandhan Mutual Fund Technology Fund - Regular Plan - Growth minimum investment | Technology fund returns India
Bandhan Mutual Fund Infrastructure Fund - Direct Plan - Growth,Bandhan Mutual Fund,Thematic,Thematic - Infrastructure,200155,55.3541,4532.00,0.92,500,1000,3.6,20.82,20.16,14.87,Nifty Infrastructure TRI,Very High,16.35,0.88,52,Manish Gunwani,3.5 years,Aims to provide capital appreciation by investing in Thematic securities,Equity: 95.00% | T-Bills: 5.00%,Nil,HDFC Bank Ltd. (5.8%) | ICICI Bank Ltd. (5.2%) | Larsen & Toubro Ltd. (4.9%) | Reliance Industries Ltd. (4.5%) | Infosys Ltd. (4.1%) | Bharti Airtel Ltd. (3.8%) | Axis Bank Ltd. (3.5%) | State Bank of India (3.2%) | Tata Motors Ltd. (2.9%) | Adani Ports & SEZ Ltd. (2.6%),25-May-2026,03-Jan-2013,0%,LTCG 12.5% after 2 years for equity,14,Bandhan Mutual Fund Infrastructure Fund - Direct Plan - Grow,"Detailed review and analysis of Bandhan Mutual Fund Infrastructure Fund - Direct Plan - Growth (Thematic). Compare returns, expenses, holdings and risks. Start ",Bandhan Mutual Fund Infrastructure Fund - Direct Plan - Growth | Bandhan Mutual Fund Infrastructure Fund - Direct Plan - Growth review | Thematic mutual fund | Thematic fund in India | Bandhan Mutual Fund Thematic | best Thematic funds | Bandhan Mutual Fund Infrastructure Fund - Direct Plan - Growth NAV | Bandhan Mutual Fund Infrastructure Fund - Direct Plan - Growth returns | Bandhan Mutual Fund Infrastructure Fund - Direct Plan - Growth expense ratio | invest in Bandhan Mutual Fund Infrastructure Fund - Direct Plan - Growth | Bandhan Mutual Fund Infrastructure Fund - Direct Plan - Growth SIP | Thematic investment 2025 | Bandhan Mutual Fund Infrastructure Fund - Direct Plan - Growth vs Thematic | top Thematic funds India | Bandhan Mutual Fund Infrastructure Fund - Direct Plan - Growth performance | Bandhan Mutual Fund Infrastructure Fund - Direct Plan - Growth fund manager | Thematic fund comparison | buy Bandhan Mutual Fund Infrastructure Fund - Direct Plan - Growth online | Bandhan Mutual Fund Infrastructure Fund - Direct Plan - Growth minimum investment | Thematic fund returns India
Bandhan Mutual Fund Dividend Fund - Regular Plan - Growth,Bandhan Mutual Fund,Thematic,Thematic - Dividend Yield,200156,36.1798,4536.40,1.92,500,1000,0.79,6.32,5.3,7.7,Nifty Dividend Opportunities 50 TRI,Moderate,16.38,-0.01,52,Manish Gunwani,3.5 years,Aims to provide capital appreciation by investing in Thematic securities,Equity: 95.00% | T-Bills: 5.00%,Nil,HDFC Bank Ltd. (5.8%) | ICICI Bank Ltd. (5.2%) | Larsen & Toubro Ltd. (4.9%) | Reliance Industries Ltd. (4.5%) | Infosys Ltd. (4.1%) | Bharti Airtel Ltd. (3.8%) | Axis Bank Ltd. (3.5%) | State Bank of India (3.2%) | Tata Motors Ltd. (2.9%) | Adani Ports & SEZ Ltd. (2.6%),25-May-2026,04-Dec-2008,0%,LTCG 12.5% after 2 years for equity,14,Bandhan Mutual Fund Dividend Fund - Regular Plan - Growth -,"Detailed review and analysis of Bandhan Mutual Fund Dividend Fund - Regular Plan - Growth (Thematic). Compare returns, expenses, holdings and risks. Start inves",Bandhan Mutual Fund Dividend Fund - Regular Plan - Growth | Bandhan Mutual Fund Dividend Fund - Regular Plan - Growth review | Thematic mutual fund | Thematic fund in India | Bandhan Mutual Fund Thematic | best Thematic funds | Bandhan Mutual Fund Dividend Fund - Regular Plan - Growth NAV | Bandhan Mutual Fund Dividend Fund - Regular Plan - Growth returns | Bandhan Mutual Fund Dividend Fund - Regular Plan - Growth expense ratio | invest in Bandhan Mutual Fund Dividend Fund - Regular Plan - Growth | Bandhan Mutual Fund Dividend Fund - Regular Plan - Growth SIP | Thematic investment 2025 | Bandhan Mutual Fund Dividend Fund - Regular Plan - Growth vs Thematic | top Thematic funds India | Bandhan Mutual Fund Dividend Fund - Regular Plan - Growth performance | Bandhan Mutual Fund Dividend Fund - Regular Plan - Growth fund manager | Thematic fund comparison | buy Bandhan Mutual Fund Dividend Fund - Regular Plan - Growth online | Bandhan Mutual Fund Dividend Fund - Regular Plan - Growth minimum investment | Thematic fund returns India
Bandhan Mutual Fund Balanced Advantage Fund - Direct Plan - Growth,Bandhan Mutual Fund,Balanced Hybrid,Balanced Advantage Fund,200157,28.591,12384.00,0.78,500,1000,3.71,10.88,9.39,9.45,Nifty 50 Hybrid Composite Debt 65:35 Index,Moderately High,9.33,0.47,157,Manish Gunwani,3.5 years,Aims to provide capital appreciation by investing in Balanced Hybrid securities,Equity: 65.00% | Debt: 30.00% | T-Bills: 5.00%,Nil,HDFC Bank Ltd. (6.8%) | ICICI Bank Ltd. (5.5%) | Reliance Industries Ltd. (4.5%) | 8.38% GOI 2027 (4.2%) | Infosys Ltd. (3.8%) | 7.26% GOI 2032 (3.5%) | Axis Bank Ltd. (3.2%) | Bharti Airtel Ltd. (2.9%) | Larsen & Toubro Ltd. (2.6%) | Tata Consultancy Services Ltd. (2.4%),25-May-2026,13-Oct-2014,0%,LTCG 12.5% after 2 years for equity,14,Bandhan Mutual Fund Balanced Advantage Fund - Direct Plan -,"Detailed review and analysis of Bandhan Mutual Fund Balanced Advantage Fund - Direct Plan - Growth (Balanced Hybrid). Compare returns, expenses, holdings and ri",Bandhan Mutual Fund Balanced Advantage Fund - Direct Plan - Growth | Bandhan Mutual Fund Balanced Advantage Fund - Direct Plan - Growth review | Balanced Hybrid mutual fund | Balanced Hybrid fund in India | Bandhan Mutual Fund Balanced Hybrid | best Balanced Hybrid funds | Bandhan Mutual Fund Balanced Advantage Fund - Direct Plan - Growth NAV | Bandhan Mutual Fund Balanced Advantage Fund - Direct Plan - Growth returns | Bandhan Mutual Fund Balanced Advantage Fund - Direct Plan - Growth expense ratio | invest in Bandhan Mutual Fund Balanced Advantage Fund - Direct Plan - Growth | Bandhan Mutual Fund Balanced Advantage Fund - Direct Plan - Growth SIP | Balanced Hybrid investment 2025 | Bandhan Mutual Fund Balanced Advantage Fund - Direct Plan - Growth vs Balanced Hybrid | top Balanced Hybrid funds India | Bandhan Mutual Fund Balanced Advantage Fund - Direct Plan - Growth performance | Bandhan Mutual Fund Balanced Advantage Fund - Direct Plan - Growth fund manager | Balanced Hybrid fund comparison | buy Bandhan Mutual Fund Balanced Advantage Fund - Direct Plan - Growth online | Bandhan Mutual Fund Balanced Advantage Fund - Direct Plan - Growth minimum investment | Balanced Hybrid fund returns India
Bandhan Mutual Fund International Fund - Regular Plan - Growth,Bandhan Mutual Fund,International,Fund of Funds - Overseas,200158,143.265,2892.40,2.05,500,1000,-2.32,13.09,14.52,16.37,MSCI World Index,Very High,15.06,0.44,21,Manish Gunwani,3.5 years,Aims to provide capital appreciation by investing in International securities,Forgn. Eq: 95.00% | Cash & Equivalents: 5.00%,Nil,Apple Inc. (8.5%) | Microsoft Corp. (7.8%) | Alphabet Inc Class A (6.9%) | Amazon.com Inc. (5.2%) | NVIDIA Corp. (4.8%) | Meta Platforms Inc. (4.2%) | Tesla Inc. (3.9%) | Berkshire Hathaway Inc. (3.5%) | UnitedHealth Group Inc. (3.1%) | Johnson & Johnson (2.8%),25-May-2026,04-Jun-2008,0%,LTCG 12.5% after 2 years for equity,14,Bandhan Mutual Fund International Fund - Regular Plan - Grow,"Detailed review and analysis of Bandhan Mutual Fund International Fund - Regular Plan - Growth (International). Compare returns, expenses, holdings and risks. S",Bandhan Mutual Fund International Fund - Regular Plan - Growth | Bandhan Mutual Fund International Fund - Regular Plan - Growth review | International mutual fund | International fund in India | Bandhan Mutual Fund International | best International funds | Bandhan Mutual Fund International Fund - Regular Plan - Growth NAV | Bandhan Mutual Fund International Fund - Regular Plan - Growth returns | Bandhan Mutual Fund International Fund - Regular Plan - Growth expense ratio | invest in Bandhan Mutual Fund International Fund - Regular Plan - Growth | Bandhan Mutual Fund International Fund - Regular Plan - Growth SIP | International investment 2025 | Bandhan Mutual Fund International Fund - Regular Plan - Growth vs International | top International funds India | Bandhan Mutual Fund International Fund - Regular Plan - Growth performance | Bandhan Mutual Fund International Fund - Regular Plan - Growth fund manager | International fund comparison | buy Bandhan Mutual Fund International Fund - Regular Plan - Growth online | Bandhan Mutual Fund International Fund - Regular Plan - Growth minimum investment | International fund returns India
Bandhan Mutual Fund Energy Fund - Direct Plan - Growth,Bandhan Mutual Fund,Equity,Focused Fund,200159,39.3288,9926.40,0.75,500,1000,1.41,6.98,5.96,8.53,Nifty 500 TRI,Moderate,14.01,0.03,43,Manish Gunwani,3.5 years,Aims to provide capital appreciation by investing in Equity securities,Equity: 97.00% | T-Bills: 3.00%,Nil,HDFC Bank Ltd. (8.8%) | ICICI Bank Ltd. (7.5%) | Reliance Industries Ltd. (6.2%) | Infosys Ltd. (5.8%) | Axis Bank Ltd. (5.1%) | Larsen & Toubro Ltd. (4.5%) | Bharti Airtel Ltd. (4.1%) | Sun Pharmaceutical Industries Ltd. (3.8%) | Tata Consultancy Services Ltd. (3.5%) | State Bank of India (3.2%),25-May-2026,02-Jan-2013,0%,LTCG 12.5% after 2 years for equity,14,Bandhan Mutual Fund Energy Fund - Direct Plan - Growth - Ban,"Detailed review and analysis of Bandhan Mutual Fund Energy Fund - Direct Plan - Growth (Equity). Compare returns, expenses, holdings and risks. Start investing ",Bandhan Mutual Fund Energy Fund - Direct Plan - Growth | Bandhan Mutual Fund Energy Fund - Direct Plan - Growth review | Equity mutual fund | Equity fund in India | Bandhan Mutual Fund Equity | best Equity funds | Bandhan Mutual Fund Energy Fund - Direct Plan - Growth NAV | Bandhan Mutual Fund Energy Fund - Direct Plan - Growth returns | Bandhan Mutual Fund Energy Fund - Direct Plan - Growth expense ratio | invest in Bandhan Mutual Fund Energy Fund - Direct Plan - Growth | Bandhan Mutual Fund Energy Fund - Direct Plan - Growth SIP | Equity investment 2025 | Bandhan Mutual Fund Energy Fund - Direct Plan - Growth vs Equity | top Equity funds India | Bandhan Mutual Fund Energy Fund - Direct Plan - Growth performance | Bandhan Mutual Fund Energy Fund - Direct Plan - Growth fund manager | Equity fund comparison | buy Bandhan Mutual Fund Energy Fund - Direct Plan - Growth online | Bandhan Mutual Fund Energy Fund - Direct Plan - Growth minimum investment | Equity fund returns India
Bandhan Mutual Fund Pharma Fund - Regular Plan - Growth,Bandhan Mutual Fund,Pharma,Sectoral - Pharma & Healthcare,200160,36.1798,4140.00,1.95,500,1000,0.79,6.32,5.3,7.7,Nifty Pharma TRI,Very High,16.10,-0.01,55,Manish Gunwani,3.5 years,Aims to provide capital appreciation by investing in Pharma securities,Equity: 96.00% | T-Bills: 4.00%,Nil,Sun Pharmaceutical Industries Ltd. (20.5%) | Dr. Reddy's Laboratories Ltd. (12.8%) | Cipla Ltd. (10.4%) | Divi's Laboratories Ltd. (9.8%) | Torrent Pharmaceuticals Ltd. (7.2%) | Aurobindo Pharma Ltd. (5.8%) | Alkem Laboratories Ltd. (5.2%) | Lupin Ltd. (4.9%) | Ipca Laboratories Ltd. (3.8%) | Mankind Pharma Ltd. (3.5%),25-May-2026,04-Dec-2008,0%,LTCG 12.5% after 2 years for equity,14,Bandhan Mutual Fund Pharma Fund - Regular Plan - Growth - Ba,"Detailed review and analysis of Bandhan Mutual Fund Pharma Fund - Regular Plan - Growth (Pharma). Compare returns, expenses, holdings and risks. Start investing",Bandhan Mutual Fund Pharma Fund - Regular Plan - Growth | Bandhan Mutual Fund Pharma Fund - Regular Plan - Growth review | Pharma mutual fund | Pharma fund in India | Bandhan Mutual Fund Pharma | best Pharma funds | Bandhan Mutual Fund Pharma Fund - Regular Plan - Growth NAV | Bandhan Mutual Fund Pharma Fund - Regular Plan - Growth returns | Bandhan Mutual Fund Pharma Fund - Regular Plan - Growth expense ratio | invest in Bandhan Mutual Fund Pharma Fund - Regular Plan - Growth | Bandhan Mutual Fund Pharma Fund - Regular Plan - Growth SIP | Pharma investment 2025 | Bandhan Mutual Fund Pharma Fund - Regular Plan - Growth vs Pharma | top Pharma funds India | Bandhan Mutual Fund Pharma Fund - Regular Plan - Growth performance | Bandhan Mutual Fund Pharma Fund - Regular Plan - Growth fund manager | Pharma fund comparison | buy Bandhan Mutual Fund Pharma Fund - Regular Plan - Growth online | Bandhan Mutual Fund Pharma Fund - Regular Plan - Growth minimum investment | Pharma fund returns India
Bandhan Mutual Fund Auto Fund - Direct Plan - Growth,Bandhan Mutual Fund,Sectoral,Sectoral - Automotive,200161,39.3288,3729.60,0.98,500,1000,1.41,6.98,5.96,8.53,Nifty Auto TRI,Moderate,17.89,0.03,64,Manish Gunwani,3.5 years,Aims to provide capital appreciation by investing in Sectoral securities,Equity: 96.00% | T-Bills: 4.00%,Nil,HDFC Bank Ltd. (8.5%) | ICICI Bank Ltd. (7.2%) | State Bank of India (5.8%) | Axis Bank Ltd. (5.2%) | Kotak Mahindra Bank Ltd. (4.9%) | IndusInd Bank Ltd. (4.5%) | Infosys Ltd. (4.1%) | TCS Ltd. (3.8%) | Bharti Airtel Ltd. (3.5%) | Reliance Industries Ltd. (3.2%),25-May-2026,02-Jan-2013,0%,LTCG 12.5% after 2 years for equity,14,Bandhan Mutual Fund Auto Fund - Direct Plan - Growth - Bandh,"Detailed review and analysis of Bandhan Mutual Fund Auto Fund - Direct Plan - Growth (Sectoral). Compare returns, expenses, holdings and risks. Start investing ",Bandhan Mutual Fund Auto Fund - Direct Plan - Growth | Bandhan Mutual Fund Auto Fund - Direct Plan - Growth review | Sectoral mutual fund | Sectoral fund in India | Bandhan Mutual Fund Sectoral | best Sectoral funds | Bandhan Mutual Fund Auto Fund - Direct Plan - Growth NAV | Bandhan Mutual Fund Auto Fund - Direct Plan - Growth returns | Bandhan Mutual Fund Auto Fund - Direct Plan - Growth expense ratio | invest in Bandhan Mutual Fund Auto Fund - Direct Plan - Growth | Bandhan Mutual Fund Auto Fund - Direct Plan - Growth SIP | Sectoral investment 2025 | Bandhan Mutual Fund Auto Fund - Direct Plan - Growth vs Sectoral | top Sectoral funds India | Bandhan Mutual Fund Auto Fund - Direct Plan - Growth performance | Bandhan Mutual Fund Auto Fund - Direct Plan - Growth fund manager | Sectoral fund comparison | buy Bandhan Mutual Fund Auto Fund - Direct Plan - Growth online | Bandhan Mutual Fund Auto Fund - Direct Plan - Growth minimum investment | Sectoral fund returns India
Bandhan Mutual Fund Manufacturing Fund - Regular Plan - Growth,Bandhan Mutual Fund,Equity,Focused Fund,200162,143.265,9955.20,1.75,500,1000,-2.32,13.09,14.52,16.37,Nifty 500 TRI,Moderate,14.08,0.47,44,Manish Gunwani,3.5 years,Aims to provide capital appreciation by investing in Equity securities,Equity: 97.00% | T-Bills: 3.00%,Nil,HDFC Bank Ltd. (8.8%) | ICICI Bank Ltd. (7.5%) | Reliance Industries Ltd. (6.2%) | Infosys Ltd. (5.8%) | Axis Bank Ltd. (5.1%) | Larsen & Toubro Ltd. (4.5%) | Bharti Airtel Ltd. (4.1%) | Sun Pharmaceutical Industries Ltd. (3.8%) | Tata Consultancy Services Ltd. (3.5%) | State Bank of India (3.2%),25-May-2026,04-Jun-2008,0%,LTCG 12.5% after 2 years for equity,14,Bandhan Mutual Fund Manufacturing Fund - Regular Plan - Grow,"Detailed review and analysis of Bandhan Mutual Fund Manufacturing Fund - Regular Plan - Growth (Equity). Compare returns, expenses, holdings and risks. Start in",Bandhan Mutual Fund Manufacturing Fund - Regular Plan - Growth | Bandhan Mutual Fund Manufacturing Fund - Regular Plan - Growth review | Equity mutual fund | Equity fund in India | Bandhan Mutual Fund Equity | best Equity funds | Bandhan Mutual Fund Manufacturing Fund - Regular Plan - Growth NAV | Bandhan Mutual Fund Manufacturing Fund - Regular Plan - Growth returns | Bandhan Mutual Fund Manufacturing Fund - Regular Plan - Growth expense ratio | invest in Bandhan Mutual Fund Manufacturing Fund - Regular Plan - Growth | Bandhan Mutual Fund Manufacturing Fund - Regular Plan - Growth SIP | Equity investment 2025 | Bandhan Mutual Fund Manufacturing Fund - Regular Plan - Growth vs Equity | top Equity funds India | Bandhan Mutual Fund Manufacturing Fund - Regular Plan - Growth performance | Bandhan Mutual Fund Manufacturing Fund - Regular Plan - Growth fund manager | Equity fund comparison | buy Bandhan Mutual Fund Manufacturing Fund - Regular Plan - Growth online | Bandhan Mutual Fund Manufacturing Fund - Regular Plan - Growth minimum investment | Equity fund returns India
Invesco Mutual Fund Large Cap Fund - Direct Plan - Growth,Invesco Mutual Fund,Large Cap,Large Cap Fund,200163,497.217,20760.00,0.52,500,1000,-4.02,14.7,12.03,11.65,Nifty 50,Very High,12.43,0.66,27,Amit Ganatra,3.5 years,Aims to provide capital appreciation by investing in Large Cap securities,Equity: 96.00% | T-Bills: 4.00%,Nil,HDFC Bank Ltd. (8.5%) | ICICI Bank Ltd. (7.8%) | Reliance Industries Ltd. (6.9%) | Infosys Ltd. (5.2%) | Larsen & Toubro Ltd. (4.8%) | Axis Bank Ltd. (3.9%) | Tata Consultancy Services Ltd. (3.7%) | Bharti Airtel Ltd. (3.4%) | State Bank of India (3.1%) | ITC Ltd. (2.8%),25-May-2026,02-Jan-2013,0%,LTCG 12.5% after 2 years for equity,15,Invesco Mutual Fund Large Cap Fund - Direct Plan - Growth -,"Detailed review and analysis of Invesco Mutual Fund Large Cap Fund - Direct Plan - Growth (Large Cap). Compare returns, expenses, holdings and risks. Start inve",Invesco Mutual Fund Large Cap Fund - Direct Plan - Growth | Invesco Mutual Fund Large Cap Fund - Direct Plan - Growth review | Large Cap mutual fund | Large Cap fund in India | Invesco Mutual Fund Large Cap | best Large Cap funds | Invesco Mutual Fund Large Cap Fund - Direct Plan - Growth NAV | Invesco Mutual Fund Large Cap Fund - Direct Plan - Growth returns | Invesco Mutual Fund Large Cap Fund - Direct Plan - Growth expense ratio | invest in Invesco Mutual Fund Large Cap Fund - Direct Plan - Growth | Invesco Mutual Fund Large Cap Fund - Direct Plan - Growth SIP | Large Cap investment 2025 | Invesco Mutual Fund Large Cap Fund - Direct Plan - Growth vs Large Cap | top Large Cap funds India | Invesco Mutual Fund Large Cap Fund - Direct Plan - Growth performance | Invesco Mutual Fund Large Cap Fund - Direct Plan - Growth fund manager | Large Cap fund comparison | buy Invesco Mutual Fund Large Cap Fund - Direct Plan - Growth online | Invesco Mutual Fund Large Cap Fund - Direct Plan - Growth minimum investment | Large Cap fund returns India
Invesco Mutual Fund Mid Cap Fund - Regular Plan - Growth,Invesco Mutual Fund,Mid Cap,Mid Cap Fund,200164,99.88,12468.00,1.75,500,1000,5.24,22.31,17.09,13.1,Nifty Midcap 150 TRI,Very High,16.19,0.98,39,Amit Ganatra,3.5 years,Aims to provide capital appreciation by investing in Mid Cap securities,Equity: 94.00% | T-Bills: 6.00%,Nil,Voltas Ltd. (3.8%) | Mphasis Ltd. (3.5%) | Coforge Ltd. (3.2%) | Sundram Fasteners Ltd. (2.9%) | Persistent Systems Ltd. (2.7%) | Zydus Lifesciences Ltd. (2.5%) | Crompton Greaves Consumer Electricals Ltd. (2.4%) | Oberoi Realty Ltd. (2.2%) | Tube Investments of India Ltd. (2.1%) | Emami Ltd. (2.0%),25-May-2026,13-Aug-2007,0%,LTCG 12.5% after 2 years for equity,15,Invesco Mutual Fund Mid Cap Fund - Regular Plan - Growth - I,"Detailed review and analysis of Invesco Mutual Fund Mid Cap Fund - Regular Plan - Growth (Mid Cap). Compare returns, expenses, holdings and risks. Start investi",Invesco Mutual Fund Mid Cap Fund - Regular Plan - Growth | Invesco Mutual Fund Mid Cap Fund - Regular Plan - Growth review | Mid Cap mutual fund | Mid Cap fund in India | Invesco Mutual Fund Mid Cap | best Mid Cap funds | Invesco Mutual Fund Mid Cap Fund - Regular Plan - Growth NAV | Invesco Mutual Fund Mid Cap Fund - Regular Plan - Growth returns | Invesco Mutual Fund Mid Cap Fund - Regular Plan - Growth expense ratio | invest in Invesco Mutual Fund Mid Cap Fund - Regular Plan - Growth | Invesco Mutual Fund Mid Cap Fund - Regular Plan - Growth SIP | Mid Cap investment 2025 | Invesco Mutual Fund Mid Cap Fund - Regular Plan - Growth vs Mid Cap | top Mid Cap funds India | Invesco Mutual Fund Mid Cap Fund - Regular Plan - Growth performance | Invesco Mutual Fund Mid Cap Fund - Regular Plan - Growth fund manager | Mid Cap fund comparison | buy Invesco Mutual Fund Mid Cap Fund - Regular Plan - Growth online | Invesco Mutual Fund Mid Cap Fund - Regular Plan - Growth minimum investment | Mid Cap fund returns India
Invesco Mutual Fund Small Cap Fund - Direct Plan - Growth,Invesco Mutual Fund,Small Cap,Small Cap Fund,200165,226.029,9984.00,0.82,500,1000,9.07,20.44,18.91,20.97,Nifty Smallcap 250 TRI,Very High,18.98,0.73,31,Amit Ganatra,3.5 years,Aims to provide capital appreciation by investing in Small Cap securities,Equity: 91.00% | Cash & Equivalents: 9.00%,Nil,Aarti Drugs Ltd. (3.2%) | Hatsun Agro Product Ltd. (2.9%) | National Aluminium Company Ltd. (2.7%) | VST Tillers Tractors Ltd. (2.5%) | Repco Home Finance Ltd. (2.3%) | RACL Geartech Ltd. (2.1%) | Neuland Laboratories Ltd. (2.0%) | Mold-Tek Packaging Ltd. (1.9%) | NIIT Learning Systems Ltd. (1.8%) | Nuvama Wealth Management Ltd. (1.7%),25-May-2026,02-Jan-2013,0%,LTCG 12.5% after 2 years for equity,15,Invesco Mutual Fund Small Cap Fund - Direct Plan - Growth -,"Detailed review and analysis of Invesco Mutual Fund Small Cap Fund - Direct Plan - Growth (Small Cap). Compare returns, expenses, holdings and risks. Start inve",Invesco Mutual Fund Small Cap Fund - Direct Plan - Growth | Invesco Mutual Fund Small Cap Fund - Direct Plan - Growth review | Small Cap mutual fund | Small Cap fund in India | Invesco Mutual Fund Small Cap | best Small Cap funds | Invesco Mutual Fund Small Cap Fund - Direct Plan - Growth NAV | Invesco Mutual Fund Small Cap Fund - Direct Plan - Growth returns | Invesco Mutual Fund Small Cap Fund - Direct Plan - Growth expense ratio | invest in Invesco Mutual Fund Small Cap Fund - Direct Plan - Growth | Invesco Mutual Fund Small Cap Fund - Direct Plan - Growth SIP | Small Cap investment 2025 | Invesco Mutual Fund Small Cap Fund - Direct Plan - Growth vs Small Cap | top Small Cap funds India | Invesco Mutual Fund Small Cap Fund - Direct Plan - Growth performance | Invesco Mutual Fund Small Cap Fund - Direct Plan - Growth fund manager | Small Cap fund comparison | buy Invesco Mutual Fund Small Cap Fund - Direct Plan - Growth online | Invesco Mutual Fund Small Cap Fund - Direct Plan - Growth minimum investment | Small Cap fund returns India
Invesco Mutual Fund Multi Cap Fund - Regular Plan - Growth,Invesco Mutual Fund,Multi Cap,Multi Cap Fund,200166,8.38,14990.40,1.68,500,1000,-11.42,18.32,12.48,-11.2,Nifty 500 Multicap 50:25:25 TRI,Very High,14.60,0.78,47,Amit Ganatra,3.5 years,Aims to provide capital appreciation by investing in Multi Cap securities,Equity: 97.00% | T-Bills: 3.00%,Nil,HDFC Bank Ltd. (6.5%) | ICICI Bank Ltd. (5.8%) | Reliance Industries Ltd. (4.9%) | Infosys Ltd. (4.2%) | Axis Bank Ltd. (3.6%) | Larsen & Toubro Ltd. (3.2%) | Tata Consultancy Services Ltd. (2.9%) | Bharti Airtel Ltd. (2.7%) | State Bank of India (2.4%) | Sun Pharmaceutical Industries Ltd. (2.2%),25-May-2026,06-Nov-2024,0%,LTCG 12.5% after 2 years for equity,15,Invesco Mutual Fund Multi Cap Fund - Regular Plan - Growth -,"Detailed review and analysis of Invesco Mutual Fund Multi Cap Fund - Regular Plan - Growth (Multi Cap). Compare returns, expenses, holdings and risks. Start inv",Invesco Mutual Fund Multi Cap Fund - Regular Plan - Growth | Invesco Mutual Fund Multi Cap Fund - Regular Plan - Growth review | Multi Cap mutual fund | Multi Cap fund in India | Invesco Mutual Fund Multi Cap | best Multi Cap funds | Invesco Mutual Fund Multi Cap Fund - Regular Plan - Growth NAV | Invesco Mutual Fund Multi Cap Fund - Regular Plan - Growth returns | Invesco Mutual Fund Multi Cap Fund - Regular Plan - Growth expense ratio | invest in Invesco Mutual Fund Multi Cap Fund - Regular Plan - Growth | Invesco Mutual Fund Multi Cap Fund - Regular Plan - Growth SIP | Multi Cap investment 2025 | Invesco Mutual Fund Multi Cap Fund - Regular Plan - Growth vs Multi Cap | top Multi Cap funds India | Invesco Mutual Fund Multi Cap Fund - Regular Plan - Growth performance | Invesco Mutual Fund Multi Cap Fund - Regular Plan - Growth fund manager | Multi Cap fund comparison | buy Invesco Mutual Fund Multi Cap Fund - Regular Plan - Growth online | Invesco Mutual Fund Multi Cap Fund - Regular Plan - Growth minimum investment | Multi Cap fund returns India
Invesco Mutual Fund Flexi Cap Fund - Direct Plan - Growth,Invesco Mutual Fund,Flexi Cap,Flexi Cap Fund,200167,110.791,11670.40,0.72,500,1000,-2.38,14.63,12.31,14.46,Nifty 500 TRI,Very High,13.87,0.59,43,Amit Ganatra,3.5 years,Aims to provide capital appreciation by investing in Flexi Cap securities,Equity: 95.00% | T-Bills: 5.00%,Nil,HDFC Bank Ltd. (8.2%) | ICICI Bank Ltd. (6.9%) | Infosys Ltd. (5.5%) | Reliance Industries Ltd. (5.1%) | Axis Bank Ltd. (4.2%) | Larsen & Toubro Ltd. (3.8%) | Tata Consultancy Services Ltd. (3.4%) | Bharti Airtel Ltd. (3.1%) | Sun Pharmaceutical Industries Ltd. (2.8%) | Kotak Mahindra Bank Ltd. (2.5%),25-May-2026,02-Jan-2013,0%,LTCG 12.5% after 2 years for equity,15,Invesco Mutual Fund Flexi Cap Fund - Direct Plan - Growth -,"Detailed review and analysis of Invesco Mutual Fund Flexi Cap Fund - Direct Plan - Growth (Flexi Cap). Compare returns, expenses, holdings and risks. Start inve",Invesco Mutual Fund Flexi Cap Fund - Direct Plan - Growth | Invesco Mutual Fund Flexi Cap Fund - Direct Plan - Growth review | Flexi Cap mutual fund | Flexi Cap fund in India | Invesco Mutual Fund Flexi Cap | best Flexi Cap funds | Invesco Mutual Fund Flexi Cap Fund - Direct Plan - Growth NAV | Invesco Mutual Fund Flexi Cap Fund - Direct Plan - Growth returns | Invesco Mutual Fund Flexi Cap Fund - Direct Plan - Growth expense ratio | invest in Invesco Mutual Fund Flexi Cap Fund - Direct Plan - Growth | Invesco Mutual Fund Flexi Cap Fund - Direct Plan - Growth SIP | Flexi Cap investment 2025 | Invesco Mutual Fund Flexi Cap Fund - Direct Plan - Growth vs Flexi Cap | top Flexi Cap funds India | Invesco Mutual Fund Flexi Cap Fund - Direct Plan - Growth performance | Invesco Mutual Fund Flexi Cap Fund - Direct Plan - Growth fund manager | Flexi Cap fund comparison | buy Invesco Mutual Fund Flexi Cap Fund - Direct Plan - Growth online | Invesco Mutual Fund Flexi Cap Fund - Direct Plan - Growth minimum investment | Flexi Cap fund returns India
Invesco Mutual Fund ELSS Tax Saver Fund - Regular Plan - Growth,Invesco Mutual Fund,ELSS,ELSS (Tax Saving),200168,134.992,8344.00,1.85,500,1000,-2.88,16.38,13.7,14.2,Nifty 500 TRI,Very High,14.95,0.66,36,Amit Ganatra,3.5 years,Aims to provide capital appreciation by investing in ELSS securities,Equity: 96.00% | T-Bills: 4.00%,Nil,ICICI Bank Ltd. (8.5%) | HDFC Bank Ltd. (7.2%) | Infosys Ltd. (5.8%) | Reliance Industries Ltd. (5.2%) | Axis Bank Ltd. (4.9%) | Kotak Mahindra Bank Ltd. (4.3%) | Sun Pharmaceutical Industries Ltd. (3.9%) | Bharti Airtel Ltd. (3.5%) | Larsen & Toubro Ltd. (3.2%) | Tata Consultancy Services Ltd. (2.9%),25-May-2026,22-Jan-2007,0%,LTCG 12.5% after 2 years for equity,15,Invesco Mutual Fund ELSS Tax Saver Fund - Regular Plan - Gro,"Detailed review and analysis of Invesco Mutual Fund ELSS Tax Saver Fund - Regular Plan - Growth (ELSS). Compare returns, expenses, holdings and risks. Start inv",Invesco Mutual Fund ELSS Tax Saver Fund - Regular Plan - Growth | Invesco Mutual Fund ELSS Tax Saver Fund - Regular Plan - Growth review | ELSS mutual fund | ELSS fund in India | Invesco Mutual Fund ELSS | best ELSS funds | Invesco Mutual Fund ELSS Tax Saver Fund - Regular Plan - Growth NAV | Invesco Mutual Fund ELSS Tax Saver Fund - Regular Plan - Growth returns | Invesco Mutual Fund ELSS Tax Saver Fund - Regular Plan - Growth expense ratio | invest in Invesco Mutual Fund ELSS Tax Saver Fund - Regular Plan - Growth | Invesco Mutual Fund ELSS Tax Saver Fund - Regular Plan - Growth SIP | ELSS investment 2025 | Invesco Mutual Fund ELSS Tax Saver Fund - Regular Plan - Growth vs ELSS | top ELSS funds India | Invesco Mutual Fund ELSS Tax Saver Fund - Regular Plan - Growth performance | Invesco Mutual Fund ELSS Tax Saver Fund - Regular Plan - Growth fund manager | ELSS fund comparison | buy Invesco Mutual Fund ELSS Tax Saver Fund - Regular Plan - Growth online | Invesco Mutual Fund ELSS Tax Saver Fund - Regular Plan - Growth minimum investment | ELSS fund returns India
Invesco Mutual Fund Liquid Fund - Direct Plan - Growth,Invesco Mutual Fund,Liquid Fund,Liquid Fund,200169,3819.941,37584.00,0.12,500,1000,6.17,6.93,6.11,6.82,NIFTY Liquid Index,Low,0.13,3.31,269,Amit Ganatra,3.5 years,Aims to provide capital appreciation by investing in Liquid Fund securities,T-Bills: 65.00% | CD: 20.00% | CP: 10.00% | Cash: 5.00%,Nil,State Bank of India CD (8.5%) | HDFC Bank CD (7.2%) | Reliance Industries T-Bills (6.8%) | ICICI Bank CP (5.9%) | 182-Day T-Bill (5.5%) | National Bank For Agriculture And Rural Development (5.2%) | 91-Day T-Bill (4.8%) | Kotak Mahindra Bank CD (4.5%) | Axis Bank CP (4.1%) | Power Finance Corporation (3.8%),25-May-2026,01-Jan-2013,0%,LTCG 12.5% after 2 years for equity,15,Invesco Mutual Fund Liquid Fund - Direct Plan - Growth - Inv,"Detailed review and analysis of Invesco Mutual Fund Liquid Fund - Direct Plan - Growth (Liquid Fund). Compare returns, expenses, holdings and risks. Start inves",Invesco Mutual Fund Liquid Fund - Direct Plan - Growth | Invesco Mutual Fund Liquid Fund - Direct Plan - Growth review | Liquid Fund mutual fund | Liquid Fund fund in India | Invesco Mutual Fund Liquid Fund | best Liquid Fund funds | Invesco Mutual Fund Liquid Fund - Direct Plan - Growth NAV | Invesco Mutual Fund Liquid Fund - Direct Plan - Growth returns | Invesco Mutual Fund Liquid Fund - Direct Plan - Growth expense ratio | invest in Invesco Mutual Fund Liquid Fund - Direct Plan - Growth | Invesco Mutual Fund Liquid Fund - Direct Plan - Growth SIP | Liquid Fund investment 2025 | Invesco Mutual Fund Liquid Fund - Direct Plan - Growth vs Liquid Fund | top Liquid Fund funds India | Invesco Mutual Fund Liquid Fund - Direct Plan - Growth performance | Invesco Mutual Fund Liquid Fund - Direct Plan - Growth fund manager | Liquid Fund fund comparison | buy Invesco Mutual Fund Liquid Fund - Direct Plan - Growth online | Invesco Mutual Fund Liquid Fund - Direct Plan - Growth minimum investment | Liquid Fund fund returns India
Invesco Mutual Fund Debt Fund - Regular Plan - Growth,Invesco Mutual Fund,Debt,Short Duration Fund,200170,10.8119,6688.00,1.05,500,1000,6.12,6.88,6.04,0.2,CRISIL Composite Bond Fund Index,Moderate,3.40,-6.41,210,Amit Ganatra,3.5 years,Aims to provide capital appreciation by investing in Debt securities,Debenture: 40.00% | SDL: 30.00% | T-Bills: 20.00% | GOI Sec: 10.00%,Nil,National Bank For Agriculture And Rural Development (5.8%) | Power Finance Corporation Ltd. (5.2%) | Rural Electrification Corporation Ltd. (4.9%) | 7.26% GOI 2032 (4.5%) | State Bank of India (4.1%) | National Highways Authority of India (3.8%) | Housing Development Finance Corporation Ltd. (3.5%) | Indian Railway Finance Corporation Ltd. (3.2%) | HDFC Bank Ltd. (2.9%) | Bajaj Finance Ltd. (2.5%),25-May-2026,03-Apr-2006,0%,LTCG 12.5% after 2 years for equity,15,Invesco Mutual Fund Debt Fund - Regular Plan - Growth - Inve,"Detailed review and analysis of Invesco Mutual Fund Debt Fund - Regular Plan - Growth (Debt). Compare returns, expenses, holdings and risks. Start investing tod",Invesco Mutual Fund Debt Fund - Regular Plan - Growth | Invesco Mutual Fund Debt Fund - Regular Plan - Growth review | Debt mutual fund | Debt fund in India | Invesco Mutual Fund Debt | best Debt funds | Invesco Mutual Fund Debt Fund - Regular Plan - Growth NAV | Invesco Mutual Fund Debt Fund - Regular Plan - Growth returns | Invesco Mutual Fund Debt Fund - Regular Plan - Growth expense ratio | invest in Invesco Mutual Fund Debt Fund - Regular Plan - Growth | Invesco Mutual Fund Debt Fund - Regular Plan - Growth SIP | Debt investment 2025 | Invesco Mutual Fund Debt Fund - Regular Plan - Growth vs Debt | top Debt funds India | Invesco Mutual Fund Debt Fund - Regular Plan - Growth performance | Invesco Mutual Fund Debt Fund - Regular Plan - Growth fund manager | Debt fund comparison | buy Invesco Mutual Fund Debt Fund - Regular Plan - Growth online | Invesco Mutual Fund Debt Fund - Regular Plan - Growth minimum investment | Debt fund returns India
Invesco Mutual Fund Banking Fund - Direct Plan - Growth,Invesco Mutual Fund,Banking,Sectoral - Banking & Financial Services,200171,2508.1221,5857.60,0.92,500,1000,2.94,6.71,5.4,7.08,Nifty Bank TRI,Very High,17.09,0.01,54,Amit Ganatra,3.5 years,Aims to provide capital appreciation by investing in Banking securities,Equity: 97.00% | T-Bills: 3.00%,Nil,HDFC Bank Ltd. (22.5%) | ICICI Bank Ltd. (19.8%) | State Bank of India (12.4%) | Axis Bank Ltd. (10.8%) | Kotak Mahindra Bank Ltd. (8.5%) | Bank of Baroda (5.2%) | IndusInd Bank Ltd. (4.8%) | Federal Bank Ltd. (3.9%) | AU Small Finance Bank Ltd. (3.5%) | Punjab National Bank (2.8%),25-May-2026,02-Jan-2013,0%,LTCG 12.5% after 2 years for equity,15,Invesco Mutual Fund Banking Fund - Direct Plan - Growth - In,"Detailed review and analysis of Invesco Mutual Fund Banking Fund - Direct Plan - Growth (Banking). Compare returns, expenses, holdings and risks. Start investin",Invesco Mutual Fund Banking Fund - Direct Plan - Growth | Invesco Mutual Fund Banking Fund - Direct Plan - Growth review | Banking mutual fund | Banking fund in India | Invesco Mutual Fund Banking | best Banking funds | Invesco Mutual Fund Banking Fund - Direct Plan - Growth NAV | Invesco Mutual Fund Banking Fund - Direct Plan - Growth returns | Invesco Mutual Fund Banking Fund - Direct Plan - Growth expense ratio | invest in Invesco Mutual Fund Banking Fund - Direct Plan - Growth | Invesco Mutual Fund Banking Fund - Direct Plan - Growth SIP | Banking investment 2025 | Invesco Mutual Fund Banking Fund - Direct Plan - Growth vs Banking | top Banking funds India | Invesco Mutual Fund Banking Fund - Direct Plan - Growth performance | Invesco Mutual Fund Banking Fund - Direct Plan - Growth fund manager | Banking fund comparison | buy Invesco Mutual Fund Banking Fund - Direct Plan - Growth online | Invesco Mutual Fund Banking Fund - Direct Plan - Growth minimum investment | Banking fund returns India
Invesco Mutual Fund Technology Fund - Regular Plan - Growth,Invesco Mutual Fund,Technology,Sectoral - Technology,200172,9.12,7538.40,1.98,500,1000,-1.51,-3.02,-1.83,-5.42,Nifty IT TRI,Very High,19.97,-0.55,62,Amit Ganatra,3.5 years,Aims to provide capital appreciation by investing in Technology securities,Equity: 91.00% | Forgn. Eq: 6.00% | T-Bills: 3.00%,Nil,Infosys Ltd. (18.5%) | Tata Consultancy Services Ltd. (15.2%) | Bharti Airtel Ltd. (12.4%) | HCL Technologies Ltd. (9.8%) | Wipro Ltd. (7.5%) | Tech Mahindra Ltd. (6.2%) | Coforge Ltd. (4.8%) | Mphasis Ltd. (4.2%) | Persistent Systems Ltd. (3.9%) | LTIMindtree Ltd. (3.5%),25-May-2026,25-Sep-2024,0%,LTCG 12.5% after 2 years for equity,15,Invesco Mutual Fund Technology Fund - Regular Plan - Growth,"Detailed review and analysis of Invesco Mutual Fund Technology Fund - Regular Plan - Growth (Technology). Compare returns, expenses, holdings and risks. Start i",Invesco Mutual Fund Technology Fund - Regular Plan - Growth | Invesco Mutual Fund Technology Fund - Regular Plan - Growth review | Technology mutual fund | Technology fund in India | Invesco Mutual Fund Technology | best Technology funds | Invesco Mutual Fund Technology Fund - Regular Plan - Growth NAV | Invesco Mutual Fund Technology Fund - Regular Plan - Growth returns | Invesco Mutual Fund Technology Fund - Regular Plan - Growth expense ratio | invest in Invesco Mutual Fund Technology Fund - Regular Plan - Growth | Invesco Mutual Fund Technology Fund - Regular Plan - Growth SIP | Technology investment 2025 | Invesco Mutual Fund Technology Fund - Regular Plan - Growth vs Technology | top Technology funds India | Invesco Mutual Fund Technology Fund - Regular Plan - Growth performance | Invesco Mutual Fund Technology Fund - Regular Plan - Growth fund manager | Technology fund comparison | buy Invesco Mutual Fund Technology Fund - Regular Plan - Growth online | Invesco Mutual Fund Technology Fund - Regular Plan - Growth minimum investment | Technology fund returns India
Invesco Mutual Fund Infrastructure Fund - Direct Plan - Growth,Invesco Mutual Fund,Thematic,Thematic - Infrastructure,200173,55.3541,4611.20,0.92,500,1000,3.6,20.82,20.16,14.87,Nifty Infrastructure TRI,Very High,16.89,0.85,58,Amit Ganatra,3.5 years,Aims to provide capital appreciation by investing in Thematic securities,Equity: 95.00% | T-Bills: 5.00%,Nil,HDFC Bank Ltd. (5.8%) | ICICI Bank Ltd. (5.2%) | Larsen & Toubro Ltd. (4.9%) | Reliance Industries Ltd. (4.5%) | Infosys Ltd. (4.1%) | Bharti Airtel Ltd. (3.8%) | Axis Bank Ltd. (3.5%) | State Bank of India (3.2%) | Tata Motors Ltd. (2.9%) | Adani Ports & SEZ Ltd. (2.6%),25-May-2026,03-Jan-2013,0%,LTCG 12.5% after 2 years for equity,15,Invesco Mutual Fund Infrastructure Fund - Direct Plan - Grow,"Detailed review and analysis of Invesco Mutual Fund Infrastructure Fund - Direct Plan - Growth (Thematic). Compare returns, expenses, holdings and risks. Start ",Invesco Mutual Fund Infrastructure Fund - Direct Plan - Growth | Invesco Mutual Fund Infrastructure Fund - Direct Plan - Growth review | Thematic mutual fund | Thematic fund in India | Invesco Mutual Fund Thematic | best Thematic funds | Invesco Mutual Fund Infrastructure Fund - Direct Plan - Growth NAV | Invesco Mutual Fund Infrastructure Fund - Direct Plan - Growth returns | Invesco Mutual Fund Infrastructure Fund - Direct Plan - Growth expense ratio | invest in Invesco Mutual Fund Infrastructure Fund - Direct Plan - Growth | Invesco Mutual Fund Infrastructure Fund - Direct Plan - Growth SIP | Thematic investment 2025 | Invesco Mutual Fund Infrastructure Fund - Direct Plan - Growth vs Thematic | top Thematic funds India | Invesco Mutual Fund Infrastructure Fund - Direct Plan - Growth performance | Invesco Mutual Fund Infrastructure Fund - Direct Plan - Growth fund manager | Thematic fund comparison | buy Invesco Mutual Fund Infrastructure Fund - Direct Plan - Growth online | Invesco Mutual Fund Infrastructure Fund - Direct Plan - Growth minimum investment | Thematic fund returns India
Invesco Mutual Fund Dividend Fund - Regular Plan - Growth,Invesco Mutual Fund,Thematic,Thematic - Dividend Yield,200174,11.612,4615.60,1.92,500,1000,6.12,6.88,6.04,0.48,Nifty Dividend Opportunities 50 TRI,Moderate,16.92,-6.41,58,Amit Ganatra,3.5 years,Aims to provide capital appreciation by investing in Thematic securities,Equity: 95.00% | T-Bills: 5.00%,Nil,HDFC Bank Ltd. (5.8%) | ICICI Bank Ltd. (5.2%) | Larsen & Toubro Ltd. (4.9%) | Reliance Industries Ltd. (4.5%) | Infosys Ltd. (4.1%) | Bharti Airtel Ltd. (3.8%) | Axis Bank Ltd. (3.5%) | State Bank of India (3.2%) | Tata Motors Ltd. (2.9%) | Adani Ports & SEZ Ltd. (2.6%),25-May-2026,03-Apr-2006,0%,LTCG 12.5% after 2 years for equity,15,Invesco Mutual Fund Dividend Fund - Regular Plan - Growth -,"Detailed review and analysis of Invesco Mutual Fund Dividend Fund - Regular Plan - Growth (Thematic). Compare returns, expenses, holdings and risks. Start inves",Invesco Mutual Fund Dividend Fund - Regular Plan - Growth | Invesco Mutual Fund Dividend Fund - Regular Plan - Growth review | Thematic mutual fund | Thematic fund in India | Invesco Mutual Fund Thematic | best Thematic funds | Invesco Mutual Fund Dividend Fund - Regular Plan - Growth NAV | Invesco Mutual Fund Dividend Fund - Regular Plan - Growth returns | Invesco Mutual Fund Dividend Fund - Regular Plan - Growth expense ratio | invest in Invesco Mutual Fund Dividend Fund - Regular Plan - Growth | Invesco Mutual Fund Dividend Fund - Regular Plan - Growth SIP | Thematic investment 2025 | Invesco Mutual Fund Dividend Fund - Regular Plan - Growth vs Thematic | top Thematic funds India | Invesco Mutual Fund Dividend Fund - Regular Plan - Growth performance | Invesco Mutual Fund Dividend Fund - Regular Plan - Growth fund manager | Thematic fund comparison | buy Invesco Mutual Fund Dividend Fund - Regular Plan - Growth online | Invesco Mutual Fund Dividend Fund - Regular Plan - Growth minimum investment | Thematic fund returns India
Invesco Mutual Fund Balanced Advantage Fund - Direct Plan - Growth,Invesco Mutual Fund,Balanced Hybrid,Balanced Advantage Fund,200175,16.3854,12600.00,0.78,500,1000,3.08,12.3,9.61,10.94,Nifty 50 Hybrid Composite Debt 65:35 Index,Moderately High,9.65,0.60,175,Amit Ganatra,3.5 years,Aims to provide capital appreciation by investing in Balanced Hybrid securities,Equity: 65.00% | Debt: 30.00% | T-Bills: 5.00%,Nil,HDFC Bank Ltd. (6.8%) | ICICI Bank Ltd. (5.5%) | Reliance Industries Ltd. (4.5%) | 8.38% GOI 2027 (4.2%) | Infosys Ltd. (3.8%) | 7.26% GOI 2032 (3.5%) | Axis Bank Ltd. (3.2%) | Bharti Airtel Ltd. (2.9%) | Larsen & Toubro Ltd. (2.6%) | Tata Consultancy Services Ltd. (2.4%),25-May-2026,07-Sep-2021,0%,LTCG 12.5% after 2 years for equity,15,Invesco Mutual Fund Balanced Advantage Fund - Direct Plan -,"Detailed review and analysis of Invesco Mutual Fund Balanced Advantage Fund - Direct Plan - Growth (Balanced Hybrid). Compare returns, expenses, holdings and ri",Invesco Mutual Fund Balanced Advantage Fund - Direct Plan - Growth | Invesco Mutual Fund Balanced Advantage Fund - Direct Plan - Growth review | Balanced Hybrid mutual fund | Balanced Hybrid fund in India | Invesco Mutual Fund Balanced Hybrid | best Balanced Hybrid funds | Invesco Mutual Fund Balanced Advantage Fund - Direct Plan - Growth NAV | Invesco Mutual Fund Balanced Advantage Fund - Direct Plan - Growth returns | Invesco Mutual Fund Balanced Advantage Fund - Direct Plan - Growth expense ratio | invest in Invesco Mutual Fund Balanced Advantage Fund - Direct Plan - Growth | Invesco Mutual Fund Balanced Advantage Fund - Direct Plan - Growth SIP | Balanced Hybrid investment 2025 | Invesco Mutual Fund Balanced Advantage Fund - Direct Plan - Growth vs Balanced Hybrid | top Balanced Hybrid funds India | Invesco Mutual Fund Balanced Advantage Fund - Direct Plan - Growth performance | Invesco Mutual Fund Balanced Advantage Fund - Direct Plan - Growth fund manager | Balanced Hybrid fund comparison | buy Invesco Mutual Fund Balanced Advantage Fund - Direct Plan - Growth online | Invesco Mutual Fund Balanced Advantage Fund - Direct Plan - Growth minimum investment | Balanced Hybrid fund returns India
Invesco Mutual Fund International Fund - Regular Plan - Growth,Invesco Mutual Fund,International,Fund of Funds - Overseas,200176,11.612,2942.80,2.05,500,1000,6.12,6.88,6.04,0.48,MSCI World Index,Very High,15.63,-6.41,24,Amit Ganatra,3.5 years,Aims to provide capital appreciation by investing in International securities,Forgn. Eq: 95.00% | Cash & Equivalents: 5.00%,Nil,Apple Inc. (8.5%) | Microsoft Corp. (7.8%) | Alphabet Inc Class A (6.9%) | Amazon.com Inc. (5.2%) | NVIDIA Corp. (4.8%) | Meta Platforms Inc. (4.2%) | Tesla Inc. (3.9%) | Berkshire Hathaway Inc. (3.5%) | UnitedHealth Group Inc. (3.1%) | Johnson & Johnson (2.8%),25-May-2026,03-Apr-2006,0%,LTCG 12.5% after 2 years for equity,15,Invesco Mutual Fund International Fund - Regular Plan - Grow,"Detailed review and analysis of Invesco Mutual Fund International Fund - Regular Plan - Growth (International). Compare returns, expenses, holdings and risks. S",Invesco Mutual Fund International Fund - Regular Plan - Growth | Invesco Mutual Fund International Fund - Regular Plan - Growth review | International mutual fund | International fund in India | Invesco Mutual Fund International | best International funds | Invesco Mutual Fund International Fund - Regular Plan - Growth NAV | Invesco Mutual Fund International Fund - Regular Plan - Growth returns | Invesco Mutual Fund International Fund - Regular Plan - Growth expense ratio | invest in Invesco Mutual Fund International Fund - Regular Plan - Growth | Invesco Mutual Fund International Fund - Regular Plan - Growth SIP | International investment 2025 | Invesco Mutual Fund International Fund - Regular Plan - Growth vs International | top International funds India | Invesco Mutual Fund International Fund - Regular Plan - Growth performance | Invesco Mutual Fund International Fund - Regular Plan - Growth fund manager | International fund comparison | buy Invesco Mutual Fund International Fund - Regular Plan - Growth online | Invesco Mutual Fund International Fund - Regular Plan - Growth minimum investment | International fund returns India
Invesco Mutual Fund Energy Fund - Direct Plan - Growth,Invesco Mutual Fund,Equity,Focused Fund,200177,10.8119,10099.20,0.75,500,1000,-2.06,17.97,15.2,0.2,Nifty 500 TRI,Moderate,14.42,0.76,48,Amit Ganatra,3.5 years,Aims to provide capital appreciation by investing in Equity securities,Equity: 97.00% | T-Bills: 3.00%,Nil,HDFC Bank Ltd. (8.8%) | ICICI Bank Ltd. (7.5%) | Reliance Industries Ltd. (6.2%) | Infosys Ltd. (5.8%) | Axis Bank Ltd. (5.1%) | Larsen & Toubro Ltd. (4.5%) | Bharti Airtel Ltd. (4.1%) | Sun Pharmaceutical Industries Ltd. (3.8%) | Tata Consultancy Services Ltd. (3.5%) | State Bank of India (3.2%),25-May-2026,03-Apr-2006,0%,LTCG 12.5% after 2 years for equity,15,Invesco Mutual Fund Energy Fund - Direct Plan - Growth - Inv,"Detailed review and analysis of Invesco Mutual Fund Energy Fund - Direct Plan - Growth (Equity). Compare returns, expenses, holdings and risks. Start investing ",Invesco Mutual Fund Energy Fund - Direct Plan - Growth | Invesco Mutual Fund Energy Fund - Direct Plan - Growth review | Equity mutual fund | Equity fund in India | Invesco Mutual Fund Equity | best Equity funds | Invesco Mutual Fund Energy Fund - Direct Plan - Growth NAV | Invesco Mutual Fund Energy Fund - Direct Plan - Growth returns | Invesco Mutual Fund Energy Fund - Direct Plan - Growth expense ratio | invest in Invesco Mutual Fund Energy Fund - Direct Plan - Growth | Invesco Mutual Fund Energy Fund - Direct Plan - Growth SIP | Equity investment 2025 | Invesco Mutual Fund Energy Fund - Direct Plan - Growth vs Equity | top Equity funds India | Invesco Mutual Fund Energy Fund - Direct Plan - Growth performance | Invesco Mutual Fund Energy Fund - Direct Plan - Growth fund manager | Equity fund comparison | buy Invesco Mutual Fund Energy Fund - Direct Plan - Growth online | Invesco Mutual Fund Energy Fund - Direct Plan - Growth minimum investment | Equity fund returns India
Invesco Mutual Fund Pharma Fund - Regular Plan - Growth,Invesco Mutual Fund,Pharma,Sectoral - Pharma & Healthcare,200178,11.612,4212.00,1.95,500,1000,6.12,6.88,6.04,0.48,Nifty Pharma TRI,Very High,16.64,-6.41,60,Amit Ganatra,3.5 years,Aims to provide capital appreciation by investing in Pharma securities,Equity: 96.00% | T-Bills: 4.00%,Nil,Sun Pharmaceutical Industries Ltd. (20.5%) | Dr. Reddy's Laboratories Ltd. (12.8%) | Cipla Ltd. (10.4%) | Divi's Laboratories Ltd. (9.8%) | Torrent Pharmaceuticals Ltd. (7.2%) | Aurobindo Pharma Ltd. (5.8%) | Alkem Laboratories Ltd. (5.2%) | Lupin Ltd. (4.9%) | Ipca Laboratories Ltd. (3.8%) | Mankind Pharma Ltd. (3.5%),25-May-2026,03-Apr-2006,0%,LTCG 12.5% after 2 years for equity,15,Invesco Mutual Fund Pharma Fund - Regular Plan - Growth - In,"Detailed review and analysis of Invesco Mutual Fund Pharma Fund - Regular Plan - Growth (Pharma). Compare returns, expenses, holdings and risks. Start investing",Invesco Mutual Fund Pharma Fund - Regular Plan - Growth | Invesco Mutual Fund Pharma Fund - Regular Plan - Growth review | Pharma mutual fund | Pharma fund in India | Invesco Mutual Fund Pharma | best Pharma funds | Invesco Mutual Fund Pharma Fund - Regular Plan - Growth NAV | Invesco Mutual Fund Pharma Fund - Regular Plan - Growth returns | Invesco Mutual Fund Pharma Fund - Regular Plan - Growth expense ratio | invest in Invesco Mutual Fund Pharma Fund - Regular Plan - Growth | Invesco Mutual Fund Pharma Fund - Regular Plan - Growth SIP | Pharma investment 2025 | Invesco Mutual Fund Pharma Fund - Regular Plan - Growth vs Pharma | top Pharma funds India | Invesco Mutual Fund Pharma Fund - Regular Plan - Growth performance | Invesco Mutual Fund Pharma Fund - Regular Plan - Growth fund manager | Pharma fund comparison | buy Invesco Mutual Fund Pharma Fund - Regular Plan - Growth online | Invesco Mutual Fund Pharma Fund - Regular Plan - Growth minimum investment | Pharma fund returns India
Invesco Mutual Fund Auto Fund - Direct Plan - Growth,Invesco Mutual Fund,Sectoral,Sectoral - Automotive,200179,10.8119,3794.40,0.98,500,1000,-2.06,17.97,15.2,0.2,Nifty Auto TRI,Moderate,18.52,0.76,72,Amit Ganatra,3.5 years,Aims to provide capital appreciation by investing in Sectoral securities,Equity: 96.00% | T-Bills: 4.00%,Nil,HDFC Bank Ltd. (8.5%) | ICICI Bank Ltd. (7.2%) | State Bank of India (5.8%) | Axis Bank Ltd. (5.2%) | Kotak Mahindra Bank Ltd. (4.9%) | IndusInd Bank Ltd. (4.5%) | Infosys Ltd. (4.1%) | TCS Ltd. (3.8%) | Bharti Airtel Ltd. (3.5%) | Reliance Industries Ltd. (3.2%),25-May-2026,03-Apr-2006,0%,LTCG 12.5% after 2 years for equity,15,Invesco Mutual Fund Auto Fund - Direct Plan - Growth - Inves,"Detailed review and analysis of Invesco Mutual Fund Auto Fund - Direct Plan - Growth (Sectoral). Compare returns, expenses, holdings and risks. Start investing ",Invesco Mutual Fund Auto Fund - Direct Plan - Growth | Invesco Mutual Fund Auto Fund - Direct Plan - Growth review | Sectoral mutual fund | Sectoral fund in India | Invesco Mutual Fund Sectoral | best Sectoral funds | Invesco Mutual Fund Auto Fund - Direct Plan - Growth NAV | Invesco Mutual Fund Auto Fund - Direct Plan - Growth returns | Invesco Mutual Fund Auto Fund - Direct Plan - Growth expense ratio | invest in Invesco Mutual Fund Auto Fund - Direct Plan - Growth | Invesco Mutual Fund Auto Fund - Direct Plan - Growth SIP | Sectoral investment 2025 | Invesco Mutual Fund Auto Fund - Direct Plan - Growth vs Sectoral | top Sectoral funds India | Invesco Mutual Fund Auto Fund - Direct Plan - Growth performance | Invesco Mutual Fund Auto Fund - Direct Plan - Growth fund manager | Sectoral fund comparison | buy Invesco Mutual Fund Auto Fund - Direct Plan - Growth online | Invesco Mutual Fund Auto Fund - Direct Plan - Growth minimum investment | Sectoral fund returns India
Invesco Mutual Fund Manufacturing Fund - Regular Plan - Growth,Invesco Mutual Fund,Equity,Focused Fund,200180,10.5,10128.00,1.75,500,1000,5.53,1.4,0.84,2.41,Nifty 500 TRI,Moderate,14.49,-0.14,49,Amit Ganatra,3.5 years,Aims to provide capital appreciation by investing in Equity securities,Equity: 97.00% | T-Bills: 3.00%,Nil,HDFC Bank Ltd. (8.8%) | ICICI Bank Ltd. (7.5%) | Reliance Industries Ltd. (6.2%) | Infosys Ltd. (5.8%) | Axis Bank Ltd. (5.1%) | Larsen & Toubro Ltd. (4.5%) | Bharti Airtel Ltd. (4.1%) | Sun Pharmaceutical Industries Ltd. (3.8%) | Tata Consultancy Services Ltd. (3.5%) | State Bank of India (3.2%),25-May-2026,19-Aug-2024,0%,LTCG 12.5% after 2 years for equity,15,Invesco Mutual Fund Manufacturing Fund - Regular Plan - Grow,"Detailed review and analysis of Invesco Mutual Fund Manufacturing Fund - Regular Plan - Growth (Equity). Compare returns, expenses, holdings and risks. Start in",Invesco Mutual Fund Manufacturing Fund - Regular Plan - Growth | Invesco Mutual Fund Manufacturing Fund - Regular Plan - Growth review | Equity mutual fund | Equity fund in India | Invesco Mutual Fund Equity | best Equity funds | Invesco Mutual Fund Manufacturing Fund - Regular Plan - Growth NAV | Invesco Mutual Fund Manufacturing Fund - Regular Plan - Growth returns | Invesco Mutual Fund Manufacturing Fund - Regular Plan - Growth expense ratio | invest in Invesco Mutual Fund Manufacturing Fund - Regular Plan - Growth | Invesco Mutual Fund Manufacturing Fund - Regular Plan - Growth SIP | Equity investment 2025 | Invesco Mutual Fund Manufacturing Fund - Regular Plan - Growth vs Equity | top Equity funds India | Invesco Mutual Fund Manufacturing Fund - Regular Plan - Growth performance | Invesco Mutual Fund Manufacturing Fund - Regular Plan - Growth fund manager | Equity fund comparison | buy Invesco Mutual Fund Manufacturing Fund - Regular Plan - Growth online | Invesco Mutual Fund Manufacturing Fund - Regular Plan - Growth minimum investment | Equity fund returns India
Franklin Templeton Large Cap Fund - Direct Plan - Growth,Franklin Templeton,Large Cap,Large Cap Fund,200181,497.217,21120.00,0.52,500,1000,-4.02,14.7,12.03,11.65,Nifty 50,Very High,12.76,0.64,31,Anand Radhakrishnan,3.5 years,Aims to provide capital appreciation by investing in Large Cap securities,Equity: 96.00% | T-Bills: 4.00%,Nil,HDFC Bank Ltd. (8.5%) | ICICI Bank Ltd. (7.8%) | Reliance Industries Ltd. (6.9%) | Infosys Ltd. (5.2%) | Larsen & Toubro Ltd. (4.8%) | Axis Bank Ltd. (3.9%) | Tata Consultancy Services Ltd. (3.7%) | Bharti Airtel Ltd. (3.4%) | State Bank of India (3.1%) | ITC Ltd. (2.8%),25-May-2026,02-Jan-2013,0%,LTCG 12.5% after 2 years for equity,999,Franklin Templeton Large Cap Fund - Direct Plan - Growth - F,"Detailed review and analysis of Franklin Templeton Large Cap Fund - Direct Plan - Growth (Large Cap). Compare returns, expenses, holdings and risks. Start inves",Franklin Templeton Large Cap Fund - Direct Plan - Growth | Franklin Templeton Large Cap Fund - Direct Plan - Growth review | Large Cap mutual fund | Large Cap fund in India | Franklin Templeton Large Cap | best Large Cap funds | Franklin Templeton Large Cap Fund - Direct Plan - Growth NAV | Franklin Templeton Large Cap Fund - Direct Plan - Growth returns | Franklin Templeton Large Cap Fund - Direct Plan - Growth expense ratio | invest in Franklin Templeton Large Cap Fund - Direct Plan - Growth | Franklin Templeton Large Cap Fund - Direct Plan - Growth SIP | Large Cap investment 2025 | Franklin Templeton Large Cap Fund - Direct Plan - Growth vs Large Cap | top Large Cap funds India | Franklin Templeton Large Cap Fund - Direct Plan - Growth performance | Franklin Templeton Large Cap Fund - Direct Plan - Growth fund manager | Large Cap fund comparison | buy Franklin Templeton Large Cap Fund - Direct Plan - Growth online | Franklin Templeton Large Cap Fund - Direct Plan - Growth minimum investment | Large Cap fund returns India
Franklin Templeton Mid Cap Fund - Regular Plan - Growth,Franklin Templeton,Mid Cap,Mid Cap Fund,200182,116.77,12684.00,1.75,500,1000,-1.93,12.96,12.33,10.42,Nifty Midcap 150 TRI,Very High,16.70,0.39,44,Anand Radhakrishnan,3.5 years,Aims to provide capital appreciation by investing in Mid Cap securities,Equity: 94.00% | T-Bills: 6.00%,Nil,Voltas Ltd. (3.8%) | Mphasis Ltd. (3.5%) | Coforge Ltd. (3.2%) | Sundram Fasteners Ltd. (2.9%) | Persistent Systems Ltd. (2.7%) | Zydus Lifesciences Ltd. (2.5%) | Crompton Greaves Consumer Electricals Ltd. (2.4%) | Oberoi Realty Ltd. (2.2%) | Tube Investments of India Ltd. (2.1%) | Emami Ltd. (2.0%),25-May-2026,03-Apr-2006,0%,LTCG 12.5% after 2 years for equity,999,Franklin Templeton Mid Cap Fund - Regular Plan - Growth - Fr,"Detailed review and analysis of Franklin Templeton Mid Cap Fund - Regular Plan - Growth (Mid Cap). Compare returns, expenses, holdings and risks. Start investin",Franklin Templeton Mid Cap Fund - Regular Plan - Growth | Franklin Templeton Mid Cap Fund - Regular Plan - Growth review | Mid Cap mutual fund | Mid Cap fund in India | Franklin Templeton Mid Cap | best Mid Cap funds | Franklin Templeton Mid Cap Fund - Regular Plan - Growth NAV | Franklin Templeton Mid Cap Fund - Regular Plan - Growth returns | Franklin Templeton Mid Cap Fund - Regular Plan - Growth expense ratio | invest in Franklin Templeton Mid Cap Fund - Regular Plan - Growth | Franklin Templeton Mid Cap Fund - Regular Plan - Growth SIP | Mid Cap investment 2025 | Franklin Templeton Mid Cap Fund - Regular Plan - Growth vs Mid Cap | top Mid Cap funds India | Franklin Templeton Mid Cap Fund - Regular Plan - Growth performance | Franklin Templeton Mid Cap Fund - Regular Plan - Growth fund manager | Mid Cap fund comparison | buy Franklin Templeton Mid Cap Fund - Regular Plan - Growth online | Franklin Templeton Mid Cap Fund - Regular Plan - Growth minimum investment | Mid Cap fund returns India
Franklin Templeton Small Cap Fund - Direct Plan - Growth,Franklin Templeton,Small Cap,Small Cap Fund,200183,226.029,10156.80,0.82,500,1000,9.07,20.44,18.91,20.97,Nifty Smallcap 250 TRI,Very High,19.56,0.71,35,Anand Radhakrishnan,3.5 years,Aims to provide capital appreciation by investing in Small Cap securities,Equity: 91.00% | Cash & Equivalents: 9.00%,Nil,Aarti Drugs Ltd. (3.2%) | Hatsun Agro Product Ltd. (2.9%) | National Aluminium Company Ltd. (2.7%) | VST Tillers Tractors Ltd. (2.5%) | Repco Home Finance Ltd. (2.3%) | RACL Geartech Ltd. (2.1%) | Neuland Laboratories Ltd. (2.0%) | Mold-Tek Packaging Ltd. (1.9%) | NIIT Learning Systems Ltd. (1.8%) | Nuvama Wealth Management Ltd. (1.7%),25-May-2026,02-Jan-2013,0%,LTCG 12.5% after 2 years for equity,999,Franklin Templeton Small Cap Fund - Direct Plan - Growth - F,"Detailed review and analysis of Franklin Templeton Small Cap Fund - Direct Plan - Growth (Small Cap). Compare returns, expenses, holdings and risks. Start inves",Franklin Templeton Small Cap Fund - Direct Plan - Growth | Franklin Templeton Small Cap Fund - Direct Plan - Growth review | Small Cap mutual fund | Small Cap fund in India | Franklin Templeton Small Cap | best Small Cap funds | Franklin Templeton Small Cap Fund - Direct Plan - Growth NAV | Franklin Templeton Small Cap Fund - Direct Plan - Growth returns | Franklin Templeton Small Cap Fund - Direct Plan - Growth expense ratio | invest in Franklin Templeton Small Cap Fund - Direct Plan - Growth | Franklin Templeton Small Cap Fund - Direct Plan - Growth SIP | Small Cap investment 2025 | Franklin Templeton Small Cap Fund - Direct Plan - Growth vs Small Cap | top Small Cap funds India | Franklin Templeton Small Cap Fund - Direct Plan - Growth performance | Franklin Templeton Small Cap Fund - Direct Plan - Growth fund manager | Small Cap fund comparison | buy Franklin Templeton Small Cap Fund - Direct Plan - Growth online | Franklin Templeton Small Cap Fund - Direct Plan - Growth minimum investment | Small Cap fund returns India
Franklin Templeton Multi Cap Fund - Regular Plan - Growth,Franklin Templeton,Multi Cap,Multi Cap Fund,200184,8.38,15249.60,1.68,500,1000,-11.42,0.72,0.43,-11.2,Nifty 500 Multicap 50:25:25 TRI,Very High,15.05,-0.26,53,Anand Radhakrishnan,3.5 years,Aims to provide capital appreciation by investing in Multi Cap securities,Equity: 97.00% | T-Bills: 3.00%,Nil,HDFC Bank Ltd. (6.5%) | ICICI Bank Ltd. (5.8%) | Reliance Industries Ltd. (4.9%) | Infosys Ltd. (4.2%) | Axis Bank Ltd. (3.6%) | Larsen & Toubro Ltd. (3.2%) | Tata Consultancy Services Ltd. (2.9%) | Bharti Airtel Ltd. (2.7%) | State Bank of India (2.4%) | Sun Pharmaceutical Industries Ltd. (2.2%),25-May-2026,06-Nov-2024,0%,LTCG 12.5% after 2 years for equity,999,Franklin Templeton Multi Cap Fund - Regular Plan - Growth -,"Detailed review and analysis of Franklin Templeton Multi Cap Fund - Regular Plan - Growth (Multi Cap). Compare returns, expenses, holdings and risks. Start inve",Franklin Templeton Multi Cap Fund - Regular Plan - Growth | Franklin Templeton Multi Cap Fund - Regular Plan - Growth review | Multi Cap mutual fund | Multi Cap fund in India | Franklin Templeton Multi Cap | best Multi Cap funds | Franklin Templeton Multi Cap Fund - Regular Plan - Growth NAV | Franklin Templeton Multi Cap Fund - Regular Plan - Growth returns | Franklin Templeton Multi Cap Fund - Regular Plan - Growth expense ratio | invest in Franklin Templeton Multi Cap Fund - Regular Plan - Growth | Franklin Templeton Multi Cap Fund - Regular Plan - Growth SIP | Multi Cap investment 2025 | Franklin Templeton Multi Cap Fund - Regular Plan - Growth vs Multi Cap | top Multi Cap funds India | Franklin Templeton Multi Cap Fund - Regular Plan - Growth performance | Franklin Templeton Multi Cap Fund - Regular Plan - Growth fund manager | Multi Cap fund comparison | buy Franklin Templeton Multi Cap Fund - Regular Plan - Growth online | Franklin Templeton Multi Cap Fund - Regular Plan - Growth minimum investment | Multi Cap fund returns India
Franklin Templeton Flexi Cap Fund - Direct Plan - Growth,Franklin Templeton,Flexi Cap,Flexi Cap Fund,200185,110.791,19049,0.96,500,1000,-2.38,14.63,12.31,14.46,Nifty 500 TRI,Very High,14.27,0.57,48,Anand Radhakrishnan,3.5 years,Aims to provide capital appreciation by investing in Flexi Cap securities,Equity: 95.00% | T-Bills: 5.00%,Nil,HDFC Bank Ltd. (8.2%) | ICICI Bank Ltd. (6.9%) | Infosys Ltd. (5.5%) | Reliance Industries Ltd. (5.1%) | Axis Bank Ltd. (4.2%) | Larsen & Toubro Ltd. (3.8%) | Tata Consultancy Services Ltd. (3.4%) | Bharti Airtel Ltd. (3.1%) | Sun Pharmaceutical Industries Ltd. (2.8%) | Kotak Mahindra Bank Ltd. (2.5%),25-May-2026,02-Jan-2013,0%,LTCG 12.5% after 2 years for equity,999,Franklin Templeton Flexi Cap Fund - Direct Plan - Growth - F,"Detailed review and analysis of Franklin Templeton Flexi Cap Fund - Direct Plan - Growth (Flexi Cap). Compare returns, expenses, holdings and risks. Start inves",Franklin Templeton Flexi Cap Fund - Direct Plan - Growth | Franklin Templeton Flexi Cap Fund - Direct Plan - Growth review | Flexi Cap mutual fund | Flexi Cap fund in India | Franklin Templeton Flexi Cap | best Flexi Cap funds | Franklin Templeton Flexi Cap Fund - Direct Plan - Growth NAV | Franklin Templeton Flexi Cap Fund - Direct Plan - Growth returns | Franklin Templeton Flexi Cap Fund - Direct Plan - Growth expense ratio | invest in Franklin Templeton Flexi Cap Fund - Direct Plan - Growth | Franklin Templeton Flexi Cap Fund - Direct Plan - Growth SIP | Flexi Cap investment 2025 | Franklin Templeton Flexi Cap Fund - Direct Plan - Growth vs Flexi Cap | top Flexi Cap funds India | Franklin Templeton Flexi Cap Fund - Direct Plan - Growth performance | Franklin Templeton Flexi Cap Fund - Direct Plan - Growth fund manager | Flexi Cap fund comparison | buy Franklin Templeton Flexi Cap Fund - Direct Plan - Growth online | Franklin Templeton Flexi Cap Fund - Direct Plan - Growth minimum investment | Flexi Cap fund returns India
Franklin Templeton ELSS Tax Saver Fund - Regular Plan - Growth,Franklin Templeton,ELSS,ELSS (Tax Saving),200186,134.992,8488.00,1.85,500,1000,-2.88,16.38,13.7,14.2,Nifty 500 TRI,Very High,15.40,0.64,40,Anand Radhakrishnan,3.5 years,Aims to provide capital appreciation by investing in ELSS securities,Equity: 96.00% | T-Bills: 4.00%,Nil,ICICI Bank Ltd. (8.5%) | HDFC Bank Ltd. (7.2%) | Infosys Ltd. (5.8%) | Reliance Industries Ltd. (5.2%) | Axis Bank Ltd. (4.9%) | Kotak Mahindra Bank Ltd. (4.3%) | Sun Pharmaceutical Industries Ltd. (3.9%) | Bharti Airtel Ltd. (3.5%) | Larsen & Toubro Ltd. (3.2%) | Tata Consultancy Services Ltd. (2.9%),25-May-2026,22-Jan-2007,0%,LTCG 12.5% after 2 years for equity,999,Franklin Templeton ELSS Tax Saver Fund - Regular Plan - Grow,"Detailed review and analysis of Franklin Templeton ELSS Tax Saver Fund - Regular Plan - Growth (ELSS). Compare returns, expenses, holdings and risks. Start inve",Franklin Templeton ELSS Tax Saver Fund - Regular Plan - Growth | Franklin Templeton ELSS Tax Saver Fund - Regular Plan - Growth review | ELSS mutual fund | ELSS fund in India | Franklin Templeton ELSS | best ELSS funds | Franklin Templeton ELSS Tax Saver Fund - Regular Plan - Growth NAV | Franklin Templeton ELSS Tax Saver Fund - Regular Plan - Growth returns | Franklin Templeton ELSS Tax Saver Fund - Regular Plan - Growth expense ratio | invest in Franklin Templeton ELSS Tax Saver Fund - Regular Plan - Growth | Franklin Templeton ELSS Tax Saver Fund - Regular Plan - Growth SIP | ELSS investment 2025 | Franklin Templeton ELSS Tax Saver Fund - Regular Plan - Growth vs ELSS | top ELSS funds India | Franklin Templeton ELSS Tax Saver Fund - Regular Plan - Growth performance | Franklin Templeton ELSS Tax Saver Fund - Regular Plan - Growth fund manager | ELSS fund comparison | buy Franklin Templeton ELSS Tax Saver Fund - Regular Plan - Growth online | Franklin Templeton ELSS Tax Saver Fund - Regular Plan - Growth minimum investment | ELSS fund returns India
Franklin Templeton Liquid Fund - Direct Plan - Growth,Franklin Templeton,Liquid Fund,Liquid Fund,200187,5622.7852,1648,1.15,500,1000,-8.78,14.67,11.31,-100,NIFTY Liquid Index,Low,0.13,62.85,287,Anand Radhakrishnan,3.5 years,Aims to provide capital appreciation by investing in Liquid Fund securities,T-Bills: 65.00% | CD: 20.00% | CP: 10.00% | Cash: 5.00%,Nil,State Bank of India CD (8.5%) | HDFC Bank CD (7.2%) | Reliance Industries T-Bills (6.8%) | ICICI Bank CP (5.9%) | 182-Day T-Bill (5.5%) | National Bank For Agriculture And Rural Development (5.2%) | 91-Day T-Bill (4.8%) | Kotak Mahindra Bank CD (4.5%) | Axis Bank CP (4.1%) | Power Finance Corporation (3.8%),25-May-2026,03-Apr-2006,0%,LTCG 12.5% after 2 years for equity,999,Franklin Templeton Liquid Fund - Direct Plan - Growth - Fran,"Detailed review and analysis of Franklin Templeton Liquid Fund - Direct Plan - Growth (Liquid Fund). Compare returns, expenses, holdings and risks. Start invest",Franklin Templeton Liquid Fund - Direct Plan - Growth | Franklin Templeton Liquid Fund - Direct Plan - Growth review | Liquid Fund mutual fund | Liquid Fund fund in India | Franklin Templeton Liquid Fund | best Liquid Fund funds | Franklin Templeton Liquid Fund - Direct Plan - Growth NAV | Franklin Templeton Liquid Fund - Direct Plan - Growth returns | Franklin Templeton Liquid Fund - Direct Plan - Growth expense ratio | invest in Franklin Templeton Liquid Fund - Direct Plan - Growth | Franklin Templeton Liquid Fund - Direct Plan - Growth SIP | Liquid Fund investment 2025 | Franklin Templeton Liquid Fund - Direct Plan - Growth vs Liquid Fund | top Liquid Fund funds India | Franklin Templeton Liquid Fund - Direct Plan - Growth performance | Franklin Templeton Liquid Fund - Direct Plan - Growth fund manager | Liquid Fund fund comparison | buy Franklin Templeton Liquid Fund - Direct Plan - Growth online | Franklin Templeton Liquid Fund - Direct Plan - Growth minimum investment | Liquid Fund fund returns India
Franklin Templeton Debt Fund - Regular Plan - Growth,Franklin Templeton,Debt,Short Duration Fund,200188,10.8119,6803.20,1.05,500,1000,4.65,7.18,5.97,0.2,CRISIL Composite Bond Fund Index,Moderate,3.58,0.75,237,Anand Radhakrishnan,3.5 years,Aims to provide capital appreciation by investing in Debt securities,Debenture: 40.00% | SDL: 30.00% | T-Bills: 20.00% | GOI Sec: 10.00%,Nil,National Bank For Agriculture And Rural Development (5.8%) | Power Finance Corporation Ltd. (5.2%) | Rural Electrification Corporation Ltd. (4.9%) | 7.26% GOI 2032 (4.5%) | State Bank of India (4.1%) | National Highways Authority of India (3.8%) | Housing Development Finance Corporation Ltd. (3.5%) | Indian Railway Finance Corporation Ltd. (3.2%) | HDFC Bank Ltd. (2.9%) | Bajaj Finance Ltd. (2.5%),25-May-2026,03-Apr-2006,0%,LTCG 12.5% after 2 years for equity,999,Franklin Templeton Debt Fund - Regular Plan - Growth - Frank,"Detailed review and analysis of Franklin Templeton Debt Fund - Regular Plan - Growth (Debt). Compare returns, expenses, holdings and risks. Start investing toda",Franklin Templeton Debt Fund - Regular Plan - Growth | Franklin Templeton Debt Fund - Regular Plan - Growth review | Debt mutual fund | Debt fund in India | Franklin Templeton Debt | best Debt funds | Franklin Templeton Debt Fund - Regular Plan - Growth NAV | Franklin Templeton Debt Fund - Regular Plan - Growth returns | Franklin Templeton Debt Fund - Regular Plan - Growth expense ratio | invest in Franklin Templeton Debt Fund - Regular Plan - Growth | Franklin Templeton Debt Fund - Regular Plan - Growth SIP | Debt investment 2025 | Franklin Templeton Debt Fund - Regular Plan - Growth vs Debt | top Debt funds India | Franklin Templeton Debt Fund - Regular Plan - Growth performance | Franklin Templeton Debt Fund - Regular Plan - Growth fund manager | Debt fund comparison | buy Franklin Templeton Debt Fund - Regular Plan - Growth online | Franklin Templeton Debt Fund - Regular Plan - Growth minimum investment | Debt fund returns India
Franklin Templeton Banking Fund - Direct Plan - Growth,Franklin Templeton,Banking,Sectoral - Banking & Financial Services,200189,10.8119,5958.40,0.92,500,1000,5.23,7.29,6.21,0.2,Nifty Bank TRI,Very High,17.59,1.07,59,Anand Radhakrishnan,3.5 years,Aims to provide capital appreciation by investing in Banking securities,Equity: 97.00% | T-Bills: 3.00%,Nil,HDFC Bank Ltd. (22.5%) | ICICI Bank Ltd. (19.8%) | State Bank of India (12.4%) | Axis Bank Ltd. (10.8%) | Kotak Mahindra Bank Ltd. (8.5%) | Bank of Baroda (5.2%) | IndusInd Bank Ltd. (4.8%) | Federal Bank Ltd. (3.9%) | AU Small Finance Bank Ltd. (3.5%) | Punjab National Bank (2.8%),25-May-2026,03-Apr-2006,0%,LTCG 12.5% after 2 years for equity,999,Franklin Templeton Banking Fund - Direct Plan - Growth - Fra,"Detailed review and analysis of Franklin Templeton Banking Fund - Direct Plan - Growth (Banking). Compare returns, expenses, holdings and risks. Start investing",Franklin Templeton Banking Fund - Direct Plan - Growth | Franklin Templeton Banking Fund - Direct Plan - Growth review | Banking mutual fund | Banking fund in India | Franklin Templeton Banking | best Banking funds | Franklin Templeton Banking Fund - Direct Plan - Growth NAV | Franklin Templeton Banking Fund - Direct Plan - Growth returns | Franklin Templeton Banking Fund - Direct Plan - Growth expense ratio | invest in Franklin Templeton Banking Fund - Direct Plan - Growth | Franklin Templeton Banking Fund - Direct Plan - Growth SIP | Banking investment 2025 | Franklin Templeton Banking Fund - Direct Plan - Growth vs Banking | top Banking funds India | Franklin Templeton Banking Fund - Direct Plan - Growth performance | Franklin Templeton Banking Fund - Direct Plan - Growth fund manager | Banking fund comparison | buy Franklin Templeton Banking Fund - Direct Plan - Growth online | Franklin Templeton Banking Fund - Direct Plan - Growth minimum investment | Banking fund returns India
Franklin Templeton Technology Fund - Regular Plan - Growth,Franklin Templeton,Technology,Sectoral - Technology,200190,11.612,7668.00,1.98,500,1000,-10.31,13.5,9.99,0.48,Nifty IT TRI,Very High,20.60,0.47,67,Anand Radhakrishnan,3.5 years,Aims to provide capital appreciation by investing in Technology securities,Equity: 91.00% | Forgn. Eq: 6.00% | T-Bills: 3.00%,Nil,Infosys Ltd. (18.5%) | Tata Consultancy Services Ltd. (15.2%) | Bharti Airtel Ltd. (12.4%) | HCL Technologies Ltd. (9.8%) | Wipro Ltd. (7.5%) | Tech Mahindra Ltd. (6.2%) | Coforge Ltd. (4.8%) | Mphasis Ltd. (4.2%) | Persistent Systems Ltd. (3.9%) | LTIMindtree Ltd. (3.5%),25-May-2026,03-Apr-2006,0%,LTCG 12.5% after 2 years for equity,999,Franklin Templeton Technology Fund - Regular Plan - Growth -,"Detailed review and analysis of Franklin Templeton Technology Fund - Regular Plan - Growth (Technology). Compare returns, expenses, holdings and risks. Start in",Franklin Templeton Technology Fund - Regular Plan - Growth | Franklin Templeton Technology Fund - Regular Plan - Growth review | Technology mutual fund | Technology fund in India | Franklin Templeton Technology | best Technology funds | Franklin Templeton Technology Fund - Regular Plan - Growth NAV | Franklin Templeton Technology Fund - Regular Plan - Growth returns | Franklin Templeton Technology Fund - Regular Plan - Growth expense ratio | invest in Franklin Templeton Technology Fund - Regular Plan - Growth | Franklin Templeton Technology Fund - Regular Plan - Growth SIP | Technology investment 2025 | Franklin Templeton Technology Fund - Regular Plan - Growth vs Technology | top Technology funds India | Franklin Templeton Technology Fund - Regular Plan - Growth performance | Franklin Templeton Technology Fund - Regular Plan - Growth fund manager | Technology fund comparison | buy Franklin Templeton Technology Fund - Regular Plan - Growth online | Franklin Templeton Technology Fund - Regular Plan - Growth minimum investment | Technology fund returns India
Franklin Templeton Infrastructure Fund - Direct Plan - Growth,Franklin Templeton,Thematic,Thematic - Infrastructure,200191,55.3541,4690.40,0.92,500,1000,3.6,20.82,20.16,14.87,Nifty Infrastructure TRI,Very High,17.43,0.82,64,Anand Radhakrishnan,3.5 years,Aims to provide capital appreciation by investing in Thematic securities,Equity: 95.00% | T-Bills: 5.00%,Nil,HDFC Bank Ltd. (5.8%) | ICICI Bank Ltd. (5.2%) | Larsen & Toubro Ltd. (4.9%) | Reliance Industries Ltd. (4.5%) | Infosys Ltd. (4.1%) | Bharti Airtel Ltd. (3.8%) | Axis Bank Ltd. (3.5%) | State Bank of India (3.2%) | Tata Motors Ltd. (2.9%) | Adani Ports & SEZ Ltd. (2.6%),25-May-2026,03-Jan-2013,0%,LTCG 12.5% after 2 years for equity,999,Franklin Templeton Infrastructure Fund - Direct Plan - Growt,"Detailed review and analysis of Franklin Templeton Infrastructure Fund - Direct Plan - Growth (Thematic). Compare returns, expenses, holdings and risks. Start i",Franklin Templeton Infrastructure Fund - Direct Plan - Growth | Franklin Templeton Infrastructure Fund - Direct Plan - Growth review | Thematic mutual fund | Thematic fund in India | Franklin Templeton Thematic | best Thematic funds | Franklin Templeton Infrastructure Fund - Direct Plan - Growth NAV | Franklin Templeton Infrastructure Fund - Direct Plan - Growth returns | Franklin Templeton Infrastructure Fund - Direct Plan - Growth expense ratio | invest in Franklin Templeton Infrastructure Fund - Direct Plan - Growth | Franklin Templeton Infrastructure Fund - Direct Plan - Growth SIP | Thematic investment 2025 | Franklin Templeton Infrastructure Fund - Direct Plan - Growth vs Thematic | top Thematic funds India | Franklin Templeton Infrastructure Fund - Direct Plan - Growth performance | Franklin Templeton Infrastructure Fund - Direct Plan - Growth fund manager | Thematic fund comparison | buy Franklin Templeton Infrastructure Fund - Direct Plan - Growth online | Franklin Templeton Infrastructure Fund - Direct Plan - Growth minimum investment | Thematic fund returns India
Franklin Templeton Dividend Fund - Regular Plan - Growth,Franklin Templeton,Thematic,Thematic - Dividend Yield,200192,11.612,4694.80,1.92,500,1000,-1.27,14.64,15.04,0.48,Nifty Dividend Opportunities 50 TRI,Moderate,17.46,0.64,65,Anand Radhakrishnan,3.5 years,Aims to provide capital appreciation by investing in Thematic securities,Equity: 95.00% | T-Bills: 5.00%,Nil,HDFC Bank Ltd. (5.8%) | ICICI Bank Ltd. (5.2%) | Larsen & Toubro Ltd. (4.9%) | Reliance Industries Ltd. (4.5%) | Infosys Ltd. (4.1%) | Bharti Airtel Ltd. (3.8%) | Axis Bank Ltd. (3.5%) | State Bank of India (3.2%) | Tata Motors Ltd. (2.9%) | Adani Ports & SEZ Ltd. (2.6%),25-May-2026,03-Apr-2006,0%,LTCG 12.5% after 2 years for equity,999,Franklin Templeton Dividend Fund - Regular Plan - Growth - F,"Detailed review and analysis of Franklin Templeton Dividend Fund - Regular Plan - Growth (Thematic). Compare returns, expenses, holdings and risks. Start invest",Franklin Templeton Dividend Fund - Regular Plan - Growth | Franklin Templeton Dividend Fund - Regular Plan - Growth review | Thematic mutual fund | Thematic fund in India | Franklin Templeton Thematic | best Thematic funds | Franklin Templeton Dividend Fund - Regular Plan - Growth NAV | Franklin Templeton Dividend Fund - Regular Plan - Growth returns | Franklin Templeton Dividend Fund - Regular Plan - Growth expense ratio | invest in Franklin Templeton Dividend Fund - Regular Plan - Growth | Franklin Templeton Dividend Fund - Regular Plan - Growth SIP | Thematic investment 2025 | Franklin Templeton Dividend Fund - Regular Plan - Growth vs Thematic | top Thematic funds India | Franklin Templeton Dividend Fund - Regular Plan - Growth performance | Franklin Templeton Dividend Fund - Regular Plan - Growth fund manager | Thematic fund comparison | buy Franklin Templeton Dividend Fund - Regular Plan - Growth online | Franklin Templeton Dividend Fund - Regular Plan - Growth minimum investment | Thematic fund returns India
Franklin Templeton Balanced Advantage Fund - Direct Plan - Growth,Franklin Templeton,Balanced Hybrid,Balanced Advantage Fund,200193,16.3854,12816.00,0.78,500,1000,3.08,12.3,8.34,10.94,Nifty 50 Hybrid Composite Debt 65:35 Index,Moderately High,9.97,0.58,193,Anand Radhakrishnan,3.5 years,Aims to provide capital appreciation by investing in Balanced Hybrid securities,Equity: 65.00% | Debt: 30.00% | T-Bills: 5.00%,Nil,HDFC Bank Ltd. (6.8%) | ICICI Bank Ltd. (5.5%) | Reliance Industries Ltd. (4.5%) | 8.38% GOI 2027 (4.2%) | Infosys Ltd. (3.8%) | 7.26% GOI 2032 (3.5%) | Axis Bank Ltd. (3.2%) | Bharti Airtel Ltd. (2.9%) | Larsen & Toubro Ltd. (2.6%) | Tata Consultancy Services Ltd. (2.4%),25-May-2026,07-Sep-2021,0%,LTCG 12.5% after 2 years for equity,999,Franklin Templeton Balanced Advantage Fund - Direct Plan - G,"Detailed review and analysis of Franklin Templeton Balanced Advantage Fund - Direct Plan - Growth (Balanced Hybrid). Compare returns, expenses, holdings and ris",Franklin Templeton Balanced Advantage Fund - Direct Plan - Growth | Franklin Templeton Balanced Advantage Fund - Direct Plan - Growth review | Balanced Hybrid mutual fund | Balanced Hybrid fund in India | Franklin Templeton Balanced Hybrid | best Balanced Hybrid funds | Franklin Templeton Balanced Advantage Fund - Direct Plan - Growth NAV | Franklin Templeton Balanced Advantage Fund - Direct Plan - Growth returns | Franklin Templeton Balanced Advantage Fund - Direct Plan - Growth expense ratio | invest in Franklin Templeton Balanced Advantage Fund - Direct Plan - Growth | Franklin Templeton Balanced Advantage Fund - Direct Plan - Growth SIP | Balanced Hybrid investment 2025 | Franklin Templeton Balanced Advantage Fund - Direct Plan - Growth vs Balanced Hybrid | top Balanced Hybrid funds India | Franklin Templeton Balanced Advantage Fund - Direct Plan - Growth performance | Franklin Templeton Balanced Advantage Fund - Direct Plan - Growth fund manager | Balanced Hybrid fund comparison | buy Franklin Templeton Balanced Advantage Fund - Direct Plan - Growth online | Franklin Templeton Balanced Advantage Fund - Direct Plan - Growth minimum investment | Balanced Hybrid fund returns India
Franklin Templeton International Fund - Regular Plan - Growth,Franklin Templeton,International,Fund of Funds - Overseas,200194,11.612,2993.20,2.05,500,1000,,,,0.48,MSCI World Index,Very High,16.21,-0.48,27,Anand Radhakrishnan,3.5 years,Aims to provide capital appreciation by investing in International securities,Forgn. Eq: 95.00% | Cash & Equivalents: 5.00%,Nil,Apple Inc. (8.5%) | Microsoft Corp. (7.8%) | Alphabet Inc Class A (6.9%) | Amazon.com Inc. (5.2%) | NVIDIA Corp. (4.8%) | Meta Platforms Inc. (4.2%) | Tesla Inc. (3.9%) | Berkshire Hathaway Inc. (3.5%) | UnitedHealth Group Inc. (3.1%) | Johnson & Johnson (2.8%),25-May-2026,03-Apr-2006,0%,LTCG 12.5% after 2 years for equity,999,Franklin Templeton International Fund - Regular Plan - Growt,"Detailed review and analysis of Franklin Templeton International Fund - Regular Plan - Growth (International). Compare returns, expenses, holdings and risks. St",Franklin Templeton International Fund - Regular Plan - Growth | Franklin Templeton International Fund - Regular Plan - Growth review | International mutual fund | International fund in India | Franklin Templeton International | best International funds | Franklin Templeton International Fund - Regular Plan - Growth NAV | Franklin Templeton International Fund - Regular Plan - Growth returns | Franklin Templeton International Fund - Regular Plan - Growth expense ratio | invest in Franklin Templeton International Fund - Regular Plan - Growth | Franklin Templeton International Fund - Regular Plan - Growth SIP | International investment 2025 | Franklin Templeton International Fund - Regular Plan - Growth vs International | top International funds India | Franklin Templeton International Fund - Regular Plan - Growth performance | Franklin Templeton International Fund - Regular Plan - Growth fund manager | International fund comparison | buy Franklin Templeton International Fund - Regular Plan - Growth online | Franklin Templeton International Fund - Regular Plan - Growth minimum investment | International fund returns India
Franklin Templeton Energy Fund - Direct Plan - Growth,Franklin Templeton,Equity,Focused Fund,200195,10.8119,10272.00,0.75,500,1000,,,,0.2,Nifty 500 TRI,Moderate,14.84,-0.46,53,Anand Radhakrishnan,3.5 years,Aims to provide capital appreciation by investing in Equity securities,Equity: 97.00% | T-Bills: 3.00%,Nil,HDFC Bank Ltd. (8.8%) | ICICI Bank Ltd. (7.5%) | Reliance Industries Ltd. (6.2%) | Infosys Ltd. (5.8%) | Axis Bank Ltd. (5.1%) | Larsen & Toubro Ltd. (4.5%) | Bharti Airtel Ltd. (4.1%) | Sun Pharmaceutical Industries Ltd. (3.8%) | Tata Consultancy Services Ltd. (3.5%) | State Bank of India (3.2%),25-May-2026,03-Apr-2006,0%,LTCG 12.5% after 2 years for equity,999,Franklin Templeton Energy Fund - Direct Plan - Growth - Fran,"Detailed review and analysis of Franklin Templeton Energy Fund - Direct Plan - Growth (Equity). Compare returns, expenses, holdings and risks. Start investing t",Franklin Templeton Energy Fund - Direct Plan - Growth | Franklin Templeton Energy Fund - Direct Plan - Growth review | Equity mutual fund | Equity fund in India | Franklin Templeton Equity | best Equity funds | Franklin Templeton Energy Fund - Direct Plan - Growth NAV | Franklin Templeton Energy Fund - Direct Plan - Growth returns | Franklin Templeton Energy Fund - Direct Plan - Growth expense ratio | invest in Franklin Templeton Energy Fund - Direct Plan - Growth | Franklin Templeton Energy Fund - Direct Plan - Growth SIP | Equity investment 2025 | Franklin Templeton Energy Fund - Direct Plan - Growth vs Equity | top Equity funds India | Franklin Templeton Energy Fund - Direct Plan - Growth performance | Franklin Templeton Energy Fund - Direct Plan - Growth fund manager | Equity fund comparison | buy Franklin Templeton Energy Fund - Direct Plan - Growth online | Franklin Templeton Energy Fund - Direct Plan - Growth minimum investment | Equity fund returns India
Franklin Templeton Pharma Fund - Regular Plan - Growth,Franklin Templeton,Pharma,Sectoral - Pharma & Healthcare,200196,10.8119,4284.00,1.95,500,1000,,,,0.2,Nifty Pharma TRI,Very High,17.18,-0.48,66,Anand Radhakrishnan,3.5 years,Aims to provide capital appreciation by investing in Pharma securities,Equity: 96.00% | T-Bills: 4.00%,Nil,Sun Pharmaceutical Industries Ltd. (20.5%) | Dr. Reddy's Laboratories Ltd. (12.8%) | Cipla Ltd. (10.4%) | Divi's Laboratories Ltd. (9.8%) | Torrent Pharmaceuticals Ltd. (7.2%) | Aurobindo Pharma Ltd. (5.8%) | Alkem Laboratories Ltd. (5.2%) | Lupin Ltd. (4.9%) | Ipca Laboratories Ltd. (3.8%) | Mankind Pharma Ltd. (3.5%),25-May-2026,03-Apr-2006,0%,LTCG 12.5% after 2 years for equity,999,Franklin Templeton Pharma Fund - Regular Plan - Growth - Fra,"Detailed review and analysis of Franklin Templeton Pharma Fund - Regular Plan - Growth (Pharma). Compare returns, expenses, holdings and risks. Start investing ",Franklin Templeton Pharma Fund - Regular Plan - Growth | Franklin Templeton Pharma Fund - Regular Plan - Growth review | Pharma mutual fund | Pharma fund in India | Franklin Templeton Pharma | best Pharma funds | Franklin Templeton Pharma Fund - Regular Plan - Growth NAV | Franklin Templeton Pharma Fund - Regular Plan - Growth returns | Franklin Templeton Pharma Fund - Regular Plan - Growth expense ratio | invest in Franklin Templeton Pharma Fund - Regular Plan - Growth | Franklin Templeton Pharma Fund - Regular Plan - Growth SIP | Pharma investment 2025 | Franklin Templeton Pharma Fund - Regular Plan - Growth vs Pharma | top Pharma funds India | Franklin Templeton Pharma Fund - Regular Plan - Growth performance | Franklin Templeton Pharma Fund - Regular Plan - Growth fund manager | Pharma fund comparison | buy Franklin Templeton Pharma Fund - Regular Plan - Growth online | Franklin Templeton Pharma Fund - Regular Plan - Growth minimum investment | Pharma fund returns India
Franklin Templeton Auto Fund - Direct Plan - Growth,Franklin Templeton,Sectoral,Sectoral - Automotive,200197,10.8119,3859.20,0.98,500,1000,,,,0.2,Nifty Auto TRI,Moderate,19.14,-0.46,79,Anand Radhakrishnan,3.5 years,Aims to provide capital appreciation by investing in Sectoral securities,Equity: 96.00% | T-Bills: 4.00%,Nil,HDFC Bank Ltd. (8.5%) | ICICI Bank Ltd. (7.2%) | State Bank of India (5.8%) | Axis Bank Ltd. (5.2%) | Kotak Mahindra Bank Ltd. (4.9%) | IndusInd Bank Ltd. (4.5%) | Infosys Ltd. (4.1%) | TCS Ltd. (3.8%) | Bharti Airtel Ltd. (3.5%) | Reliance Industries Ltd. (3.2%),25-May-2026,03-Apr-2006,0%,LTCG 12.5% after 2 years for equity,999,Franklin Templeton Auto Fund - Direct Plan - Growth - Frankl,"Detailed review and analysis of Franklin Templeton Auto Fund - Direct Plan - Growth (Sectoral). Compare returns, expenses, holdings and risks. Start investing t",Franklin Templeton Auto Fund - Direct Plan - Growth | Franklin Templeton Auto Fund - Direct Plan - Growth review | Sectoral mutual fund | Sectoral fund in India | Franklin Templeton Sectoral | best Sectoral funds | Franklin Templeton Auto Fund - Direct Plan - Growth NAV | Franklin Templeton Auto Fund - Direct Plan - Growth returns | Franklin Templeton Auto Fund - Direct Plan - Growth expense ratio | invest in Franklin Templeton Auto Fund - Direct Plan - Growth | Franklin Templeton Auto Fund - Direct Plan - Growth SIP | Sectoral investment 2025 | Franklin Templeton Auto Fund - Direct Plan - Growth vs Sectoral | top Sectoral funds India | Franklin Templeton Auto Fund - Direct Plan - Growth performance | Franklin Templeton Auto Fund - Direct Plan - Growth fund manager | Sectoral fund comparison | buy Franklin Templeton Auto Fund - Direct Plan - Growth online | Franklin Templeton Auto Fund - Direct Plan - Growth minimum investment | Sectoral fund returns India
Franklin Templeton Manufacturing Fund - Regular Plan - Growth,Franklin Templeton,Equity,Focused Fund,200198,11.612,10300.80,1.75,500,1000,,,,0.48,Nifty 500 TRI,Moderate,14.90,-0.48,54,Anand Radhakrishnan,3.5 years,Aims to provide capital appreciation by investing in Equity securities,Equity: 97.00% | T-Bills: 3.00%,Nil,HDFC Bank Ltd. (8.8%) | ICICI Bank Ltd. (7.5%) | Reliance Industries Ltd. (6.2%) | Infosys Ltd. (5.8%) | Axis Bank Ltd. (5.1%) | Larsen & Toubro Ltd. (4.5%) | Bharti Airtel Ltd. (4.1%) | Sun Pharmaceutical Industries Ltd. (3.8%) | Tata Consultancy Services Ltd. (3.5%) | State Bank of India (3.2%),25-May-2026,03-Apr-2006,0%,LTCG 12.5% after 2 years for equity,999,Franklin Templeton Manufacturing Fund - Regular Plan - Growt,"Detailed review and analysis of Franklin Templeton Manufacturing Fund - Regular Plan - Growth (Equity). Compare returns, expenses, holdings and risks. Start inv",Franklin Templeton Manufacturing Fund - Regular Plan - Growth | Franklin Templeton Manufacturing Fund - Regular Plan - Growth review | Equity mutual fund | Equity fund in India | Franklin Templeton Equity | best Equity funds | Franklin Templeton Manufacturing Fund - Regular Plan - Growth NAV | Franklin Templeton Manufacturing Fund - Regular Plan - Growth returns | Franklin Templeton Manufacturing Fund - Regular Plan - Growth expense ratio | invest in Franklin Templeton Manufacturing Fund - Regular Plan - Growth | Franklin Templeton Manufacturing Fund - Regular Plan - Growth SIP | Equity investment 2025 | Franklin Templeton Manufacturing Fund - Regular Plan - Growth vs Equity | top Equity funds India | Franklin Templeton Manufacturing Fund - Regular Plan - Growth performance | Franklin Templeton Manufacturing Fund - Regular Plan - Growth fund manager | Equity fund comparison | buy Franklin Templeton Manufacturing Fund - Regular Plan - Growth online | Franklin Templeton Manufacturing Fund - Regular Plan - Growth minimum investment | Equity fund returns India
Baroda BNP Paribas Large Cap Fund - Direct Plan - Growth,Baroda BNP Paribas,Large Cap,Large Cap Fund,200199,251.3621,21480.00,0.52,500,1000,-0.15,14.62,11.06,13.34,Nifty 50,Very High,13.08,0.62,34,Sanjay Chawla,3.5 years,Aims to provide capital appreciation by investing in Large Cap securities,Equity: 96.00% | T-Bills: 4.00%,Nil,HDFC Bank Ltd. (8.5%) | ICICI Bank Ltd. (7.8%) | Reliance Industries Ltd. (6.9%) | Infosys Ltd. (5.2%) | Larsen & Toubro Ltd. (4.8%) | Axis Bank Ltd. (3.9%) | Tata Consultancy Services Ltd. (3.7%) | Bharti Airtel Ltd. (3.4%) | State Bank of India (3.1%) | ITC Ltd. (2.8%),25-May-2026,14-Mar-2022,0%,LTCG 12.5% after 2 years for equity,999,Baroda BNP Paribas Large Cap Fund - Direct Plan - Growth - B,"Detailed review and analysis of Baroda BNP Paribas Large Cap Fund - Direct Plan - Growth (Large Cap). Compare returns, expenses, holdings and risks. Start inves",Baroda BNP Paribas Large Cap Fund - Direct Plan - Growth | Baroda BNP Paribas Large Cap Fund - Direct Plan - Growth review | Large Cap mutual fund | Large Cap fund in India | Baroda BNP Paribas Large Cap | best Large Cap funds | Baroda BNP Paribas Large Cap Fund - Direct Plan - Growth NAV | Baroda BNP Paribas Large Cap Fund - Direct Plan - Growth returns | Baroda BNP Paribas Large Cap Fund - Direct Plan - Growth expense ratio | invest in Baroda BNP Paribas Large Cap Fund - Direct Plan - Growth | Baroda BNP Paribas Large Cap Fund - Direct Plan - Growth SIP | Large Cap investment 2025 | Baroda BNP Paribas Large Cap Fund - Direct Plan - Growth vs Large Cap | top Large Cap funds India | Baroda BNP Paribas Large Cap Fund - Direct Plan - Growth performance | Baroda BNP Paribas Large Cap Fund - Direct Plan - Growth fund manager | Large Cap fund comparison | buy Baroda BNP Paribas Large Cap Fund - Direct Plan - Growth online | Baroda BNP Paribas Large Cap Fund - Direct Plan - Growth minimum investment | Large Cap fund returns India
Baroda BNP Paribas Mid Cap Fund - Regular Plan - Growth,Baroda BNP Paribas,Mid Cap,Mid Cap Fund,200200,108.9947,12900.00,1.75,500,1000,10.61,21.14,14.24,17.23,Nifty Midcap 150 TRI,Very High,14.40,1.02,21,Sanjay Chawla,3.5 years,Aims to provide capital appreciation by investing in Mid Cap securities,Equity: 94.00% | T-Bills: 6.00%,Nil,Voltas Ltd. (3.8%) | Mphasis Ltd. (3.5%) | Coforge Ltd. (3.2%) | Sundram Fasteners Ltd. (2.9%) | Persistent Systems Ltd. (2.7%) | Zydus Lifesciences Ltd. (2.5%) | Crompton Greaves Consumer Electricals Ltd. (2.4%) | Oberoi Realty Ltd. (2.2%) | Tube Investments of India Ltd. (2.1%) | Emami Ltd. (2.0%),25-May-2026,14-Mar-2022,0%,LTCG 12.5% after 2 years for equity,999,Baroda BNP Paribas Mid Cap Fund - Regular Plan - Growth - Ba,"Detailed review and analysis of Baroda BNP Paribas Mid Cap Fund - Regular Plan - Growth (Mid Cap). Compare returns, expenses, holdings and risks. Start investin",Baroda BNP Paribas Mid Cap Fund - Regular Plan - Growth | Baroda BNP Paribas Mid Cap Fund - Regular Plan - Growth review | Mid Cap mutual fund | Mid Cap fund in India | Baroda BNP Paribas Mid Cap | best Mid Cap funds | Baroda BNP Paribas Mid Cap Fund - Regular Plan - Growth NAV | Baroda BNP Paribas Mid Cap Fund - Regular Plan - Growth returns | Baroda BNP Paribas Mid Cap Fund - Regular Plan - Growth expense ratio | invest in Baroda BNP Paribas Mid Cap Fund - Regular Plan - Growth | Baroda BNP Paribas Mid Cap Fund - Regular Plan - Growth SIP | Mid Cap investment 2025 | Baroda BNP Paribas Mid Cap Fund - Regular Plan - Growth vs Mid Cap | top Mid Cap funds India | Baroda BNP Paribas Mid Cap Fund - Regular Plan - Growth performance | Baroda BNP Paribas Mid Cap Fund - Regular Plan - Growth fund manager | Mid Cap fund comparison | buy Baroda BNP Paribas Mid Cap Fund - Regular Plan - Growth online | Baroda BNP Paribas Mid Cap Fund - Regular Plan - Growth minimum investment | Mid Cap fund returns India
Baroda BNP Paribas Small Cap Fund - Direct Plan - Growth,Baroda BNP Paribas,Small Cap,Small Cap Fund,200201,13.8281,10329.60,0.82,500,1000,5.55,11.34,6.66,13.45,Nifty Smallcap 250 TRI,Very High,16.93,0.46,17,Sanjay Chawla,3.5 years,Aims to provide capital appreciation by investing in Small Cap securities,Equity: 91.00% | Cash & Equivalents: 9.00%,Nil,Aarti Drugs Ltd. (3.2%) | Hatsun Agro Product Ltd. (2.9%) | National Aluminium Company Ltd. (2.7%) | VST Tillers Tractors Ltd. (2.5%) | Repco Home Finance Ltd. (2.3%) | RACL Geartech Ltd. (2.1%) | Neuland Laboratories Ltd. (2.0%) | Mold-Tek Packaging Ltd. (1.9%) | NIIT Learning Systems Ltd. (1.8%) | Nuvama Wealth Management Ltd. (1.7%),25-May-2026,01-Nov-2023,0%,LTCG 12.5% after 2 years for equity,999,Baroda BNP Paribas Small Cap Fund - Direct Plan - Growth - B,"Detailed review and analysis of Baroda BNP Paribas Small Cap Fund - Direct Plan - Growth (Small Cap). Compare returns, expenses, holdings and risks. Start inves",Baroda BNP Paribas Small Cap Fund - Direct Plan - Growth | Baroda BNP Paribas Small Cap Fund - Direct Plan - Growth review | Small Cap mutual fund | Small Cap fund in India | Baroda BNP Paribas Small Cap | best Small Cap funds | Baroda BNP Paribas Small Cap Fund - Direct Plan - Growth NAV | Baroda BNP Paribas Small Cap Fund - Direct Plan - Growth returns | Baroda BNP Paribas Small Cap Fund - Direct Plan - Growth expense ratio | invest in Baroda BNP Paribas Small Cap Fund - Direct Plan - Growth | Baroda BNP Paribas Small Cap Fund - Direct Plan - Growth SIP | Small Cap investment 2025 | Baroda BNP Paribas Small Cap Fund - Direct Plan - Growth vs Small Cap | top Small Cap funds India | Baroda BNP Paribas Small Cap Fund - Direct Plan - Growth performance | Baroda BNP Paribas Small Cap Fund - Direct Plan - Growth fund manager | Small Cap fund comparison | buy Baroda BNP Paribas Small Cap Fund - Direct Plan - Growth online | Baroda BNP Paribas Small Cap Fund - Direct Plan - Growth minimum investment | Small Cap fund returns India
Baroda BNP Paribas Multi Cap Fund - Regular Plan - Growth,Baroda BNP Paribas,Multi Cap,INF955L01674,200202,285.7595,3218.97,3.88,500,1000,3.27,16.71,15.59,12.22,Nifty 500 Multicap 50:25:25 TRI,Very High,13.00,0.79,80,Kirtan Mehta; Sanjay Chawla,10.6 years,Aims to provide capital appreciation by investing in Multi Cap securities,Equity: 95.46% | T-Bills: 1.07% | Pref. Shares: 0.03%,Nil,Bharti Airtel Ltd. (3.08%) | Bharat Heavy Electricals Ltd. (2.96%) | Indusind Bank Ltd. (2.92%) | Navin Fluorine International Ltd. (2.75%) | Reliance Industries Ltd. (2.44%) | Persistent Systems Ltd. (2.39%) | Radico Khaitan Ltd. (2.32%) | Cummins India Ltd. (2.29%) | Karur Vysya Bank Ltd. (2.28%) | Titan Company Ltd. (2.18%),25-May-2026,03-Apr-2006,0%,LTCG 12.5% after 2 years for equity,999,Baroda BNP Paribas Multi Cap Fund - Regular Plan - Growth -,"Detailed review and analysis of Baroda BNP Paribas Multi Cap Fund - Regular Plan - Growth (Multi Cap). Compare returns, expenses, holdings and risks. Start inve",Baroda BNP Paribas Multi Cap Fund - Regular Plan - Growth | Baroda BNP Paribas Multi Cap Fund - Regular Plan - Growth review | Multi Cap mutual fund | Multi Cap fund in India | Baroda BNP Paribas Multi Cap | best Multi Cap funds | Baroda BNP Paribas Multi Cap Fund - Regular Plan - Growth NAV | Baroda BNP Paribas Multi Cap Fund - Regular Plan - Growth returns | Baroda BNP Paribas Multi Cap Fund - Regular Plan - Growth expense ratio | invest in Baroda BNP Paribas Multi Cap Fund - Regular Plan - Growth | Baroda BNP Paribas Multi Cap Fund - Regular Plan - Growth SIP | Multi Cap investment 2025 | Baroda BNP Paribas Multi Cap Fund - Regular Plan - Growth vs Multi Cap | top Multi Cap funds India | Baroda BNP Paribas Multi Cap Fund - Regular Plan - Growth performance | Baroda BNP Paribas Multi Cap Fund - Regular Plan - Growth fund manager | Multi Cap fund comparison | buy Baroda BNP Paribas Multi Cap Fund - Regular Plan - Growth online | Baroda BNP Paribas Multi Cap Fund - Regular Plan - Growth minimum investment | Multi Cap fund returns India
Baroda BNP Paribas Flexi Cap Fund - Direct Plan - Growth,Baroda BNP Paribas,Flexi Cap,Flexi Cap Fund,200203,16.2216,12073.60,0.72,500,1000,1.89,15.84,10.37,14.06,Nifty 500 TRI,Very High,12.47,0.75,25,Sanjay Chawla,3.5 years,Aims to provide capital appreciation by investing in Flexi Cap securities,Equity: 95.00% | T-Bills: 5.00%,Nil,HDFC Bank Ltd. (8.2%) | ICICI Bank Ltd. (6.9%) | Infosys Ltd. (5.5%) | Reliance Industries Ltd. (5.1%) | Axis Bank Ltd. (4.2%) | Larsen & Toubro Ltd. (3.8%) | Tata Consultancy Services Ltd. (3.4%) | Bharti Airtel Ltd. (3.1%) | Sun Pharmaceutical Industries Ltd. (2.8%) | Kotak Mahindra Bank Ltd. (2.5%),25-May-2026,22-Aug-2022,0%,LTCG 12.5% after 2 years for equity,999,Baroda BNP Paribas Flexi Cap Fund - Direct Plan - Growth - B,"Detailed review and analysis of Baroda BNP Paribas Flexi Cap Fund - Direct Plan - Growth (Flexi Cap). Compare returns, expenses, holdings and risks. Start inves",Baroda BNP Paribas Flexi Cap Fund - Direct Plan - Growth | Baroda BNP Paribas Flexi Cap Fund - Direct Plan - Growth review | Flexi Cap mutual fund | Flexi Cap fund in India | Baroda BNP Paribas Flexi Cap | best Flexi Cap funds | Baroda BNP Paribas Flexi Cap Fund - Direct Plan - Growth NAV | Baroda BNP Paribas Flexi Cap Fund - Direct Plan - Growth returns | Baroda BNP Paribas Flexi Cap Fund - Direct Plan - Growth expense ratio | invest in Baroda BNP Paribas Flexi Cap Fund - Direct Plan - Growth | Baroda BNP Paribas Flexi Cap Fund - Direct Plan - Growth SIP | Flexi Cap investment 2025 | Baroda BNP Paribas Flexi Cap Fund - Direct Plan - Growth vs Flexi Cap | top Flexi Cap funds India | Baroda BNP Paribas Flexi Cap Fund - Direct Plan - Growth performance | Baroda BNP Paribas Flexi Cap Fund - Direct Plan - Growth fund manager | Flexi Cap fund comparison | buy Baroda BNP Paribas Flexi Cap Fund - Direct Plan - Growth online | Baroda BNP Paribas Flexi Cap Fund - Direct Plan - Growth minimum investment | Flexi Cap fund returns India
Baroda BNP Paribas ELSS Tax Saver Fund - Regular Plan - Growth,Baroda BNP Paribas,ELSS,ELSS (Tax Saving),200204,95.3817,8632.00,1.85,500,1000,2.63,16.48,10.97,13.23,Nifty 500 TRI,Very High,13.35,0.75,22,Sanjay Chawla,3.5 years,Aims to provide capital appreciation by investing in ELSS securities,Equity: 96.00% | T-Bills: 4.00%,Nil,ICICI Bank Ltd. (8.5%) | HDFC Bank Ltd. (7.2%) | Infosys Ltd. (5.8%) | Reliance Industries Ltd. (5.2%) | Axis Bank Ltd. (4.9%) | Kotak Mahindra Bank Ltd. (4.3%) | Sun Pharmaceutical Industries Ltd. (3.9%) | Bharti Airtel Ltd. (3.5%) | Larsen & Toubro Ltd. (3.2%) | Tata Consultancy Services Ltd. (2.9%),25-May-2026,14-Mar-2022,0%,LTCG 12.5% after 2 years for equity,999,Baroda BNP Paribas ELSS Tax Saver Fund - Regular Plan - Grow,"Detailed review and analysis of Baroda BNP Paribas ELSS Tax Saver Fund - Regular Plan - Growth (ELSS). Compare returns, expenses, holdings and risks. Start inve",Baroda BNP Paribas ELSS Tax Saver Fund - Regular Plan - Growth | Baroda BNP Paribas ELSS Tax Saver Fund - Regular Plan - Growth review | ELSS mutual fund | ELSS fund in India | Baroda BNP Paribas ELSS | best ELSS funds | Baroda BNP Paribas ELSS Tax Saver Fund - Regular Plan - Growth NAV | Baroda BNP Paribas ELSS Tax Saver Fund - Regular Plan - Growth returns | Baroda BNP Paribas ELSS Tax Saver Fund - Regular Plan - Growth expense ratio | invest in Baroda BNP Paribas ELSS Tax Saver Fund - Regular Plan - Growth | Baroda BNP Paribas ELSS Tax Saver Fund - Regular Plan - Growth SIP | ELSS investment 2025 | Baroda BNP Paribas ELSS Tax Saver Fund - Regular Plan - Growth vs ELSS | top ELSS funds India | Baroda BNP Paribas ELSS Tax Saver Fund - Regular Plan - Growth performance | Baroda BNP Paribas ELSS Tax Saver Fund - Regular Plan - Growth fund manager | ELSS fund comparison | buy Baroda BNP Paribas ELSS Tax Saver Fund - Regular Plan - Growth online | Baroda BNP Paribas ELSS Tax Saver Fund - Regular Plan - Growth minimum investment | ELSS fund returns India
Baroda BNP Paribas Liquid Fund - Direct Plan - Growth,Baroda BNP Paribas,Liquid Fund,Liquid Fund,200205,3208.353,38880.00,0.12,500,1000,6.16,6.92,6.14,6.88,NIFTY Liquid Index,Low,0.11,3.82,205,Sanjay Chawla,3.5 years,Aims to provide capital appreciation by investing in Liquid Fund securities,T-Bills: 65.00% | CD: 20.00% | CP: 10.00% | Cash: 5.00%,Nil,State Bank of India CD (8.5%) | HDFC Bank CD (7.2%) | Reliance Industries T-Bills (6.8%) | ICICI Bank CP (5.9%) | 182-Day T-Bill (5.5%) | National Bank For Agriculture And Rural Development (5.2%) | 91-Day T-Bill (4.8%) | Kotak Mahindra Bank CD (4.5%) | Axis Bank CP (4.1%) | Power Finance Corporation (3.8%),25-May-2026,01-Jan-2013,0%,LTCG 12.5% after 2 years for equity,999,Baroda BNP Paribas Liquid Fund - Direct Plan - Growth - Baro,"Detailed review and analysis of Baroda BNP Paribas Liquid Fund - Direct Plan - Growth (Liquid Fund). Compare returns, expenses, holdings and risks. Start invest",Baroda BNP Paribas Liquid Fund - Direct Plan - Growth | Baroda BNP Paribas Liquid Fund - Direct Plan - Growth review | Liquid Fund mutual fund | Liquid Fund fund in India | Baroda BNP Paribas Liquid Fund | best Liquid Fund funds | Baroda BNP Paribas Liquid Fund - Direct Plan - Growth NAV | Baroda BNP Paribas Liquid Fund - Direct Plan - Growth returns | Baroda BNP Paribas Liquid Fund - Direct Plan - Growth expense ratio | invest in Baroda BNP Paribas Liquid Fund - Direct Plan - Growth | Baroda BNP Paribas Liquid Fund - Direct Plan - Growth SIP | Liquid Fund investment 2025 | Baroda BNP Paribas Liquid Fund - Direct Plan - Growth vs Liquid Fund | top Liquid Fund funds India | Baroda BNP Paribas Liquid Fund - Direct Plan - Growth performance | Baroda BNP Paribas Liquid Fund - Direct Plan - Growth fund manager | Liquid Fund fund comparison | buy Baroda BNP Paribas Liquid Fund - Direct Plan - Growth online | Baroda BNP Paribas Liquid Fund - Direct Plan - Growth minimum investment | Liquid Fund fund returns India
Baroda BNP Paribas Debt Fund - Regular Plan - Growth,Baroda BNP Paribas,Debt,Short Duration Fund,200206,1418.7468,6918.40,1.05,500,1000,5.27,6.13,5.51,5.06,CRISIL Composite Bond Fund Index,Moderate,2.76,-0.13,114,Sanjay Chawla,3.5 years,Aims to provide capital appreciation by investing in Debt securities,Debenture: 40.00% | SDL: 30.00% | T-Bills: 20.00% | GOI Sec: 10.00%,Nil,National Bank For Agriculture And Rural Development (5.8%) | Power Finance Corporation Ltd. (5.2%) | Rural Electrification Corporation Ltd. (4.9%) | 7.26% GOI 2032 (4.5%) | State Bank of India (4.1%) | National Highways Authority of India (3.8%) | Housing Development Finance Corporation Ltd. (3.5%) | Indian Railway Finance Corporation Ltd. (3.2%) | HDFC Bank Ltd. (2.9%) | Bajaj Finance Ltd. (2.5%),25-May-2026,25-Apr-2019,0%,LTCG 12.5% after 2 years for equity,999,Baroda BNP Paribas Debt Fund - Regular Plan - Growth - Barod,"Detailed review and analysis of Baroda BNP Paribas Debt Fund - Regular Plan - Growth (Debt). Compare returns, expenses, holdings and risks. Start investing toda",Baroda BNP Paribas Debt Fund - Regular Plan - Growth | Baroda BNP Paribas Debt Fund - Regular Plan - Growth review | Debt mutual fund | Debt fund in India | Baroda BNP Paribas Debt | best Debt funds | Baroda BNP Paribas Debt Fund - Regular Plan - Growth NAV | Baroda BNP Paribas Debt Fund - Regular Plan - Growth returns | Baroda BNP Paribas Debt Fund - Regular Plan - Growth expense ratio | invest in Baroda BNP Paribas Debt Fund - Regular Plan - Growth | Baroda BNP Paribas Debt Fund - Regular Plan - Growth SIP | Debt investment 2025 | Baroda BNP Paribas Debt Fund - Regular Plan - Growth vs Debt | top Debt funds India | Baroda BNP Paribas Debt Fund - Regular Plan - Growth performance | Baroda BNP Paribas Debt Fund - Regular Plan - Growth fund manager | Debt fund comparison | buy Baroda BNP Paribas Debt Fund - Regular Plan - Growth online | Baroda BNP Paribas Debt Fund - Regular Plan - Growth minimum investment | Debt fund returns India
Baroda BNP Paribas Banking Fund - Direct Plan - Growth,Baroda BNP Paribas,Banking,Sectoral - Banking & Financial Services,200207,1425.4026,242,0.3,500,1000,5.34,6.21,5.59,5.13,Nifty Bank TRI,Very High,15.30,-0.02,36,Sanjay Chawla,3.5 years,Aims to provide capital appreciation by investing in Banking securities,Equity: 97.00% | T-Bills: 3.00%,Nil,HDFC Bank Ltd. (22.5%) | ICICI Bank Ltd. (19.8%) | State Bank of India (12.4%) | Axis Bank Ltd. (10.8%) | Kotak Mahindra Bank Ltd. (8.5%) | Bank of Baroda (5.2%) | IndusInd Bank Ltd. (4.8%) | Federal Bank Ltd. (3.9%) | AU Small Finance Bank Ltd. (3.5%) | Punjab National Bank (2.8%),25-May-2026,25-Apr-2019,0%,LTCG 12.5% after 2 years for equity,999,Baroda BNP Paribas Banking Fund - Direct Plan - Growth - Bar,"Detailed review and analysis of Baroda BNP Paribas Banking Fund - Direct Plan - Growth (Banking). Compare returns, expenses, holdings and risks. Start investing",Baroda BNP Paribas Banking Fund - Direct Plan - Growth | Baroda BNP Paribas Banking Fund - Direct Plan - Growth review | Banking mutual fund | Banking fund in India | Baroda BNP Paribas Banking | best Banking funds | Baroda BNP Paribas Banking Fund - Direct Plan - Growth NAV | Baroda BNP Paribas Banking Fund - Direct Plan - Growth returns | Baroda BNP Paribas Banking Fund - Direct Plan - Growth expense ratio | invest in Baroda BNP Paribas Banking Fund - Direct Plan - Growth | Baroda BNP Paribas Banking Fund - Direct Plan - Growth SIP | Banking investment 2025 | Baroda BNP Paribas Banking Fund - Direct Plan - Growth vs Banking | top Banking funds India | Baroda BNP Paribas Banking Fund - Direct Plan - Growth performance | Baroda BNP Paribas Banking Fund - Direct Plan - Growth fund manager | Banking fund comparison | buy Baroda BNP Paribas Banking Fund - Direct Plan - Growth online | Baroda BNP Paribas Banking Fund - Direct Plan - Growth minimum investment | Banking fund returns India
Baroda BNP Paribas Technology Fund - Regular Plan - Growth,Baroda BNP Paribas,Technology,Sectoral - Technology,200208,1418.7468,7797.60,1.98,500,1000,5.27,6.13,5.51,5.06,Nifty IT TRI,Very High,17.73,-0.02,42,Sanjay Chawla,3.5 years,Aims to provide capital appreciation by investing in Technology securities,Equity: 91.00% | Forgn. Eq: 6.00% | T-Bills: 3.00%,Nil,Infosys Ltd. (18.5%) | Tata Consultancy Services Ltd. (15.2%) | Bharti Airtel Ltd. (12.4%) | HCL Technologies Ltd. (9.8%) | Wipro Ltd. (7.5%) | Tech Mahindra Ltd. (6.2%) | Coforge Ltd. (4.8%) | Mphasis Ltd. (4.2%) | Persistent Systems Ltd. (3.9%) | LTIMindtree Ltd. (3.5%),25-May-2026,25-Apr-2019,0%,LTCG 12.5% after 2 years for equity,999,Baroda BNP Paribas Technology Fund - Regular Plan - Growth -,"Detailed review and analysis of Baroda BNP Paribas Technology Fund - Regular Plan - Growth (Technology). Compare returns, expenses, holdings and risks. Start in",Baroda BNP Paribas Technology Fund - Regular Plan - Growth | Baroda BNP Paribas Technology Fund - Regular Plan - Growth review | Technology mutual fund | Technology fund in India | Baroda BNP Paribas Technology | best Technology funds | Baroda BNP Paribas Technology Fund - Regular Plan - Growth NAV | Baroda BNP Paribas Technology Fund - Regular Plan - Growth returns | Baroda BNP Paribas Technology Fund - Regular Plan - Growth expense ratio | invest in Baroda BNP Paribas Technology Fund - Regular Plan - Growth | Baroda BNP Paribas Technology Fund - Regular Plan - Growth SIP | Technology investment 2025 | Baroda BNP Paribas Technology Fund - Regular Plan - Growth vs Technology | top Technology funds India | Baroda BNP Paribas Technology Fund - Regular Plan - Growth performance | Baroda BNP Paribas Technology Fund - Regular Plan - Growth fund manager | Technology fund comparison | buy Baroda BNP Paribas Technology Fund - Regular Plan - Growth online | Baroda BNP Paribas Technology Fund - Regular Plan - Growth minimum investment | Technology fund returns India
Baroda BNP Paribas Infrastructure Fund - Direct Plan - Growth,Baroda BNP Paribas,Thematic,Thematic - Infrastructure,200209,55.3541,4769.60,0.92,500,1000,3.6,20.82,20.16,14.87,Nifty Infrastructure TRI,Very High,14.97,0.96,36,Sanjay Chawla,3.5 years,Aims to provide capital appreciation by investing in Thematic securities,Equity: 95.00% | T-Bills: 5.00%,Nil,HDFC Bank Ltd. (5.8%) | ICICI Bank Ltd. (5.2%) | Larsen & Toubro Ltd. (4.9%) | Reliance Industries Ltd. (4.5%) | Infosys Ltd. (4.1%) | Bharti Airtel Ltd. (3.8%) | Axis Bank Ltd. (3.5%) | State Bank of India (3.2%) | Tata Motors Ltd. (2.9%) | Adani Ports & SEZ Ltd. (2.6%),25-May-2026,03-Jan-2013,0%,LTCG 12.5% after 2 years for equity,999,Baroda BNP Paribas Infrastructure Fund - Direct Plan - Growt,"Detailed review and analysis of Baroda BNP Paribas Infrastructure Fund - Direct Plan - Growth (Thematic). Compare returns, expenses, holdings and risks. Start i",Baroda BNP Paribas Infrastructure Fund - Direct Plan - Growth | Baroda BNP Paribas Infrastructure Fund - Direct Plan - Growth review | Thematic mutual fund | Thematic fund in India | Baroda BNP Paribas Thematic | best Thematic funds | Baroda BNP Paribas Infrastructure Fund - Direct Plan - Growth NAV | Baroda BNP Paribas Infrastructure Fund - Direct Plan - Growth returns | Baroda BNP Paribas Infrastructure Fund - Direct Plan - Growth expense ratio | invest in Baroda BNP Paribas Infrastructure Fund - Direct Plan - Growth | Baroda BNP Paribas Infrastructure Fund - Direct Plan - Growth SIP | Thematic investment 2025 | Baroda BNP Paribas Infrastructure Fund - Direct Plan - Growth vs Thematic | top Thematic funds India | Baroda BNP Paribas Infrastructure Fund - Direct Plan - Growth performance | Baroda BNP Paribas Infrastructure Fund - Direct Plan - Growth fund manager | Thematic fund comparison | buy Baroda BNP Paribas Infrastructure Fund - Direct Plan - Growth online | Baroda BNP Paribas Infrastructure Fund - Direct Plan - Growth minimum investment | Thematic fund returns India
Baroda BNP Paribas Dividend Fund - Regular Plan - Growth,Baroda BNP Paribas,Thematic,Thematic - Dividend Yield,200210,9.4362,4774.00,1.92,500,1000,0.22,-2.16,-1.3,-3.83,Nifty Dividend Opportunities 50 TRI,Moderate,15.00,-0.74,36,Sanjay Chawla,3.5 years,Aims to provide capital appreciation by investing in Thematic securities,Equity: 95.00% | T-Bills: 5.00%,Nil,HDFC Bank Ltd. (5.8%) | ICICI Bank Ltd. (5.2%) | Larsen & Toubro Ltd. (4.9%) | Reliance Industries Ltd. (4.5%) | Infosys Ltd. (4.1%) | Bharti Airtel Ltd. (3.8%) | Axis Bank Ltd. (3.5%) | State Bank of India (3.2%) | Tata Motors Ltd. (2.9%) | Adani Ports & SEZ Ltd. (2.6%),25-May-2026,16-Sep-2024,0%,LTCG 12.5% after 2 years for equity,999,Baroda BNP Paribas Dividend Fund - Regular Plan - Growth - B,"Detailed review and analysis of Baroda BNP Paribas Dividend Fund - Regular Plan - Growth (Thematic). Compare returns, expenses, holdings and risks. Start invest",Baroda BNP Paribas Dividend Fund - Regular Plan - Growth | Baroda BNP Paribas Dividend Fund - Regular Plan - Growth review | Thematic mutual fund | Thematic fund in India | Baroda BNP Paribas Thematic | best Thematic funds | Baroda BNP Paribas Dividend Fund - Regular Plan - Growth NAV | Baroda BNP Paribas Dividend Fund - Regular Plan - Growth returns | Baroda BNP Paribas Dividend Fund - Regular Plan - Growth expense ratio | invest in Baroda BNP Paribas Dividend Fund - Regular Plan - Growth | Baroda BNP Paribas Dividend Fund - Regular Plan - Growth SIP | Thematic investment 2025 | Baroda BNP Paribas Dividend Fund - Regular Plan - Growth vs Thematic | top Thematic funds India | Baroda BNP Paribas Dividend Fund - Regular Plan - Growth performance | Baroda BNP Paribas Dividend Fund - Regular Plan - Growth fund manager | Thematic fund comparison | buy Baroda BNP Paribas Dividend Fund - Regular Plan - Growth online | Baroda BNP Paribas Dividend Fund - Regular Plan - Growth minimum investment | Thematic fund returns India
Baroda BNP Paribas Balanced Advantage Fund - Direct Plan - Growth,Baroda BNP Paribas,Balanced Hybrid,Balanced Advantage Fund,200211,27.8057,13032.00,0.78,500,1000,6.8,14.48,12.75,14.56,Nifty 50 Hybrid Composite Debt 65:35 Index,Moderately High,8.50,0.94,111,Sanjay Chawla,3.5 years,Aims to provide capital appreciation by investing in Balanced Hybrid securities,Equity: 65.00% | Debt: 30.00% | T-Bills: 5.00%,Nil,HDFC Bank Ltd. (6.8%) | ICICI Bank Ltd. (5.5%) | Reliance Industries Ltd. (4.5%) | 8.38% GOI 2027 (4.2%) | Infosys Ltd. (3.8%) | 7.26% GOI 2032 (3.5%) | Axis Bank Ltd. (3.2%) | Bharti Airtel Ltd. (2.9%) | Larsen & Toubro Ltd. (2.6%) | Tata Consultancy Services Ltd. (2.4%),25-May-2026,20-Nov-2018,0%,LTCG 12.5% after 2 years for equity,999,Baroda BNP Paribas Balanced Advantage Fund - Direct Plan - G,"Detailed review and analysis of Baroda BNP Paribas Balanced Advantage Fund - Direct Plan - Growth (Balanced Hybrid). Compare returns, expenses, holdings and ris",Baroda BNP Paribas Balanced Advantage Fund - Direct Plan - Growth | Baroda BNP Paribas Balanced Advantage Fund - Direct Plan - Growth review | Balanced Hybrid mutual fund | Balanced Hybrid fund in India | Baroda BNP Paribas Balanced Hybrid | best Balanced Hybrid funds | Baroda BNP Paribas Balanced Advantage Fund - Direct Plan - Growth NAV | Baroda BNP Paribas Balanced Advantage Fund - Direct Plan - Growth returns | Baroda BNP Paribas Balanced Advantage Fund - Direct Plan - Growth expense ratio | invest in Baroda BNP Paribas Balanced Advantage Fund - Direct Plan - Growth | Baroda BNP Paribas Balanced Advantage Fund - Direct Plan - Growth SIP | Balanced Hybrid investment 2025 | Baroda BNP Paribas Balanced Advantage Fund - Direct Plan - Growth vs Balanced Hybrid | top Balanced Hybrid funds India | Baroda BNP Paribas Balanced Advantage Fund - Direct Plan - Growth performance | Baroda BNP Paribas Balanced Advantage Fund - Direct Plan - Growth fund manager | Balanced Hybrid fund comparison | buy Baroda BNP Paribas Balanced Advantage Fund - Direct Plan - Growth online | Baroda BNP Paribas Balanced Advantage Fund - Direct Plan - Growth minimum investment | Balanced Hybrid fund returns India
Baroda BNP Paribas International Fund - Regular Plan - Growth,Baroda BNP Paribas,International,Fund of Funds - Overseas,200212,1418.7468,3043.60,2.05,500,1000,5.27,6.13,5.51,5.06,MSCI World Index,Very High,13.58,-0.03,14,Sanjay Chawla,3.5 years,Aims to provide capital appreciation by investing in International securities,Forgn. Eq: 95.00% | Cash & Equivalents: 5.00%,Nil,Apple Inc. (8.5%) | Microsoft Corp. (7.8%) | Alphabet Inc Class A (6.9%) | Amazon.com Inc. (5.2%) | NVIDIA Corp. (4.8%) | Meta Platforms Inc. (4.2%) | Tesla Inc. (3.9%) | Berkshire Hathaway Inc. (3.5%) | UnitedHealth Group Inc. (3.1%) | Johnson & Johnson (2.8%),25-May-2026,25-Apr-2019,0%,LTCG 12.5% after 2 years for equity,999,Baroda BNP Paribas International Fund - Regular Plan - Growt,"Detailed review and analysis of Baroda BNP Paribas International Fund - Regular Plan - Growth (International). Compare returns, expenses, holdings and risks. St",Baroda BNP Paribas International Fund - Regular Plan - Growth | Baroda BNP Paribas International Fund - Regular Plan - Growth review | International mutual fund | International fund in India | Baroda BNP Paribas International | best International funds | Baroda BNP Paribas International Fund - Regular Plan - Growth NAV | Baroda BNP Paribas International Fund - Regular Plan - Growth returns | Baroda BNP Paribas International Fund - Regular Plan - Growth expense ratio | invest in Baroda BNP Paribas International Fund - Regular Plan - Growth | Baroda BNP Paribas International Fund - Regular Plan - Growth SIP | International investment 2025 | Baroda BNP Paribas International Fund - Regular Plan - Growth vs International | top International funds India | Baroda BNP Paribas International Fund - Regular Plan - Growth performance | Baroda BNP Paribas International Fund - Regular Plan - Growth fund manager | International fund comparison | buy Baroda BNP Paribas International Fund - Regular Plan - Growth online | Baroda BNP Paribas International Fund - Regular Plan - Growth minimum investment | International fund returns India
Baroda BNP Paribas Energy Fund - Direct Plan - Growth,Baroda BNP Paribas,Equity,Focused Fund,200213,12.4901,10444.80,0.75,500,1000,10.07,7.61,4.5,18.91,Nifty 500 TRI,Moderate,12.95,0.86,29,Sanjay Chawla,3.5 years,Aims to provide capital appreciation by investing in Equity securities,Equity: 97.00% | T-Bills: 3.00%,Nil,HDFC Bank Ltd. (8.8%) | ICICI Bank Ltd. (7.5%) | Reliance Industries Ltd. (6.2%) | Infosys Ltd. (5.8%) | Axis Bank Ltd. (5.1%) | Larsen & Toubro Ltd. (4.5%) | Bharti Airtel Ltd. (4.1%) | Sun Pharmaceutical Industries Ltd. (3.8%) | Tata Consultancy Services Ltd. (3.5%) | State Bank of India (3.2%),25-May-2026,12-Feb-2025,0%,LTCG 12.5% after 2 years for equity,999,Baroda BNP Paribas Energy Fund - Direct Plan - Growth - Baro,"Detailed review and analysis of Baroda BNP Paribas Energy Fund - Direct Plan - Growth (Equity). Compare returns, expenses, holdings and risks. Start investing t",Baroda BNP Paribas Energy Fund - Direct Plan - Growth | Baroda BNP Paribas Energy Fund - Direct Plan - Growth review | Equity mutual fund | Equity fund in India | Baroda BNP Paribas Equity | best Equity funds | Baroda BNP Paribas Energy Fund - Direct Plan - Growth NAV | Baroda BNP Paribas Energy Fund - Direct Plan - Growth returns | Baroda BNP Paribas Energy Fund - Direct Plan - Growth expense ratio | invest in Baroda BNP Paribas Energy Fund - Direct Plan - Growth | Baroda BNP Paribas Energy Fund - Direct Plan - Growth SIP | Equity investment 2025 | Baroda BNP Paribas Energy Fund - Direct Plan - Growth vs Equity | top Equity funds India | Baroda BNP Paribas Energy Fund - Direct Plan - Growth performance | Baroda BNP Paribas Energy Fund - Direct Plan - Growth fund manager | Equity fund comparison | buy Baroda BNP Paribas Energy Fund - Direct Plan - Growth online | Baroda BNP Paribas Energy Fund - Direct Plan - Growth minimum investment | Equity fund returns India
Baroda BNP Paribas Pharma Fund - Regular Plan - Growth,Baroda BNP Paribas,Pharma,Sectoral - Pharma & Healthcare,200214,1418.7468,4356.00,1.95,500,1000,5.27,6.13,5.51,5.06,Nifty Pharma TRI,Very High,14.72,-0.03,41,Sanjay Chawla,3.5 years,Aims to provide capital appreciation by investing in Pharma securities,Equity: 96.00% | T-Bills: 4.00%,Nil,Sun Pharmaceutical Industries Ltd. (20.5%) | Dr. Reddy's Laboratories Ltd. (12.8%) | Cipla Ltd. (10.4%) | Divi's Laboratories Ltd. (9.8%) | Torrent Pharmaceuticals Ltd. (7.2%) | Aurobindo Pharma Ltd. (5.8%) | Alkem Laboratories Ltd. (5.2%) | Lupin Ltd. (4.9%) | Ipca Laboratories Ltd. (3.8%) | Mankind Pharma Ltd. (3.5%),25-May-2026,25-Apr-2019,0%,LTCG 12.5% after 2 years for equity,999,Baroda BNP Paribas Pharma Fund - Regular Plan - Growth - Bar,"Detailed review and analysis of Baroda BNP Paribas Pharma Fund - Regular Plan - Growth (Pharma). Compare returns, expenses, holdings and risks. Start investing ",Baroda BNP Paribas Pharma Fund - Regular Plan - Growth | Baroda BNP Paribas Pharma Fund - Regular Plan - Growth review | Pharma mutual fund | Pharma fund in India | Baroda BNP Paribas Pharma | best Pharma funds | Baroda BNP Paribas Pharma Fund - Regular Plan - Growth NAV | Baroda BNP Paribas Pharma Fund - Regular Plan - Growth returns | Baroda BNP Paribas Pharma Fund - Regular Plan - Growth expense ratio | invest in Baroda BNP Paribas Pharma Fund - Regular Plan - Growth | Baroda BNP Paribas Pharma Fund - Regular Plan - Growth SIP | Pharma investment 2025 | Baroda BNP Paribas Pharma Fund - Regular Plan - Growth vs Pharma | top Pharma funds India | Baroda BNP Paribas Pharma Fund - Regular Plan - Growth performance | Baroda BNP Paribas Pharma Fund - Regular Plan - Growth fund manager | Pharma fund comparison | buy Baroda BNP Paribas Pharma Fund - Regular Plan - Growth online | Baroda BNP Paribas Pharma Fund - Regular Plan - Growth minimum investment | Pharma fund returns India
Baroda BNP Paribas Auto Fund - Direct Plan - Growth,Baroda BNP Paribas,Sectoral,Sectoral - Automotive,200215,46.8827,3924.00,0.98,500,1000,-1.1,5.81,5.39,7.41,Nifty Auto TRI,Moderate,16.27,-0.04,46,Sanjay Chawla,3.5 years,Aims to provide capital appreciation by investing in Sectoral securities,Equity: 96.00% | T-Bills: 4.00%,Nil,HDFC Bank Ltd. (8.5%) | ICICI Bank Ltd. (7.2%) | State Bank of India (5.8%) | Axis Bank Ltd. (5.2%) | Kotak Mahindra Bank Ltd. (4.9%) | IndusInd Bank Ltd. (4.5%) | Infosys Ltd. (4.1%) | TCS Ltd. (3.8%) | Bharti Airtel Ltd. (3.5%) | Reliance Industries Ltd. (3.2%),25-May-2026,02-Jan-2013,0%,LTCG 12.5% after 2 years for equity,999,Baroda BNP Paribas Auto Fund - Direct Plan - Growth - Baroda,"Detailed review and analysis of Baroda BNP Paribas Auto Fund - Direct Plan - Growth (Sectoral). Compare returns, expenses, holdings and risks. Start investing t",Baroda BNP Paribas Auto Fund - Direct Plan - Growth | Baroda BNP Paribas Auto Fund - Direct Plan - Growth review | Sectoral mutual fund | Sectoral fund in India | Baroda BNP Paribas Sectoral | best Sectoral funds | Baroda BNP Paribas Auto Fund - Direct Plan - Growth NAV | Baroda BNP Paribas Auto Fund - Direct Plan - Growth returns | Baroda BNP Paribas Auto Fund - Direct Plan - Growth expense ratio | invest in Baroda BNP Paribas Auto Fund - Direct Plan - Growth | Baroda BNP Paribas Auto Fund - Direct Plan - Growth SIP | Sectoral investment 2025 | Baroda BNP Paribas Auto Fund - Direct Plan - Growth vs Sectoral | top Sectoral funds India | Baroda BNP Paribas Auto Fund - Direct Plan - Growth performance | Baroda BNP Paribas Auto Fund - Direct Plan - Growth fund manager | Sectoral fund comparison | buy Baroda BNP Paribas Auto Fund - Direct Plan - Growth online | Baroda BNP Paribas Auto Fund - Direct Plan - Growth minimum investment | Sectoral fund returns India
Baroda BNP Paribas Manufacturing Fund - Regular Plan - Growth,Baroda BNP Paribas,Equity,INF251K01TM4,200216,10.8463,884.82,2.3,500,1000,14.29,2.59,1.54,4.15,Nifty India Manufacturing Total Return Index,Moderate,13.02,-0.08,56,Jitendra Sriram; Kushant Arora,2.0 years,Aims to provide capital appreciation by investing in Equity securities,Equity: 93.08% | T-Bills: 2.75% | Futures: 1.33%,Nil,Hitachi Energy India Ltd. (7.85%) | Divi's Laboratories Ltd. (5.95%) | Reliance Industries Ltd. (5.56%) | Bharat Heavy Electricals Ltd. (4.3%) | Sun Pharmaceutical Industries Ltd. (3.86%) | National Aluminium Company Ltd. (3.66%) | Mahindra & Mahindra Ltd. (3.15%) | TVS Motor Company Ltd. (2.84%) | Linde India Ltd. (2.75%) | Maruti Suzuki India Ltd. (2.71%),25-May-2026,03-Jul-2024,0%,LTCG 12.5% after 2 years for equity,999,Baroda BNP Paribas Manufacturing Fund - Regular Plan - Growt,"Detailed review and analysis of Baroda BNP Paribas Manufacturing Fund - Regular Plan - Growth (Equity). Compare returns, expenses, holdings and risks. Start inv",Baroda BNP Paribas Manufacturing Fund - Regular Plan - Growth | Baroda BNP Paribas Manufacturing Fund - Regular Plan - Growth review | Equity mutual fund | Equity fund in India | Baroda BNP Paribas Equity | best Equity funds | Baroda BNP Paribas Manufacturing Fund - Regular Plan - Growth NAV | Baroda BNP Paribas Manufacturing Fund - Regular Plan - Growth returns | Baroda BNP Paribas Manufacturing Fund - Regular Plan - Growth expense ratio | invest in Baroda BNP Paribas Manufacturing Fund - Regular Plan - Growth | Baroda BNP Paribas Manufacturing Fund - Regular Plan - Growth SIP | Equity investment 2025 | Baroda BNP Paribas Manufacturing Fund - Regular Plan - Growth vs Equity | top Equity funds India | Baroda BNP Paribas Manufacturing Fund - Regular Plan - Growth performance | Baroda BNP Paribas Manufacturing Fund - Regular Plan - Growth fund manager | Equity fund comparison | buy Baroda BNP Paribas Manufacturing Fund - Regular Plan - Growth online | Baroda BNP Paribas Manufacturing Fund - Regular Plan - Growth minimum investment | Equity fund returns India
Canara Robeco Large Cap Fund - Direct Plan - Growth,Canara Robeco,Large Cap,INF760K01FR2,200217,69.54,16542.19,0.83,500,1000,-3.79,12.5,11.73,13.95,BSE 100 Total Return Index,Very High,11.61,0.52,16,Shridatta Bhandwaldar; Vishal Mishra,9.9 years,Aims to provide capital appreciation by investing in Large Cap securities,Equity: 96.23% | Pref. Shares: 0.01%,Nil,HDFC Bank Ltd. (8.33%) | ICICI Bank Ltd. (7.71%) | Reliance Industries Ltd. (5.54%) | Bharti Airtel Ltd. (4.67%) | State Bank of India (4.5%) | Larsen & Toubro Ltd. (4.23%) | Infosys Ltd. (3.78%) | Axis Bank Ltd. (3.29%) | Mahindra & Mahindra Ltd. (3.04%) | Bajaj Finance Ltd. (2.99%),25-May-2026,02-Jan-2013,0%,LTCG 12.5% after 2 years for equity,999,Canara Robeco Large Cap Fund - Direct Plan - Growth - Canara,"Detailed review and analysis of Canara Robeco Large Cap Fund - Direct Plan - Growth (Large Cap). Compare returns, expenses, holdings and risks. Start investing ",Canara Robeco Large Cap Fund - Direct Plan - Growth | Canara Robeco Large Cap Fund - Direct Plan - Growth review | Large Cap mutual fund | Large Cap fund in India | Canara Robeco Large Cap | best Large Cap funds | Canara Robeco Large Cap Fund - Direct Plan - Growth NAV | Canara Robeco Large Cap Fund - Direct Plan - Growth returns | Canara Robeco Large Cap Fund - Direct Plan - Growth expense ratio | invest in Canara Robeco Large Cap Fund - Direct Plan - Growth | Canara Robeco Large Cap Fund - Direct Plan - Growth SIP | Large Cap investment 2025 | Canara Robeco Large Cap Fund - Direct Plan - Growth vs Large Cap | top Large Cap funds India | Canara Robeco Large Cap Fund - Direct Plan - Growth performance | Canara Robeco Large Cap Fund - Direct Plan - Growth fund manager | Large Cap fund comparison | buy Canara Robeco Large Cap Fund - Direct Plan - Growth online | Canara Robeco Large Cap Fund - Direct Plan - Growth minimum investment | Large Cap fund returns India
Canara Robeco Mid Cap Fund - Regular Plan - Growth,Canara Robeco,Mid Cap,INF760K01KL5,200218,17.52,4451.59,2.37,500,1000,-3.32,13.65,12.39,14.42,Nifty Midcap 150 TRI,Very High,14.90,0.48,45,Pranav Gokhale; Shridatta Bhandwaldar,3.5 years,Aims to provide capital appreciation by investing in Mid Cap securities,Equity: 96.94%,Nil,Bharat Heavy Electricals Ltd. (3.17%) | Bank of Maharashtra (2.75%) | One97 Communications Ltd. (2.52%) | The Federal Bank Ltd. (2.44%) | Multi Commodity Exchange Of India Ltd. (2.41%) | Indian Bank (2.37%) | Persistent Systems Ltd. (2.23%) | Max Financial Services Ltd. (2.15%) | The Phoenix Mills Ltd. (2.11%) | GE Vernova T&D India Ltd (2.07%),25-May-2026,03-Apr-2006,0%,LTCG 12.5% after 2 years for equity,999,Canara Robeco Mid Cap Fund - Regular Plan - Growth - Canara,"Detailed review and analysis of Canara Robeco Mid Cap Fund - Regular Plan - Growth (Mid Cap). Compare returns, expenses, holdings and risks. Start investing tod",Canara Robeco Mid Cap Fund - Regular Plan - Growth | Canara Robeco Mid Cap Fund - Regular Plan - Growth review | Mid Cap mutual fund | Mid Cap fund in India | Canara Robeco Mid Cap | best Mid Cap funds | Canara Robeco Mid Cap Fund - Regular Plan - Growth NAV | Canara Robeco Mid Cap Fund - Regular Plan - Growth returns | Canara Robeco Mid Cap Fund - Regular Plan - Growth expense ratio | invest in Canara Robeco Mid Cap Fund - Regular Plan - Growth | Canara Robeco Mid Cap Fund - Regular Plan - Growth SIP | Mid Cap investment 2025 | Canara Robeco Mid Cap Fund - Regular Plan - Growth vs Mid Cap | top Mid Cap funds India | Canara Robeco Mid Cap Fund - Regular Plan - Growth performance | Canara Robeco Mid Cap Fund - Regular Plan - Growth fund manager | Mid Cap fund comparison | buy Canara Robeco Mid Cap Fund - Regular Plan - Growth online | Canara Robeco Mid Cap Fund - Regular Plan - Growth minimum investment | Mid Cap fund returns India
Canara Robeco Small Cap Fund - Direct Plan - Growth,Canara Robeco,Small Cap,INF760K01JC6,200219,42.68,13276,1.24,500,1000,2.72,15.99,18.13,22.13,Nifty Smallcap 250 TRI,Very High,17.51,0.54,23,Pranav Gokhale; Shridatta Bhandwaldar,6.6 years,Aims to provide capital appreciation by investing in Small Cap securities,Equity: 97.06%,Nil,Multi Commodity Exchange Of India Ltd. (3.74%) | Kei Industries Ltd. (2.96%) | Amber Enterprises India Ltd. (2.88%) | GE Vernova T&D India Ltd (2.43%) | PNB Housing Finance Ltd. (2.32%) | JB Chemicals & Pharmaceuticals Ltd. (2.08%) | Karur Vysya Bank Ltd. (2.07%) | City Union Bank Ltd. (1.97%) | TBO Tek Ltd. (1.85%) | Affle 3I Ltd. (1.78%),25-May-2026,19-Feb-2019,0%,LTCG 12.5% after 2 years for equity,999,Canara Robeco Small Cap Fund - Direct Plan - Growth - Canara,"Detailed review and analysis of Canara Robeco Small Cap Fund - Direct Plan - Growth (Small Cap). Compare returns, expenses, holdings and risks. Start investing ",Canara Robeco Small Cap Fund - Direct Plan - Growth | Canara Robeco Small Cap Fund - Direct Plan - Growth review | Small Cap mutual fund | Small Cap fund in India | Canara Robeco Small Cap | best Small Cap funds | Canara Robeco Small Cap Fund - Direct Plan - Growth NAV | Canara Robeco Small Cap Fund - Direct Plan - Growth returns | Canara Robeco Small Cap Fund - Direct Plan - Growth expense ratio | invest in Canara Robeco Small Cap Fund - Direct Plan - Growth | Canara Robeco Small Cap Fund - Direct Plan - Growth SIP | Small Cap investment 2025 | Canara Robeco Small Cap Fund - Direct Plan - Growth vs Small Cap | top Small Cap funds India | Canara Robeco Small Cap Fund - Direct Plan - Growth performance | Canara Robeco Small Cap Fund - Direct Plan - Growth fund manager | Small Cap fund comparison | buy Canara Robeco Small Cap Fund - Direct Plan - Growth online | Canara Robeco Small Cap Fund - Direct Plan - Growth minimum investment | Small Cap fund returns India
Canara Robeco Multi Cap Fund - Regular Plan - Growth,Canara Robeco,Multi Cap,INF760K01KR2,200220,14.21,5229.32,2.03,500,1000,1,12.43,7.28,13.35,Nifty 500 Multicap 50:25:25 TRI,Very High,13.45,0.44,3,Shridatta Bhandwaldar; Vishal Mishra,2.9 years,Aims to provide capital appreciation by investing in Multi Cap securities,Equity: 95.44% | Pref. Shares: 0.01%,Nil,HDFC Bank Ltd. (4.57%) | ICICI Bank Ltd. (3.42%) | Bharti Airtel Ltd. (2.52%) | State Bank of India (2.39%) | Infosys Ltd. (2.11%) | Larsen & Toubro Ltd. (2.07%) | Reliance Industries Ltd. (2.01%) | Ajanta Pharma Ltd. (1.76%) | Eternal Ltd. (1.74%) | TBO Tek Ltd. (1.57%),25-May-2026,02-Aug-2023,0%,LTCG 12.5% after 2 years for equity,999,Canara Robeco Multi Cap Fund - Regular Plan - Growth - Canar,"Detailed review and analysis of Canara Robeco Multi Cap Fund - Regular Plan - Growth (Multi Cap). Compare returns, expenses, holdings and risks. Start investing",Canara Robeco Multi Cap Fund - Regular Plan - Growth | Canara Robeco Multi Cap Fund - Regular Plan - Growth review | Multi Cap mutual fund | Multi Cap fund in India | Canara Robeco Multi Cap | best Multi Cap funds | Canara Robeco Multi Cap Fund - Regular Plan - Growth NAV | Canara Robeco Multi Cap Fund - Regular Plan - Growth returns | Canara Robeco Multi Cap Fund - Regular Plan - Growth expense ratio | invest in Canara Robeco Multi Cap Fund - Regular Plan - Growth | Canara Robeco Multi Cap Fund - Regular Plan - Growth SIP | Multi Cap investment 2025 | Canara Robeco Multi Cap Fund - Regular Plan - Growth vs Multi Cap | top Multi Cap funds India | Canara Robeco Multi Cap Fund - Regular Plan - Growth performance | Canara Robeco Multi Cap Fund - Regular Plan - Growth fund manager | Multi Cap fund comparison | buy Canara Robeco Multi Cap Fund - Regular Plan - Growth online | Canara Robeco Multi Cap Fund - Regular Plan - Growth minimum investment | Multi Cap fund returns India
Canara Robeco Flexi Cap Fund - Direct Plan - Growth,Canara Robeco,Flexi Cap,Flexi Cap Fund,200221,374.09,12275.20,0.72,500,1000,0.43,13.71,12.63,14.05,Nifty 500 TRI,Very High,12.86,0.56,30,Shridatta Bhandwaldar,3.5 years,Aims to provide capital appreciation by investing in Flexi Cap securities,Equity: 95.00% | T-Bills: 5.00%,Nil,HDFC Bank Ltd. (8.2%) | ICICI Bank Ltd. (6.9%) | Infosys Ltd. (5.5%) | Reliance Industries Ltd. (5.1%) | Axis Bank Ltd. (4.2%) | Larsen & Toubro Ltd. (3.8%) | Tata Consultancy Services Ltd. (3.4%) | Bharti Airtel Ltd. (3.1%) | Sun Pharmaceutical Industries Ltd. (2.8%) | Kotak Mahindra Bank Ltd. (2.5%),25-May-2026,02-Jan-2013,0%,LTCG 12.5% after 2 years for equity,999,Canara Robeco Flexi Cap Fund - Direct Plan - Growth - Canara,"Detailed review and analysis of Canara Robeco Flexi Cap Fund - Direct Plan - Growth (Flexi Cap). Compare returns, expenses, holdings and risks. Start investing ",Canara Robeco Flexi Cap Fund - Direct Plan - Growth | Canara Robeco Flexi Cap Fund - Direct Plan - Growth review | Flexi Cap mutual fund | Flexi Cap fund in India | Canara Robeco Flexi Cap | best Flexi Cap funds | Canara Robeco Flexi Cap Fund - Direct Plan - Growth NAV | Canara Robeco Flexi Cap Fund - Direct Plan - Growth returns | Canara Robeco Flexi Cap Fund - Direct Plan - Growth expense ratio | invest in Canara Robeco Flexi Cap Fund - Direct Plan - Growth | Canara Robeco Flexi Cap Fund - Direct Plan - Growth SIP | Flexi Cap investment 2025 | Canara Robeco Flexi Cap Fund - Direct Plan - Growth vs Flexi Cap | top Flexi Cap funds India | Canara Robeco Flexi Cap Fund - Direct Plan - Growth performance | Canara Robeco Flexi Cap Fund - Direct Plan - Growth fund manager | Flexi Cap fund comparison | buy Canara Robeco Flexi Cap Fund - Direct Plan - Growth online | Canara Robeco Flexi Cap Fund - Direct Plan - Growth minimum investment | Flexi Cap fund returns India
Canara Robeco ELSS Tax Saver Fund - Regular Plan - Growth,Canara Robeco,ELSS,ELSS (Tax Saving),200222,134.992,8776.00,1.85,500,1000,-2.88,16.38,13.7,14.2,Nifty 500 TRI,Very High,13.80,0.72,26,Shridatta Bhandwaldar,3.5 years,Aims to provide capital appreciation by investing in ELSS securities,Equity: 96.00% | T-Bills: 4.00%,Nil,ICICI Bank Ltd. (8.5%) | HDFC Bank Ltd. (7.2%) | Infosys Ltd. (5.8%) | Reliance Industries Ltd. (5.2%) | Axis Bank Ltd. (4.9%) | Kotak Mahindra Bank Ltd. (4.3%) | Sun Pharmaceutical Industries Ltd. (3.9%) | Bharti Airtel Ltd. (3.5%) | Larsen & Toubro Ltd. (3.2%) | Tata Consultancy Services Ltd. (2.9%),25-May-2026,22-Jan-2007,0%,LTCG 12.5% after 2 years for equity,999,Canara Robeco ELSS Tax Saver Fund - Regular Plan - Growth -,"Detailed review and analysis of Canara Robeco ELSS Tax Saver Fund - Regular Plan - Growth (ELSS). Compare returns, expenses, holdings and risks. Start investing",Canara Robeco ELSS Tax Saver Fund - Regular Plan - Growth | Canara Robeco ELSS Tax Saver Fund - Regular Plan - Growth review | ELSS mutual fund | ELSS fund in India | Canara Robeco ELSS | best ELSS funds | Canara Robeco ELSS Tax Saver Fund - Regular Plan - Growth NAV | Canara Robeco ELSS Tax Saver Fund - Regular Plan - Growth returns | Canara Robeco ELSS Tax Saver Fund - Regular Plan - Growth expense ratio | invest in Canara Robeco ELSS Tax Saver Fund - Regular Plan - Growth | Canara Robeco ELSS Tax Saver Fund - Regular Plan - Growth SIP | ELSS investment 2025 | Canara Robeco ELSS Tax Saver Fund - Regular Plan - Growth vs ELSS | top ELSS funds India | Canara Robeco ELSS Tax Saver Fund - Regular Plan - Growth performance | Canara Robeco ELSS Tax Saver Fund - Regular Plan - Growth fund manager | ELSS fund comparison | buy Canara Robeco ELSS Tax Saver Fund - Regular Plan - Growth online | Canara Robeco ELSS Tax Saver Fund - Regular Plan - Growth minimum investment | ELSS fund returns India
Canara Robeco Liquid Fund - Direct Plan - Growth,Canara Robeco,Liquid Fund,Liquid Fund,200223,3337.3328,39528.00,0.12,500,1000,6.22,6.96,6.13,6.72,NIFTY Liquid Index,Low,0.11,4.18,223,Shridatta Bhandwaldar,3.5 years,Aims to provide capital appreciation by investing in Liquid Fund securities,T-Bills: 65.00% | CD: 20.00% | CP: 10.00% | Cash: 5.00%,Nil,State Bank of India CD (8.5%) | HDFC Bank CD (7.2%) | Reliance Industries T-Bills (6.8%) | ICICI Bank CP (5.9%) | 182-Day T-Bill (5.5%) | National Bank For Agriculture And Rural Development (5.2%) | 91-Day T-Bill (4.8%) | Kotak Mahindra Bank CD (4.5%) | Axis Bank CP (4.1%) | Power Finance Corporation (3.8%),25-May-2026,01-Jan-2013,0%,LTCG 12.5% after 2 years for equity,999,Canara Robeco Liquid Fund - Direct Plan - Growth - Canara Ro,"Detailed review and analysis of Canara Robeco Liquid Fund - Direct Plan - Growth (Liquid Fund). Compare returns, expenses, holdings and risks. Start investing t",Canara Robeco Liquid Fund - Direct Plan - Growth | Canara Robeco Liquid Fund - Direct Plan - Growth review | Liquid Fund mutual fund | Liquid Fund fund in India | Canara Robeco Liquid Fund | best Liquid Fund funds | Canara Robeco Liquid Fund - Direct Plan - Growth NAV | Canara Robeco Liquid Fund - Direct Plan - Growth returns | Canara Robeco Liquid Fund - Direct Plan - Growth expense ratio | invest in Canara Robeco Liquid Fund - Direct Plan - Growth | Canara Robeco Liquid Fund - Direct Plan - Growth SIP | Liquid Fund investment 2025 | Canara Robeco Liquid Fund - Direct Plan - Growth vs Liquid Fund | top Liquid Fund funds India | Canara Robeco Liquid Fund - Direct Plan - Growth performance | Canara Robeco Liquid Fund - Direct Plan - Growth fund manager | Liquid Fund fund comparison | buy Canara Robeco Liquid Fund - Direct Plan - Growth online | Canara Robeco Liquid Fund - Direct Plan - Growth minimum investment | Liquid Fund fund returns India
Canara Robeco Debt Fund - Regular Plan - Growth,Canara Robeco,Debt,Short Duration Fund,200224,15.0383,7033.60,1.05,500,1000,2.9,5.96,4.42,5.34,CRISIL Composite Bond Fund Index,Moderate,2.94,-0.24,141,Shridatta Bhandwaldar,3.5 years,Aims to provide capital appreciation by investing in Debt securities,Debenture: 40.00% | SDL: 30.00% | T-Bills: 20.00% | GOI Sec: 10.00%,Nil,National Bank For Agriculture And Rural Development (5.8%) | Power Finance Corporation Ltd. (5.2%) | Rural Electrification Corporation Ltd. (4.9%) | 7.26% GOI 2032 (4.5%) | State Bank of India (4.1%) | National Highways Authority of India (3.8%) | Housing Development Finance Corporation Ltd. (3.5%) | Indian Railway Finance Corporation Ltd. (3.2%) | HDFC Bank Ltd. (2.9%) | Bajaj Finance Ltd. (2.5%),25-May-2026,12-Jul-2010,0%,LTCG 12.5% after 2 years for equity,999,Canara Robeco Debt Fund - Regular Plan - Growth - Canara Rob,"Detailed review and analysis of Canara Robeco Debt Fund - Regular Plan - Growth (Debt). Compare returns, expenses, holdings and risks. Start investing today.",Canara Robeco Debt Fund - Regular Plan - Growth | Canara Robeco Debt Fund - Regular Plan - Growth review | Debt mutual fund | Debt fund in India | Canara Robeco Debt | best Debt funds | Canara Robeco Debt Fund - Regular Plan - Growth NAV | Canara Robeco Debt Fund - Regular Plan - Growth returns | Canara Robeco Debt Fund - Regular Plan - Growth expense ratio | invest in Canara Robeco Debt Fund - Regular Plan - Growth | Canara Robeco Debt Fund - Regular Plan - Growth SIP | Debt investment 2025 | Canara Robeco Debt Fund - Regular Plan - Growth vs Debt | top Debt funds India | Canara Robeco Debt Fund - Regular Plan - Growth performance | Canara Robeco Debt Fund - Regular Plan - Growth fund manager | Debt fund comparison | buy Canara Robeco Debt Fund - Regular Plan - Growth online | Canara Robeco Debt Fund - Regular Plan - Growth minimum investment | Debt fund returns India
Canara Robeco Banking Fund - Direct Plan - Growth,Canara Robeco,Banking,Sectoral - Banking & Financial Services,200225,10.37,6160.00,0.92,500,1000,3.22,6.28,4.66,,Nifty Bank TRI,Very High,15.80,0.13,41,Shridatta Bhandwaldar,3.5 years,Aims to provide capital appreciation by investing in Banking securities,Equity: 97.00% | T-Bills: 3.00%,Nil,HDFC Bank Ltd. (22.5%) | ICICI Bank Ltd. (19.8%) | State Bank of India (12.4%) | Axis Bank Ltd. (10.8%) | Kotak Mahindra Bank Ltd. (8.5%) | Bank of Baroda (5.2%) | IndusInd Bank Ltd. (4.8%) | Federal Bank Ltd. (3.9%) | AU Small Finance Bank Ltd. (3.5%) | Punjab National Bank (2.8%),25-May-2026,23-Mar-2026,0%,LTCG 12.5% after 2 years for equity,999,Canara Robeco Banking Fund - Direct Plan - Growth - Canara R,"Detailed review and analysis of Canara Robeco Banking Fund - Direct Plan - Growth (Banking). Compare returns, expenses, holdings and risks. Start investing toda",Canara Robeco Banking Fund - Direct Plan - Growth | Canara Robeco Banking Fund - Direct Plan - Growth review | Banking mutual fund | Banking fund in India | Canara Robeco Banking | best Banking funds | Canara Robeco Banking Fund - Direct Plan - Growth NAV | Canara Robeco Banking Fund - Direct Plan - Growth returns | Canara Robeco Banking Fund - Direct Plan - Growth expense ratio | invest in Canara Robeco Banking Fund - Direct Plan - Growth | Canara Robeco Banking Fund - Direct Plan - Growth SIP | Banking investment 2025 | Canara Robeco Banking Fund - Direct Plan - Growth vs Banking | top Banking funds India | Canara Robeco Banking Fund - Direct Plan - Growth performance | Canara Robeco Banking Fund - Direct Plan - Growth fund manager | Banking fund comparison | buy Canara Robeco Banking Fund - Direct Plan - Growth online | Canara Robeco Banking Fund - Direct Plan - Growth minimum investment | Banking fund returns India
Canara Robeco Technology Fund - Regular Plan - Growth,Canara Robeco,Technology,Sectoral - Technology,200226,15.0383,7927.20,1.98,500,1000,-2.18,4.81,4.46,5.34,Nifty IT TRI,Very High,18.36,-0.35,48,Shridatta Bhandwaldar,3.5 years,Aims to provide capital appreciation by investing in Technology securities,Equity: 91.00% | Forgn. Eq: 6.00% | T-Bills: 3.00%,Nil,Infosys Ltd. (18.5%) | Tata Consultancy Services Ltd. (15.2%) | Bharti Airtel Ltd. (12.4%) | HCL Technologies Ltd. (9.8%) | Wipro Ltd. (7.5%) | Tech Mahindra Ltd. (6.2%) | Coforge Ltd. (4.8%) | Mphasis Ltd. (4.2%) | Persistent Systems Ltd. (3.9%) | LTIMindtree Ltd. (3.5%),25-May-2026,12-Jul-2010,0%,LTCG 12.5% after 2 years for equity,999,Canara Robeco Technology Fund - Regular Plan - Growth - Cana,"Detailed review and analysis of Canara Robeco Technology Fund - Regular Plan - Growth (Technology). Compare returns, expenses, holdings and risks. Start investi",Canara Robeco Technology Fund - Regular Plan - Growth | Canara Robeco Technology Fund - Regular Plan - Growth review | Technology mutual fund | Technology fund in India | Canara Robeco Technology | best Technology funds | Canara Robeco Technology Fund - Regular Plan - Growth NAV | Canara Robeco Technology Fund - Regular Plan - Growth returns | Canara Robeco Technology Fund - Regular Plan - Growth expense ratio | invest in Canara Robeco Technology Fund - Regular Plan - Growth | Canara Robeco Technology Fund - Regular Plan - Growth SIP | Technology investment 2025 | Canara Robeco Technology Fund - Regular Plan - Growth vs Technology | top Technology funds India | Canara Robeco Technology Fund - Regular Plan - Growth performance | Canara Robeco Technology Fund - Regular Plan - Growth fund manager | Technology fund comparison | buy Canara Robeco Technology Fund - Regular Plan - Growth online | Canara Robeco Technology Fund - Regular Plan - Growth minimum investment | Technology fund returns India
Canara Robeco Infrastructure Fund - Direct Plan - Growth,Canara Robeco,Thematic,INF760K01FO9,200227,192.12,988.78,1.35,500,1000,9.1,25.88,24.19,17.18,Nifty Infrastructure TRI,Very High,15.51,1.25,25,Shridatta Bhandwaldar; Vishal Mishra,7.6 years,Aims to provide capital appreciation by investing in Thematic securities,Equity: 95.76%,Nil,Larsen & Toubro Ltd. (9.45%) | Reliance Industries Ltd. (4.54%) | CG Power and Industrial Solutions Ltd. (4.32%) | NTPC Ltd. (4.31%) | State Bank of India (4.18%) | Tata Power Company Ltd. (3.91%) | Bharat Electronics Ltd. (3.79%) | Cummins India Ltd. (3.12%) | Bharti Airtel Ltd. (3.08%) | Power Grid Corporation Of India Ltd. (3.0%),25-May-2026,02-Jan-2013,0%,LTCG 12.5% after 2 years for equity,999,Canara Robeco Infrastructure Fund - Direct Plan - Growth - C,"Detailed review and analysis of Canara Robeco Infrastructure Fund - Direct Plan - Growth (Thematic). Compare returns, expenses, holdings and risks. Start invest",Canara Robeco Infrastructure Fund - Direct Plan - Growth | Canara Robeco Infrastructure Fund - Direct Plan - Growth review | Thematic mutual fund | Thematic fund in India | Canara Robeco Thematic | best Thematic funds | Canara Robeco Infrastructure Fund - Direct Plan - Growth NAV | Canara Robeco Infrastructure Fund - Direct Plan - Growth returns | Canara Robeco Infrastructure Fund - Direct Plan - Growth expense ratio | invest in Canara Robeco Infrastructure Fund - Direct Plan - Growth | Canara Robeco Infrastructure Fund - Direct Plan - Growth SIP | Thematic investment 2025 | Canara Robeco Infrastructure Fund - Direct Plan - Growth vs Thematic | top Thematic funds India | Canara Robeco Infrastructure Fund - Direct Plan - Growth performance | Canara Robeco Infrastructure Fund - Direct Plan - Growth fund manager | Thematic fund comparison | buy Canara Robeco Infrastructure Fund - Direct Plan - Growth online | Canara Robeco Infrastructure Fund - Direct Plan - Growth minimum investment | Thematic fund returns India
Canara Robeco Dividend Fund - Regular Plan - Growth,Canara Robeco,Thematic,Thematic - Dividend Yield,200228,15.0383,4853.20,1.92,500,1000,0,0,0,5.34,Nifty Dividend Opportunities 50 TRI,Moderate,15.54,0.58,42,Shridatta Bhandwaldar,3.5 years,Aims to provide capital appreciation by investing in Thematic securities,Equity: 95.00% | T-Bills: 5.00%,Nil,HDFC Bank Ltd. (5.8%) | ICICI Bank Ltd. (5.2%) | Larsen & Toubro Ltd. (4.9%) | Reliance Industries Ltd. (4.5%) | Infosys Ltd. (4.1%) | Bharti Airtel Ltd. (3.8%) | Axis Bank Ltd. (3.5%) | State Bank of India (3.2%) | Tata Motors Ltd. (2.9%) | Adani Ports & SEZ Ltd. (2.6%),25-May-2026,12-Jul-2010,0%,LTCG 12.5% after 2 years for equity,999,Canara Robeco Dividend Fund - Regular Plan - Growth - Canara,"Detailed review and analysis of Canara Robeco Dividend Fund - Regular Plan - Growth (Thematic). Compare returns, expenses, holdings and risks. Start investing t",Canara Robeco Dividend Fund - Regular Plan - Growth | Canara Robeco Dividend Fund - Regular Plan - Growth review | Thematic mutual fund | Thematic fund in India | Canara Robeco Thematic | best Thematic funds | Canara Robeco Dividend Fund - Regular Plan - Growth NAV | Canara Robeco Dividend Fund - Regular Plan - Growth returns | Canara Robeco Dividend Fund - Regular Plan - Growth expense ratio | invest in Canara Robeco Dividend Fund - Regular Plan - Growth | Canara Robeco Dividend Fund - Regular Plan - Growth SIP | Thematic investment 2025 | Canara Robeco Dividend Fund - Regular Plan - Growth vs Thematic | top Thematic funds India | Canara Robeco Dividend Fund - Regular Plan - Growth performance | Canara Robeco Dividend Fund - Regular Plan - Growth fund manager | Thematic fund comparison | buy Canara Robeco Dividend Fund - Regular Plan - Growth online | Canara Robeco Dividend Fund - Regular Plan - Growth minimum investment | Thematic fund returns India
Canara Robeco Balanced Advantage Fund - Direct Plan - Growth,Canara Robeco,Balanced Hybrid,INF760K01LD0,200229,10.21,1165.34,1.65,500,1000,-0.87,0.73,0.44,1.22,Nifty 50 Hybrid Composite Debt 65:35 Index,Moderately High,8.82,-0.52,7,Amit Kadam; Avnish Jain; Ennette Fernandes; Pranav Gokhale; Suman Prasad,1.9 years,Aims to provide capital appreciation by investing in Balanced Hybrid securities,Equity: 73.42% | Debenture: 12.82% | GOI Sec: 5.46% | T-Bills: 3.78% | Pref. Shares: 0.02% | Futures: -7.4%,Nil,HDFC Bank Ltd. (6.86%) | Reliance Industries Ltd. (5.51%) | ICICI Bank Ltd. (4.23%) | Larsen & Toubro Ltd. (3.57%) | State Bank of India (3.25%) | Bharti Airtel Ltd. (3.18%) | Power Finance Corporation Ltd. (2.68%) | Axis Bank Ltd. (2.52%) | Infosys Ltd. (2.26%) | Bajaj Finance Ltd. (2.15%),25-May-2026,06-Aug-2024,0%,LTCG 12.5% after 2 years for equity,999,Canara Robeco Balanced Advantage Fund - Direct Plan - Growth,"Detailed review and analysis of Canara Robeco Balanced Advantage Fund - Direct Plan - Growth (Balanced Hybrid). Compare returns, expenses, holdings and risks. S",Canara Robeco Balanced Advantage Fund - Direct Plan - Growth | Canara Robeco Balanced Advantage Fund - Direct Plan - Growth review | Balanced Hybrid mutual fund | Balanced Hybrid fund in India | Canara Robeco Balanced Hybrid | best Balanced Hybrid funds | Canara Robeco Balanced Advantage Fund - Direct Plan - Growth NAV | Canara Robeco Balanced Advantage Fund - Direct Plan - Growth returns | Canara Robeco Balanced Advantage Fund - Direct Plan - Growth expense ratio | invest in Canara Robeco Balanced Advantage Fund - Direct Plan - Growth | Canara Robeco Balanced Advantage Fund - Direct Plan - Growth SIP | Balanced Hybrid investment 2025 | Canara Robeco Balanced Advantage Fund - Direct Plan - Growth vs Balanced Hybrid | top Balanced Hybrid funds India | Canara Robeco Balanced Advantage Fund - Direct Plan - Growth performance | Canara Robeco Balanced Advantage Fund - Direct Plan - Growth fund manager | Balanced Hybrid fund comparison | buy Canara Robeco Balanced Advantage Fund - Direct Plan - Growth online | Canara Robeco Balanced Advantage Fund - Direct Plan - Growth minimum investment | Balanced Hybrid fund returns India
Canara Robeco International Fund - Regular Plan - Growth,Canara Robeco,International,Fund of Funds - Overseas,200230,15.0383,3094.00,2.05,500,1000,-2.18,4.81,4.46,5.34,MSCI World Index,Very High,14.16,-0.35,17,Shridatta Bhandwaldar,3.5 years,Aims to provide capital appreciation by investing in International securities,Forgn. Eq: 95.00% | Cash & Equivalents: 5.00%,Nil,Apple Inc. (8.5%) | Microsoft Corp. (7.8%) | Alphabet Inc Class A (6.9%) | Amazon.com Inc. (5.2%) | NVIDIA Corp. (4.8%) | Meta Platforms Inc. (4.2%) | Tesla Inc. (3.9%) | Berkshire Hathaway Inc. (3.5%) | UnitedHealth Group Inc. (3.1%) | Johnson & Johnson (2.8%),25-May-2026,12-Jul-2010,0%,LTCG 12.5% after 2 years for equity,999,Canara Robeco International Fund - Regular Plan - Growth - C,"Detailed review and analysis of Canara Robeco International Fund - Regular Plan - Growth (International). Compare returns, expenses, holdings and risks. Start i",Canara Robeco International Fund - Regular Plan - Growth | Canara Robeco International Fund - Regular Plan - Growth review | International mutual fund | International fund in India | Canara Robeco International | best International funds | Canara Robeco International Fund - Regular Plan - Growth NAV | Canara Robeco International Fund - Regular Plan - Growth returns | Canara Robeco International Fund - Regular Plan - Growth expense ratio | invest in Canara Robeco International Fund - Regular Plan - Growth | Canara Robeco International Fund - Regular Plan - Growth SIP | International investment 2025 | Canara Robeco International Fund - Regular Plan - Growth vs International | top International funds India | Canara Robeco International Fund - Regular Plan - Growth performance | Canara Robeco International Fund - Regular Plan - Growth fund manager | International fund comparison | buy Canara Robeco International Fund - Regular Plan - Growth online | Canara Robeco International Fund - Regular Plan - Growth minimum investment | International fund returns India
Canara Robeco Energy Fund - Direct Plan - Growth,Canara Robeco,Equity,Focused Fund,200231,15.5892,10617.60,0.75,500,1000,9.1,26.2,24.23,3.52,Nifty 500 TRI,Moderate,13.36,1.11,34,Shridatta Bhandwaldar,3.5 years,Aims to provide capital appreciation by investing in Equity securities,Equity: 97.00% | T-Bills: 3.00%,Nil,HDFC Bank Ltd. (8.8%) | ICICI Bank Ltd. (7.5%) | Reliance Industries Ltd. (6.2%) | Infosys Ltd. (5.8%) | Axis Bank Ltd. (5.1%) | Larsen & Toubro Ltd. (4.5%) | Bharti Airtel Ltd. (4.1%) | Sun Pharmaceutical Industries Ltd. (3.8%) | Tata Consultancy Services Ltd. (3.5%) | State Bank of India (3.2%),25-May-2026,02-Jan-2013,0%,LTCG 12.5% after 2 years for equity,999,Canara Robeco Energy Fund - Direct Plan - Growth - Canara Ro,"Detailed review and analysis of Canara Robeco Energy Fund - Direct Plan - Growth (Equity). Compare returns, expenses, holdings and risks. Start investing today.",Canara Robeco Energy Fund - Direct Plan - Growth | Canara Robeco Energy Fund - Direct Plan - Growth review | Equity mutual fund | Equity fund in India | Canara Robeco Equity | best Equity funds | Canara Robeco Energy Fund - Direct Plan - Growth NAV | Canara Robeco Energy Fund - Direct Plan - Growth returns | Canara Robeco Energy Fund - Direct Plan - Growth expense ratio | invest in Canara Robeco Energy Fund - Direct Plan - Growth | Canara Robeco Energy Fund - Direct Plan - Growth SIP | Equity investment 2025 | Canara Robeco Energy Fund - Direct Plan - Growth vs Equity | top Equity funds India | Canara Robeco Energy Fund - Direct Plan - Growth performance | Canara Robeco Energy Fund - Direct Plan - Growth fund manager | Equity fund comparison | buy Canara Robeco Energy Fund - Direct Plan - Growth online | Canara Robeco Energy Fund - Direct Plan - Growth minimum investment | Equity fund returns India
Canara Robeco Pharma Fund - Regular Plan - Growth,Canara Robeco,Pharma,Sectoral - Pharma & Healthcare,200232,19.4673,4428.00,1.95,500,1000,-2.18,4.81,4.46,7.56,Nifty Pharma TRI,Very High,15.26,-0.35,47,Shridatta Bhandwaldar,3.5 years,Aims to provide capital appreciation by investing in Pharma securities,Equity: 96.00% | T-Bills: 4.00%,Nil,Sun Pharmaceutical Industries Ltd. (20.5%) | Dr. Reddy's Laboratories Ltd. (12.8%) | Cipla Ltd. (10.4%) | Divi's Laboratories Ltd. (9.8%) | Torrent Pharmaceuticals Ltd. (7.2%) | Aurobindo Pharma Ltd. (5.8%) | Alkem Laboratories Ltd. (5.2%) | Lupin Ltd. (4.9%) | Ipca Laboratories Ltd. (3.8%) | Mankind Pharma Ltd. (3.5%),25-May-2026,01-Apr-2009,0%,LTCG 12.5% after 2 years for equity,999,Canara Robeco Pharma Fund - Regular Plan - Growth - Canara R,"Detailed review and analysis of Canara Robeco Pharma Fund - Regular Plan - Growth (Pharma). Compare returns, expenses, holdings and risks. Start investing today",Canara Robeco Pharma Fund - Regular Plan - Growth | Canara Robeco Pharma Fund - Regular Plan - Growth review | Pharma mutual fund | Pharma fund in India | Canara Robeco Pharma | best Pharma funds | Canara Robeco Pharma Fund - Regular Plan - Growth NAV | Canara Robeco Pharma Fund - Regular Plan - Growth returns | Canara Robeco Pharma Fund - Regular Plan - Growth expense ratio | invest in Canara Robeco Pharma Fund - Regular Plan - Growth | Canara Robeco Pharma Fund - Regular Plan - Growth SIP | Pharma investment 2025 | Canara Robeco Pharma Fund - Regular Plan - Growth vs Pharma | top Pharma funds India | Canara Robeco Pharma Fund - Regular Plan - Growth performance | Canara Robeco Pharma Fund - Regular Plan - Growth fund manager | Pharma fund comparison | buy Canara Robeco Pharma Fund - Regular Plan - Growth online | Canara Robeco Pharma Fund - Regular Plan - Growth minimum investment | Pharma fund returns India
Canara Robeco Auto Fund - Direct Plan - Growth,Canara Robeco,Sectoral,Sectoral - Automotive,200233,15.5892,3988.80,0.98,500,1000,9.1,26.2,24.23,3.52,Nifty Auto TRI,Moderate,16.91,1.11,53,Shridatta Bhandwaldar,3.5 years,Aims to provide capital appreciation by investing in Sectoral securities,Equity: 96.00% | T-Bills: 4.00%,Nil,HDFC Bank Ltd. (8.5%) | ICICI Bank Ltd. (7.2%) | State Bank of India (5.8%) | Axis Bank Ltd. (5.2%) | Kotak Mahindra Bank Ltd. (4.9%) | IndusInd Bank Ltd. (4.5%) | Infosys Ltd. (4.1%) | TCS Ltd. (3.8%) | Bharti Airtel Ltd. (3.5%) | Reliance Industries Ltd. (3.2%),25-May-2026,02-Jan-2013,0%,LTCG 12.5% after 2 years for equity,999,Canara Robeco Auto Fund - Direct Plan - Growth - Canara Robe,"Detailed review and analysis of Canara Robeco Auto Fund - Direct Plan - Growth (Sectoral). Compare returns, expenses, holdings and risks. Start investing today.",Canara Robeco Auto Fund - Direct Plan - Growth | Canara Robeco Auto Fund - Direct Plan - Growth review | Sectoral mutual fund | Sectoral fund in India | Canara Robeco Sectoral | best Sectoral funds | Canara Robeco Auto Fund - Direct Plan - Growth NAV | Canara Robeco Auto Fund - Direct Plan - Growth returns | Canara Robeco Auto Fund - Direct Plan - Growth expense ratio | invest in Canara Robeco Auto Fund - Direct Plan - Growth | Canara Robeco Auto Fund - Direct Plan - Growth SIP | Sectoral investment 2025 | Canara Robeco Auto Fund - Direct Plan - Growth vs Sectoral | top Sectoral funds India | Canara Robeco Auto Fund - Direct Plan - Growth performance | Canara Robeco Auto Fund - Direct Plan - Growth fund manager | Sectoral fund comparison | buy Canara Robeco Auto Fund - Direct Plan - Growth online | Canara Robeco Auto Fund - Direct Plan - Growth minimum investment | Sectoral fund returns India
Canara Robeco Manufacturing Fund - Regular Plan - Growth,Canara Robeco,Equity,INF760K01KU6,200234,13.27,1608.67,2.09,500,1000,10.4,10.41,6.12,14.56,Nifty India Manufacturing Total Return Index,Moderate,13.43,0.51,3,Pranav Gokhale; Shridatta Bhandwaldar,2.3 years,Aims to provide capital appreciation by investing in Equity securities,Equity: 97.63%,Nil,Mahindra & Mahindra Ltd. (5.62%) | Bharat Electronics Ltd. (5.27%) | Tata Steel Ltd. (4.23%) | GE Vernova T&D India Ltd (3.97%) | Maruti Suzuki India Ltd. (3.96%) | Bharat Heavy Electricals Ltd. (3.48%) | Bajaj Auto Ltd. (3.18%) | Solar Industries India Ltd. (3.18%) | Hindustan Aeronautics Ltd. (3.11%) | Polycab India Ltd. (2.79%),25-May-2026,15-Mar-2024,0%,LTCG 12.5% after 2 years for equity,999,Canara Robeco Manufacturing Fund - Regular Plan - Growth - C,"Detailed review and analysis of Canara Robeco Manufacturing Fund - Regular Plan - Growth (Equity). Compare returns, expenses, holdings and risks. Start investin",Canara Robeco Manufacturing Fund - Regular Plan - Growth | Canara Robeco Manufacturing Fund - Regular Plan - Growth review | Equity mutual fund | Equity fund in India | Canara Robeco Equity | best Equity funds | Canara Robeco Manufacturing Fund - Regular Plan - Growth NAV | Canara Robeco Manufacturing Fund - Regular Plan - Growth returns | Canara Robeco Manufacturing Fund - Regular Plan - Growth expense ratio | invest in Canara Robeco Manufacturing Fund - Regular Plan - Growth | Canara Robeco Manufacturing Fund - Regular Plan - Growth SIP | Equity investment 2025 | Canara Robeco Manufacturing Fund - Regular Plan - Growth vs Equity | top Equity funds India | Canara Robeco Manufacturing Fund - Regular Plan - Growth performance | Canara Robeco Manufacturing Fund - Regular Plan - Growth fund manager | Equity fund comparison | buy Canara Robeco Manufacturing Fund - Regular Plan - Growth online | Canara Robeco Manufacturing Fund - Regular Plan - Growth minimum investment | Equity fund returns India
LIC Mutual Fund Large Cap Fund - Direct Plan - Growth,LIC Mutual Fund,Large Cap,Large Cap Fund,200235,497.217,22200.00,0.52,500,1000,-4.02,14.7,12.03,11.65,Nifty 50,Very High,11.93,0.69,22,Yogesh Patil,3.5 years,Aims to provide capital appreciation by investing in Large Cap securities,Equity: 96.00% | T-Bills: 4.00%,Nil,HDFC Bank Ltd. (8.5%) | ICICI Bank Ltd. (7.8%) | Reliance Industries Ltd. (6.9%) | Infosys Ltd. (5.2%) | Larsen & Toubro Ltd. (4.8%) | Axis Bank Ltd. (3.9%) | Tata Consultancy Services Ltd. (3.7%) | Bharti Airtel Ltd. (3.4%) | State Bank of India (3.1%) | ITC Ltd. (2.8%),25-May-2026,02-Jan-2013,0%,LTCG 12.5% after 2 years for equity,999,LIC Mutual Fund Large Cap Fund - Direct Plan - Growth - LIC,"Detailed review and analysis of LIC Mutual Fund Large Cap Fund - Direct Plan - Growth (Large Cap). Compare returns, expenses, holdings and risks. Start investin",LIC Mutual Fund Large Cap Fund - Direct Plan - Growth | LIC Mutual Fund Large Cap Fund - Direct Plan - Growth review | Large Cap mutual fund | Large Cap fund in India | LIC Mutual Fund Large Cap | best Large Cap funds | LIC Mutual Fund Large Cap Fund - Direct Plan - Growth NAV | LIC Mutual Fund Large Cap Fund - Direct Plan - Growth returns | LIC Mutual Fund Large Cap Fund - Direct Plan - Growth expense ratio | invest in LIC Mutual Fund Large Cap Fund - Direct Plan - Growth | LIC Mutual Fund Large Cap Fund - Direct Plan - Growth SIP | Large Cap investment 2025 | LIC Mutual Fund Large Cap Fund - Direct Plan - Growth vs Large Cap | top Large Cap funds India | LIC Mutual Fund Large Cap Fund - Direct Plan - Growth performance | LIC Mutual Fund Large Cap Fund - Direct Plan - Growth fund manager | Large Cap fund comparison | buy LIC Mutual Fund Large Cap Fund - Direct Plan - Growth online | LIC Mutual Fund Large Cap Fund - Direct Plan - Growth minimum investment | Large Cap fund returns India
LIC Mutual Fund Mid Cap Fund - Regular Plan - Growth,LIC Mutual Fund,Mid Cap,Mid Cap Fund,200236,9.4547,13332.00,1.75,500,1000,2.22,14.86,8.67,-4.81,Nifty Midcap 150 TRI,Very High,15.41,0.6,31,Yogesh Patil,3.5 years,Aims to provide capital appreciation by investing in Mid Cap securities,Equity: 94.00% | T-Bills: 6.00%,Nil,Voltas Ltd. (3.8%) | Mphasis Ltd. (3.5%) | Coforge Ltd. (3.2%) | Sundram Fasteners Ltd. (2.9%) | Persistent Systems Ltd. (2.7%) | Zydus Lifesciences Ltd. (2.5%) | Crompton Greaves Consumer Electricals Ltd. (2.4%) | Oberoi Realty Ltd. (2.2%) | Tube Investments of India Ltd. (2.1%) | Emami Ltd. (2.0%),25-May-2026,29-Sep-2021,0%,LTCG 12.5% after 2 years for equity,999,LIC Mutual Fund Mid Cap Fund - Regular Plan - Growth - LIC M,"Detailed review and analysis of LIC Mutual Fund Mid Cap Fund - Regular Plan - Growth (Mid Cap). Compare returns, expenses, holdings and risks. Start investing t",LIC Mutual Fund Mid Cap Fund - Regular Plan - Growth | LIC Mutual Fund Mid Cap Fund - Regular Plan - Growth review | Mid Cap mutual fund | Mid Cap fund in India | LIC Mutual Fund Mid Cap | best Mid Cap funds | LIC Mutual Fund Mid Cap Fund - Regular Plan - Growth NAV | LIC Mutual Fund Mid Cap Fund - Regular Plan - Growth returns | LIC Mutual Fund Mid Cap Fund - Regular Plan - Growth expense ratio | invest in LIC Mutual Fund Mid Cap Fund - Regular Plan - Growth | LIC Mutual Fund Mid Cap Fund - Regular Plan - Growth SIP | Mid Cap investment 2025 | LIC Mutual Fund Mid Cap Fund - Regular Plan - Growth vs Mid Cap | top Mid Cap funds India | LIC Mutual Fund Mid Cap Fund - Regular Plan - Growth performance | LIC Mutual Fund Mid Cap Fund - Regular Plan - Growth fund manager | Mid Cap fund comparison | buy LIC Mutual Fund Mid Cap Fund - Regular Plan - Growth online | LIC Mutual Fund Mid Cap Fund - Regular Plan - Growth minimum investment | Mid Cap fund returns India
LIC Mutual Fund Small Cap Fund - Direct Plan - Growth,LIC Mutual Fund,Small Cap,Small Cap Fund,200237,226.029,10675.20,0.82,500,1000,9.07,20.44,18.91,20.97,Nifty Smallcap 250 TRI,Very High,18.08,0.77,25,Yogesh Patil,3.5 years,Aims to provide capital appreciation by investing in Small Cap securities,Equity: 91.00% | Cash & Equivalents: 9.00%,Nil,Aarti Drugs Ltd. (3.2%) | Hatsun Agro Product Ltd. (2.9%) | National Aluminium Company Ltd. (2.7%) | VST Tillers Tractors Ltd. (2.5%) | Repco Home Finance Ltd. (2.3%) | RACL Geartech Ltd. (2.1%) | Neuland Laboratories Ltd. (2.0%) | Mold-Tek Packaging Ltd. (1.9%) | NIIT Learning Systems Ltd. (1.8%) | Nuvama Wealth Management Ltd. (1.7%),25-May-2026,02-Jan-2013,0%,LTCG 12.5% after 2 years for equity,999,LIC Mutual Fund Small Cap Fund - Direct Plan - Growth - LIC,"Detailed review and analysis of LIC Mutual Fund Small Cap Fund - Direct Plan - Growth (Small Cap). Compare returns, expenses, holdings and risks. Start investin",LIC Mutual Fund Small Cap Fund - Direct Plan - Growth | LIC Mutual Fund Small Cap Fund - Direct Plan - Growth review | Small Cap mutual fund | Small Cap fund in India | LIC Mutual Fund Small Cap | best Small Cap funds | LIC Mutual Fund Small Cap Fund - Direct Plan - Growth NAV | LIC Mutual Fund Small Cap Fund - Direct Plan - Growth returns | LIC Mutual Fund Small Cap Fund - Direct Plan - Growth expense ratio | invest in LIC Mutual Fund Small Cap Fund - Direct Plan - Growth | LIC Mutual Fund Small Cap Fund - Direct Plan - Growth SIP | Small Cap investment 2025 | LIC Mutual Fund Small Cap Fund - Direct Plan - Growth vs Small Cap | top Small Cap funds India | LIC Mutual Fund Small Cap Fund - Direct Plan - Growth performance | LIC Mutual Fund Small Cap Fund - Direct Plan - Growth fund manager | Small Cap fund comparison | buy LIC Mutual Fund Small Cap Fund - Direct Plan - Growth online | LIC Mutual Fund Small Cap Fund - Direct Plan - Growth minimum investment | Small Cap fund returns India
LIC Mutual Fund Multi Cap Fund - Regular Plan - Growth,LIC Mutual Fund,Multi Cap,Multi Cap Fund,200238,19.0138,16027.20,1.68,500,1000,5.23,20.86,11.46,21.47,Nifty 500 Multicap 50:25:25 TRI,Very High,13.90,1.03,38,Yogesh Patil,3.5 years,Aims to provide capital appreciation by investing in Multi Cap securities,Equity: 97.00% | T-Bills: 3.00%,Nil,HDFC Bank Ltd. (6.5%) | ICICI Bank Ltd. (5.8%) | Reliance Industries Ltd. (4.9%) | Infosys Ltd. (4.2%) | Axis Bank Ltd. (3.6%) | Larsen & Toubro Ltd. (3.2%) | Tata Consultancy Services Ltd. (2.9%) | Bharti Airtel Ltd. (2.7%) | State Bank of India (2.4%) | Sun Pharmaceutical Industries Ltd. (2.2%),25-May-2026,03-Feb-2023,0%,LTCG 12.5% after 2 years for equity,999,LIC Mutual Fund Multi Cap Fund - Regular Plan - Growth - LIC,"Detailed review and analysis of LIC Mutual Fund Multi Cap Fund - Regular Plan - Growth (Multi Cap). Compare returns, expenses, holdings and risks. Start investi",LIC Mutual Fund Multi Cap Fund - Regular Plan - Growth | LIC Mutual Fund Multi Cap Fund - Regular Plan - Growth review | Multi Cap mutual fund | Multi Cap fund in India | LIC Mutual Fund Multi Cap | best Multi Cap funds | LIC Mutual Fund Multi Cap Fund - Regular Plan - Growth NAV | LIC Mutual Fund Multi Cap Fund - Regular Plan - Growth returns | LIC Mutual Fund Multi Cap Fund - Regular Plan - Growth expense ratio | invest in LIC Mutual Fund Multi Cap Fund - Regular Plan - Growth | LIC Mutual Fund Multi Cap Fund - Regular Plan - Growth SIP | Multi Cap investment 2025 | LIC Mutual Fund Multi Cap Fund - Regular Plan - Growth vs Multi Cap | top Multi Cap funds India | LIC Mutual Fund Multi Cap Fund - Regular Plan - Growth performance | LIC Mutual Fund Multi Cap Fund - Regular Plan - Growth fund manager | Multi Cap fund comparison | buy LIC Mutual Fund Multi Cap Fund - Regular Plan - Growth online | LIC Mutual Fund Multi Cap Fund - Regular Plan - Growth minimum investment | Multi Cap fund returns India
LIC Mutual Fund Flexi Cap Fund - Direct Plan - Growth,LIC Mutual Fund,Flexi Cap,Flexi Cap Fund,200239,110.791,12476.80,0.72,500,1000,-2.38,14.63,12.31,14.46,Nifty 500 TRI,Very High,13.26,0.61,35,Yogesh Patil,3.5 years,Aims to provide capital appreciation by investing in Flexi Cap securities,Equity: 95.00% | T-Bills: 5.00%,Nil,HDFC Bank Ltd. (8.2%) | ICICI Bank Ltd. (6.9%) | Infosys Ltd. (5.5%) | Reliance Industries Ltd. (5.1%) | Axis Bank Ltd. (4.2%) | Larsen & Toubro Ltd. (3.8%) | Tata Consultancy Services Ltd. (3.4%) | Bharti Airtel Ltd. (3.1%) | Sun Pharmaceutical Industries Ltd. (2.8%) | Kotak Mahindra Bank Ltd. (2.5%),25-May-2026,02-Jan-2013,0%,LTCG 12.5% after 2 years for equity,999,LIC Mutual Fund Flexi Cap Fund - Direct Plan - Growth - LIC,"Detailed review and analysis of LIC Mutual Fund Flexi Cap Fund - Direct Plan - Growth (Flexi Cap). Compare returns, expenses, holdings and risks. Start investin",LIC Mutual Fund Flexi Cap Fund - Direct Plan - Growth | LIC Mutual Fund Flexi Cap Fund - Direct Plan - Growth review | Flexi Cap mutual fund | Flexi Cap fund in India | LIC Mutual Fund Flexi Cap | best Flexi Cap funds | LIC Mutual Fund Flexi Cap Fund - Direct Plan - Growth NAV | LIC Mutual Fund Flexi Cap Fund - Direct Plan - Growth returns | LIC Mutual Fund Flexi Cap Fund - Direct Plan - Growth expense ratio | invest in LIC Mutual Fund Flexi Cap Fund - Direct Plan - Growth | LIC Mutual Fund Flexi Cap Fund - Direct Plan - Growth SIP | Flexi Cap investment 2025 | LIC Mutual Fund Flexi Cap Fund - Direct Plan - Growth vs Flexi Cap | top Flexi Cap funds India | LIC Mutual Fund Flexi Cap Fund - Direct Plan - Growth performance | LIC Mutual Fund Flexi Cap Fund - Direct Plan - Growth fund manager | Flexi Cap fund comparison | buy LIC Mutual Fund Flexi Cap Fund - Direct Plan - Growth online | LIC Mutual Fund Flexi Cap Fund - Direct Plan - Growth minimum investment | Flexi Cap fund returns India
LIC Mutual Fund ELSS Tax Saver Fund - Regular Plan - Growth,LIC Mutual Fund,ELSS,ELSS (Tax Saving),200240,134.992,8920.00,1.85,500,1000,-2.88,16.38,13.7,14.2,Nifty 500 TRI,Very High,14.25,0.69,30,Yogesh Patil,3.5 years,Aims to provide capital appreciation by investing in ELSS securities,Equity: 96.00% | T-Bills: 4.00%,Nil,ICICI Bank Ltd. (8.5%) | HDFC Bank Ltd. (7.2%) | Infosys Ltd. (5.8%) | Reliance Industries Ltd. (5.2%) | Axis Bank Ltd. (4.9%) | Kotak Mahindra Bank Ltd. (4.3%) | Sun Pharmaceutical Industries Ltd. (3.9%) | Bharti Airtel Ltd. (3.5%) | Larsen & Toubro Ltd. (3.2%) | Tata Consultancy Services Ltd. (2.9%),25-May-2026,22-Jan-2007,0%,LTCG 12.5% after 2 years for equity,999,LIC Mutual Fund ELSS Tax Saver Fund - Regular Plan - Growth,"Detailed review and analysis of LIC Mutual Fund ELSS Tax Saver Fund - Regular Plan - Growth (ELSS). Compare returns, expenses, holdings and risks. Start investi",LIC Mutual Fund ELSS Tax Saver Fund - Regular Plan - Growth | LIC Mutual Fund ELSS Tax Saver Fund - Regular Plan - Growth review | ELSS mutual fund | ELSS fund in India | LIC Mutual Fund ELSS | best ELSS funds | LIC Mutual Fund ELSS Tax Saver Fund - Regular Plan - Growth NAV | LIC Mutual Fund ELSS Tax Saver Fund - Regular Plan - Growth returns | LIC Mutual Fund ELSS Tax Saver Fund - Regular Plan - Growth expense ratio | invest in LIC Mutual Fund ELSS Tax Saver Fund - Regular Plan - Growth | LIC Mutual Fund ELSS Tax Saver Fund - Regular Plan - Growth SIP | ELSS investment 2025 | LIC Mutual Fund ELSS Tax Saver Fund - Regular Plan - Growth vs ELSS | top ELSS funds India | LIC Mutual Fund ELSS Tax Saver Fund - Regular Plan - Growth performance | LIC Mutual Fund ELSS Tax Saver Fund - Regular Plan - Growth fund manager | ELSS fund comparison | buy LIC Mutual Fund ELSS Tax Saver Fund - Regular Plan - Growth online | LIC Mutual Fund ELSS Tax Saver Fund - Regular Plan - Growth minimum investment | ELSS fund returns India
LIC Mutual Fund Liquid Fund - Direct Plan - Growth,LIC Mutual Fund,Liquid Fund,Liquid Fund,200241,5622.7852,40176.00,0.12,500,1000,6.17,6.93,6.11,50.63,NIFTY Liquid Index,Low,0.12,3.58,241,Yogesh Patil,3.5 years,Aims to provide capital appreciation by investing in Liquid Fund securities,T-Bills: 65.00% | CD: 20.00% | CP: 10.00% | Cash: 5.00%,Nil,State Bank of India CD (8.5%) | HDFC Bank CD (7.2%) | Reliance Industries T-Bills (6.8%) | ICICI Bank CP (5.9%) | 182-Day T-Bill (5.5%) | National Bank For Agriculture And Rural Development (5.2%) | 91-Day T-Bill (4.8%) | Kotak Mahindra Bank CD (4.5%) | Axis Bank CP (4.1%) | Power Finance Corporation (3.8%),25-May-2026,01-Jan-2013,0%,LTCG 12.5% after 2 years for equity,999,LIC Mutual Fund Liquid Fund - Direct Plan - Growth - LIC Mut,"Detailed review and analysis of LIC Mutual Fund Liquid Fund - Direct Plan - Growth (Liquid Fund). Compare returns, expenses, holdings and risks. Start investing",LIC Mutual Fund Liquid Fund - Direct Plan - Growth | LIC Mutual Fund Liquid Fund - Direct Plan - Growth review | Liquid Fund mutual fund | Liquid Fund fund in India | LIC Mutual Fund Liquid Fund | best Liquid Fund funds | LIC Mutual Fund Liquid Fund - Direct Plan - Growth NAV | LIC Mutual Fund Liquid Fund - Direct Plan - Growth returns | LIC Mutual Fund Liquid Fund - Direct Plan - Growth expense ratio | invest in LIC Mutual Fund Liquid Fund - Direct Plan - Growth | LIC Mutual Fund Liquid Fund - Direct Plan - Growth SIP | Liquid Fund investment 2025 | LIC Mutual Fund Liquid Fund - Direct Plan - Growth vs Liquid Fund | top Liquid Fund funds India | LIC Mutual Fund Liquid Fund - Direct Plan - Growth performance | LIC Mutual Fund Liquid Fund - Direct Plan - Growth fund manager | Liquid Fund fund comparison | buy LIC Mutual Fund Liquid Fund - Direct Plan - Growth online | LIC Mutual Fund Liquid Fund - Direct Plan - Growth minimum investment | Liquid Fund fund returns India
LIC Mutual Fund Debt Fund - Regular Plan - Growth,LIC Mutual Fund,Debt,Short Duration Fund,200242,10,7148.80,1.05,500,1000,-3.89,4.01,3.71,-0.16,CRISIL Composite Bond Fund Index,Moderate,3.12,-0.5,168,Yogesh Patil,3.5 years,Aims to provide capital appreciation by investing in Debt securities,Debenture: 40.00% | SDL: 30.00% | T-Bills: 20.00% | GOI Sec: 10.00%,Nil,National Bank For Agriculture And Rural Development (5.8%) | Power Finance Corporation Ltd. (5.2%) | Rural Electrification Corporation Ltd. (4.9%) | 7.26% GOI 2032 (4.5%) | State Bank of India (4.1%) | National Highways Authority of India (3.8%) | Housing Development Finance Corporation Ltd. (3.5%) | Indian Railway Finance Corporation Ltd. (3.2%) | HDFC Bank Ltd. (2.9%) | Bajaj Finance Ltd. (2.5%),25-May-2026,02-Apr-2006,0%,LTCG 12.5% after 2 years for equity,999,LIC Mutual Fund Debt Fund - Regular Plan - Growth - LIC Mutu,"Detailed review and analysis of LIC Mutual Fund Debt Fund - Regular Plan - Growth (Debt). Compare returns, expenses, holdings and risks. Start investing today.",LIC Mutual Fund Debt Fund - Regular Plan - Growth | LIC Mutual Fund Debt Fund - Regular Plan - Growth review | Debt mutual fund | Debt fund in India | LIC Mutual Fund Debt | best Debt funds | LIC Mutual Fund Debt Fund - Regular Plan - Growth NAV | LIC Mutual Fund Debt Fund - Regular Plan - Growth returns | LIC Mutual Fund Debt Fund - Regular Plan - Growth expense ratio | invest in LIC Mutual Fund Debt Fund - Regular Plan - Growth | LIC Mutual Fund Debt Fund - Regular Plan - Growth SIP | Debt investment 2025 | LIC Mutual Fund Debt Fund - Regular Plan - Growth vs Debt | top Debt funds India | LIC Mutual Fund Debt Fund - Regular Plan - Growth performance | LIC Mutual Fund Debt Fund - Regular Plan - Growth fund manager | Debt fund comparison | buy LIC Mutual Fund Debt Fund - Regular Plan - Growth online | LIC Mutual Fund Debt Fund - Regular Plan - Growth minimum investment | Debt fund returns India
LIC Mutual Fund Banking Fund - Direct Plan - Growth,LIC Mutual Fund,Banking,Sectoral - Banking & Financial Services,200243,10.8119,6260.80,0.92,500,1000,3.46,6.9,5.95,0.2,Nifty Bank TRI,Very High,16.30,0.73,46,Yogesh Patil,3.5 years,Aims to provide capital appreciation by investing in Banking securities,Equity: 97.00% | T-Bills: 3.00%,Nil,HDFC Bank Ltd. (22.5%) | ICICI Bank Ltd. (19.8%) | State Bank of India (12.4%) | Axis Bank Ltd. (10.8%) | Kotak Mahindra Bank Ltd. (8.5%) | Bank of Baroda (5.2%) | IndusInd Bank Ltd. (4.8%) | Federal Bank Ltd. (3.9%) | AU Small Finance Bank Ltd. (3.5%) | Punjab National Bank (2.8%),25-May-2026,03-Apr-2006,0%,LTCG 12.5% after 2 years for equity,999,LIC Mutual Fund Banking Fund - Direct Plan - Growth - LIC Mu,"Detailed review and analysis of LIC Mutual Fund Banking Fund - Direct Plan - Growth (Banking). Compare returns, expenses, holdings and risks. Start investing to",LIC Mutual Fund Banking Fund - Direct Plan - Growth | LIC Mutual Fund Banking Fund - Direct Plan - Growth review | Banking mutual fund | Banking fund in India | LIC Mutual Fund Banking | best Banking funds | LIC Mutual Fund Banking Fund - Direct Plan - Growth NAV | LIC Mutual Fund Banking Fund - Direct Plan - Growth returns | LIC Mutual Fund Banking Fund - Direct Plan - Growth expense ratio | invest in LIC Mutual Fund Banking Fund - Direct Plan - Growth | LIC Mutual Fund Banking Fund - Direct Plan - Growth SIP | Banking investment 2025 | LIC Mutual Fund Banking Fund - Direct Plan - Growth vs Banking | top Banking funds India | LIC Mutual Fund Banking Fund - Direct Plan - Growth performance | LIC Mutual Fund Banking Fund - Direct Plan - Growth fund manager | Banking fund comparison | buy LIC Mutual Fund Banking Fund - Direct Plan - Growth online | LIC Mutual Fund Banking Fund - Direct Plan - Growth minimum investment | Banking fund returns India
LIC Mutual Fund Technology Fund - Regular Plan - Growth,LIC Mutual Fund,Technology,Sectoral - Technology,200244,10.6388,8056.80,1.98,500,1000,6.29,2.05,1.23,,Nifty IT TRI,Very High,18.99,2.47,53,Yogesh Patil,3.5 years,Aims to provide capital appreciation by investing in Technology securities,Equity: 91.00% | Forgn. Eq: 6.00% | T-Bills: 3.00%,Nil,Infosys Ltd. (18.5%) | Tata Consultancy Services Ltd. (15.2%) | Bharti Airtel Ltd. (12.4%) | HCL Technologies Ltd. (9.8%) | Wipro Ltd. (7.5%) | Tech Mahindra Ltd. (6.2%) | Coforge Ltd. (4.8%) | Mphasis Ltd. (4.2%) | Persistent Systems Ltd. (3.9%) | LTIMindtree Ltd. (3.5%),25-May-2026,19-Mar-2026,0%,LTCG 12.5% after 2 years for equity,999,LIC Mutual Fund Technology Fund - Regular Plan - Growth - LI,"Detailed review and analysis of LIC Mutual Fund Technology Fund - Regular Plan - Growth (Technology). Compare returns, expenses, holdings and risks. Start inves",LIC Mutual Fund Technology Fund - Regular Plan - Growth | LIC Mutual Fund Technology Fund - Regular Plan - Growth review | Technology mutual fund | Technology fund in India | LIC Mutual Fund Technology | best Technology funds | LIC Mutual Fund Technology Fund - Regular Plan - Growth NAV | LIC Mutual Fund Technology Fund - Regular Plan - Growth returns | LIC Mutual Fund Technology Fund - Regular Plan - Growth expense ratio | invest in LIC Mutual Fund Technology Fund - Regular Plan - Growth | LIC Mutual Fund Technology Fund - Regular Plan - Growth SIP | Technology investment 2025 | LIC Mutual Fund Technology Fund - Regular Plan - Growth vs Technology | top Technology funds India | LIC Mutual Fund Technology Fund - Regular Plan - Growth performance | LIC Mutual Fund Technology Fund - Regular Plan - Growth fund manager | Technology fund comparison | buy LIC Mutual Fund Technology Fund - Regular Plan - Growth online | LIC Mutual Fund Technology Fund - Regular Plan - Growth minimum investment | Technology fund returns India
LIC Mutual Fund Infrastructure Fund - Direct Plan - Growth,LIC Mutual Fund,Thematic,Thematic - Infrastructure,200245,55.3541,4928.00,0.92,500,1000,3.6,20.82,20.16,14.87,Nifty Infrastructure TRI,Very High,16.05,0.89,48,Yogesh Patil,3.5 years,Aims to provide capital appreciation by investing in Thematic securities,Equity: 95.00% | T-Bills: 5.00%,Nil,HDFC Bank Ltd. (5.8%) | ICICI Bank Ltd. (5.2%) | Larsen & Toubro Ltd. (4.9%) | Reliance Industries Ltd. (4.5%) | Infosys Ltd. (4.1%) | Bharti Airtel Ltd. (3.8%) | Axis Bank Ltd. (3.5%) | State Bank of India (3.2%) | Tata Motors Ltd. (2.9%) | Adani Ports & SEZ Ltd. (2.6%),25-May-2026,03-Jan-2013,0%,LTCG 12.5% after 2 years for equity,999,LIC Mutual Fund Infrastructure Fund - Direct Plan - Growth -,"Detailed review and analysis of LIC Mutual Fund Infrastructure Fund - Direct Plan - Growth (Thematic). Compare returns, expenses, holdings and risks. Start inve",LIC Mutual Fund Infrastructure Fund - Direct Plan - Growth | LIC Mutual Fund Infrastructure Fund - Direct Plan - Growth review | Thematic mutual fund | Thematic fund in India | LIC Mutual Fund Thematic | best Thematic funds | LIC Mutual Fund Infrastructure Fund - Direct Plan - Growth NAV | LIC Mutual Fund Infrastructure Fund - Direct Plan - Growth returns | LIC Mutual Fund Infrastructure Fund - Direct Plan - Growth expense ratio | invest in LIC Mutual Fund Infrastructure Fund - Direct Plan - Growth | LIC Mutual Fund Infrastructure Fund - Direct Plan - Growth SIP | Thematic investment 2025 | LIC Mutual Fund Infrastructure Fund - Direct Plan - Growth vs Thematic | top Thematic funds India | LIC Mutual Fund Infrastructure Fund - Direct Plan - Growth performance | LIC Mutual Fund Infrastructure Fund - Direct Plan - Growth fund manager | Thematic fund comparison | buy LIC Mutual Fund Infrastructure Fund - Direct Plan - Growth online | LIC Mutual Fund Infrastructure Fund - Direct Plan - Growth minimum investment | Thematic fund returns India
LIC Mutual Fund Dividend Fund - Regular Plan - Growth,LIC Mutual Fund,Thematic,Thematic - Dividend Yield,200246,10.8119,4932.40,1.92,500,1000,2,16.37,9.52,0.2,Nifty Dividend Opportunities 50 TRI,Moderate,16.08,0.7,49,Yogesh Patil,3.5 years,Aims to provide capital appreciation by investing in Thematic securities,Equity: 95.00% | T-Bills: 5.00%,Nil,HDFC Bank Ltd. (5.8%) | ICICI Bank Ltd. (5.2%) | Larsen & Toubro Ltd. (4.9%) | Reliance Industries Ltd. (4.5%) | Infosys Ltd. (4.1%) | Bharti Airtel Ltd. (3.8%) | Axis Bank Ltd. (3.5%) | State Bank of India (3.2%) | Tata Motors Ltd. (2.9%) | Adani Ports & SEZ Ltd. (2.6%),25-May-2026,03-Apr-2006,0%,LTCG 12.5% after 2 years for equity,999,LIC Mutual Fund Dividend Fund - Regular Plan - Growth - LIC,"Detailed review and analysis of LIC Mutual Fund Dividend Fund - Regular Plan - Growth (Thematic). Compare returns, expenses, holdings and risks. Start investing",LIC Mutual Fund Dividend Fund - Regular Plan - Growth | LIC Mutual Fund Dividend Fund - Regular Plan - Growth review | Thematic mutual fund | Thematic fund in India | LIC Mutual Fund Thematic | best Thematic funds | LIC Mutual Fund Dividend Fund - Regular Plan - Growth NAV | LIC Mutual Fund Dividend Fund - Regular Plan - Growth returns | LIC Mutual Fund Dividend Fund - Regular Plan - Growth expense ratio | invest in LIC Mutual Fund Dividend Fund - Regular Plan - Growth | LIC Mutual Fund Dividend Fund - Regular Plan - Growth SIP | Thematic investment 2025 | LIC Mutual Fund Dividend Fund - Regular Plan - Growth vs Thematic | top Thematic funds India | LIC Mutual Fund Dividend Fund - Regular Plan - Growth performance | LIC Mutual Fund Dividend Fund - Regular Plan - Growth fund manager | Thematic fund comparison | buy LIC Mutual Fund Dividend Fund - Regular Plan - Growth online | LIC Mutual Fund Dividend Fund - Regular Plan - Growth minimum investment | Thematic fund returns India
LIC Mutual Fund Balanced Advantage Fund - Direct Plan - Growth,LIC Mutual Fund,Balanced Hybrid,Balanced Advantage Fund,200247,16.3854,13464.00,0.78,500,1000,3.08,12.3,7.11,10.94,Nifty 50 Hybrid Composite Debt 65:35 Index,Moderately High,9.15,0.63,147,Yogesh Patil,3.5 years,Aims to provide capital appreciation by investing in Balanced Hybrid securities,Equity: 65.00% | Debt: 30.00% | T-Bills: 5.00%,Nil,HDFC Bank Ltd. (6.8%) | ICICI Bank Ltd. (5.5%) | Reliance Industries Ltd. (4.5%) | 8.38% GOI 2027 (4.2%) | Infosys Ltd. (3.8%) | 7.26% GOI 2032 (3.5%) | Axis Bank Ltd. (3.2%) | Bharti Airtel Ltd. (2.9%) | Larsen & Toubro Ltd. (2.6%) | Tata Consultancy Services Ltd. (2.4%),25-May-2026,07-Sep-2021,0%,LTCG 12.5% after 2 years for equity,999,LIC Mutual Fund Balanced Advantage Fund - Direct Plan - Grow,"Detailed review and analysis of LIC Mutual Fund Balanced Advantage Fund - Direct Plan - Growth (Balanced Hybrid). Compare returns, expenses, holdings and risks.",LIC Mutual Fund Balanced Advantage Fund - Direct Plan - Growth | LIC Mutual Fund Balanced Advantage Fund - Direct Plan - Growth review | Balanced Hybrid mutual fund | Balanced Hybrid fund in India | LIC Mutual Fund Balanced Hybrid | best Balanced Hybrid funds | LIC Mutual Fund Balanced Advantage Fund - Direct Plan - Growth NAV | LIC Mutual Fund Balanced Advantage Fund - Direct Plan - Growth returns | LIC Mutual Fund Balanced Advantage Fund - Direct Plan - Growth expense ratio | invest in LIC Mutual Fund Balanced Advantage Fund - Direct Plan - Growth | LIC Mutual Fund Balanced Advantage Fund - Direct Plan - Growth SIP | Balanced Hybrid investment 2025 | LIC Mutual Fund Balanced Advantage Fund - Direct Plan - Growth vs Balanced Hybrid | top Balanced Hybrid funds India | LIC Mutual Fund Balanced Advantage Fund - Direct Plan - Growth performance | LIC Mutual Fund Balanced Advantage Fund - Direct Plan - Growth fund manager | Balanced Hybrid fund comparison | buy LIC Mutual Fund Balanced Advantage Fund - Direct Plan - Growth online | LIC Mutual Fund Balanced Advantage Fund - Direct Plan - Growth minimum investment | Balanced Hybrid fund returns India
LIC Mutual Fund International Fund - Regular Plan - Growth,LIC Mutual Fund,International,Fund of Funds - Overseas,200248,11.612,3144.40,2.05,500,1000,-3.89,4.01,3.71,0.48,MSCI World Index,Very High,14.74,-0.5,20,Yogesh Patil,3.5 years,Aims to provide capital appreciation by investing in International securities,Forgn. Eq: 95.00% | Cash & Equivalents: 5.00%,Nil,Apple Inc. (8.5%) | Microsoft Corp. (7.8%) | Alphabet Inc Class A (6.9%) | Amazon.com Inc. (5.2%) | NVIDIA Corp. (4.8%) | Meta Platforms Inc. (4.2%) | Tesla Inc. (3.9%) | Berkshire Hathaway Inc. (3.5%) | UnitedHealth Group Inc. (3.1%) | Johnson & Johnson (2.8%),25-May-2026,03-Apr-2006,0%,LTCG 12.5% after 2 years for equity,999,LIC Mutual Fund International Fund - Regular Plan - Growth -,"Detailed review and analysis of LIC Mutual Fund International Fund - Regular Plan - Growth (International). Compare returns, expenses, holdings and risks. Start",LIC Mutual Fund International Fund - Regular Plan - Growth | LIC Mutual Fund International Fund - Regular Plan - Growth review | International mutual fund | International fund in India | LIC Mutual Fund International | best International funds | LIC Mutual Fund International Fund - Regular Plan - Growth NAV | LIC Mutual Fund International Fund - Regular Plan - Growth returns | LIC Mutual Fund International Fund - Regular Plan - Growth expense ratio | invest in LIC Mutual Fund International Fund - Regular Plan - Growth | LIC Mutual Fund International Fund - Regular Plan - Growth SIP | International investment 2025 | LIC Mutual Fund International Fund - Regular Plan - Growth vs International | top International funds India | LIC Mutual Fund International Fund - Regular Plan - Growth performance | LIC Mutual Fund International Fund - Regular Plan - Growth fund manager | International fund comparison | buy LIC Mutual Fund International Fund - Regular Plan - Growth online | LIC Mutual Fund International Fund - Regular Plan - Growth minimum investment | International fund returns India
LIC Mutual Fund Energy Fund - Direct Plan - Growth,LIC Mutual Fund,Equity,Focused Fund,200249,10,10790.40,0.75,500,1000,6.21,6.95,6.12,-0.16,Nifty 500 TRI,Moderate,13.78,-8.34,40,Yogesh Patil,3.5 years,Aims to provide capital appreciation by investing in Equity securities,Equity: 97.00% | T-Bills: 3.00%,Nil,HDFC Bank Ltd. (8.8%) | ICICI Bank Ltd. (7.5%) | Reliance Industries Ltd. (6.2%) | Infosys Ltd. (5.8%) | Axis Bank Ltd. (5.1%) | Larsen & Toubro Ltd. (4.5%) | Bharti Airtel Ltd. (4.1%) | Sun Pharmaceutical Industries Ltd. (3.8%) | Tata Consultancy Services Ltd. (3.5%) | State Bank of India (3.2%),25-May-2026,02-Apr-2006,0%,LTCG 12.5% after 2 years for equity,999,LIC Mutual Fund Energy Fund - Direct Plan - Growth - LIC Mut,"Detailed review and analysis of LIC Mutual Fund Energy Fund - Direct Plan - Growth (Equity). Compare returns, expenses, holdings and risks. Start investing toda",LIC Mutual Fund Energy Fund - Direct Plan - Growth | LIC Mutual Fund Energy Fund - Direct Plan - Growth review | Equity mutual fund | Equity fund in India | LIC Mutual Fund Equity | best Equity funds | LIC Mutual Fund Energy Fund - Direct Plan - Growth NAV | LIC Mutual Fund Energy Fund - Direct Plan - Growth returns | LIC Mutual Fund Energy Fund - Direct Plan - Growth expense ratio | invest in LIC Mutual Fund Energy Fund - Direct Plan - Growth | LIC Mutual Fund Energy Fund - Direct Plan - Growth SIP | Equity investment 2025 | LIC Mutual Fund Energy Fund - Direct Plan - Growth vs Equity | top Equity funds India | LIC Mutual Fund Energy Fund - Direct Plan - Growth performance | LIC Mutual Fund Energy Fund - Direct Plan - Growth fund manager | Equity fund comparison | buy LIC Mutual Fund Energy Fund - Direct Plan - Growth online | LIC Mutual Fund Energy Fund - Direct Plan - Growth minimum investment | Equity fund returns India
LIC Mutual Fund Pharma Fund - Regular Plan - Growth,LIC Mutual Fund,Pharma,Sectoral - Pharma & Healthcare,200250,10.8119,4500.00,1.95,500,1000,-3.89,4.01,3.71,0.2,Nifty Pharma TRI,Very High,15.80,-0.5,52,Yogesh Patil,3.5 years,Aims to provide capital appreciation by investing in Pharma securities,Equity: 96.00% | T-Bills: 4.00%,Nil,Sun Pharmaceutical Industries Ltd. (20.5%) | Dr. Reddy's Laboratories Ltd. (12.8%) | Cipla Ltd. (10.4%) | Divi's Laboratories Ltd. (9.8%) | Torrent Pharmaceuticals Ltd. (7.2%) | Aurobindo Pharma Ltd. (5.8%) | Alkem Laboratories Ltd. (5.2%) | Lupin Ltd. (4.9%) | Ipca Laboratories Ltd. (3.8%) | Mankind Pharma Ltd. (3.5%),25-May-2026,03-Apr-2006,0%,LTCG 12.5% after 2 years for equity,999,LIC Mutual Fund Pharma Fund - Regular Plan - Growth - LIC Mu,"Detailed review and analysis of LIC Mutual Fund Pharma Fund - Regular Plan - Growth (Pharma). Compare returns, expenses, holdings and risks. Start investing tod",LIC Mutual Fund Pharma Fund - Regular Plan - Growth | LIC Mutual Fund Pharma Fund - Regular Plan - Growth review | Pharma mutual fund | Pharma fund in India | LIC Mutual Fund Pharma | best Pharma funds | LIC Mutual Fund Pharma Fund - Regular Plan - Growth NAV | LIC Mutual Fund Pharma Fund - Regular Plan - Growth returns | LIC Mutual Fund Pharma Fund - Regular Plan - Growth expense ratio | invest in LIC Mutual Fund Pharma Fund - Regular Plan - Growth | LIC Mutual Fund Pharma Fund - Regular Plan - Growth SIP | Pharma investment 2025 | LIC Mutual Fund Pharma Fund - Regular Plan - Growth vs Pharma | top Pharma funds India | LIC Mutual Fund Pharma Fund - Regular Plan - Growth performance | LIC Mutual Fund Pharma Fund - Regular Plan - Growth fund manager | Pharma fund comparison | buy LIC Mutual Fund Pharma Fund - Regular Plan - Growth online | LIC Mutual Fund Pharma Fund - Regular Plan - Growth minimum investment | Pharma fund returns India
LIC Mutual Fund Auto Fund - Direct Plan - Growth,LIC Mutual Fund,Sectoral,Sectoral - Automotive,200251,10,4053.60,0.98,500,1000,6.21,6.95,6.12,-0.16,Nifty Auto TRI,Moderate,17.54,-8.34,60,Yogesh Patil,3.5 years,Aims to provide capital appreciation by investing in Sectoral securities,Equity: 96.00% | T-Bills: 4.00%,Nil,HDFC Bank Ltd. (8.5%) | ICICI Bank Ltd. (7.2%) | State Bank of India (5.8%) | Axis Bank Ltd. (5.2%) | Kotak Mahindra Bank Ltd. (4.9%) | IndusInd Bank Ltd. (4.5%) | Infosys Ltd. (4.1%) | TCS Ltd. (3.8%) | Bharti Airtel Ltd. (3.5%) | Reliance Industries Ltd. (3.2%),25-May-2026,02-Apr-2006,0%,LTCG 12.5% after 2 years for equity,999,LIC Mutual Fund Auto Fund - Direct Plan - Growth - LIC Mutua,"Detailed review and analysis of LIC Mutual Fund Auto Fund - Direct Plan - Growth (Sectoral). Compare returns, expenses, holdings and risks. Start investing toda",LIC Mutual Fund Auto Fund - Direct Plan - Growth | LIC Mutual Fund Auto Fund - Direct Plan - Growth review | Sectoral mutual fund | Sectoral fund in India | LIC Mutual Fund Sectoral | best Sectoral funds | LIC Mutual Fund Auto Fund - Direct Plan - Growth NAV | LIC Mutual Fund Auto Fund - Direct Plan - Growth returns | LIC Mutual Fund Auto Fund - Direct Plan - Growth expense ratio | invest in LIC Mutual Fund Auto Fund - Direct Plan - Growth | LIC Mutual Fund Auto Fund - Direct Plan - Growth SIP | Sectoral investment 2025 | LIC Mutual Fund Auto Fund - Direct Plan - Growth vs Sectoral | top Sectoral funds India | LIC Mutual Fund Auto Fund - Direct Plan - Growth performance | LIC Mutual Fund Auto Fund - Direct Plan - Growth fund manager | Sectoral fund comparison | buy LIC Mutual Fund Auto Fund - Direct Plan - Growth online | LIC Mutual Fund Auto Fund - Direct Plan - Growth minimum investment | Sectoral fund returns India
LIC Mutual Fund Manufacturing Fund - Regular Plan - Growth,LIC Mutual Fund,Equity,Focused Fund,200252,10.8627,10819.20,1.75,500,1000,13.02,2.59,1.55,4.93,Nifty 500 TRI,Moderate,13.85,0.01,41,Yogesh Patil,3.5 years,Aims to provide capital appreciation by investing in Equity securities,Equity: 97.00% | T-Bills: 3.00%,Nil,HDFC Bank Ltd. (8.8%) | ICICI Bank Ltd. (7.5%) | Reliance Industries Ltd. (6.2%) | Infosys Ltd. (5.8%) | Axis Bank Ltd. (5.1%) | Larsen & Toubro Ltd. (4.5%) | Bharti Airtel Ltd. (4.1%) | Sun Pharmaceutical Industries Ltd. (3.8%) | Tata Consultancy Services Ltd. (3.5%) | State Bank of India (3.2%),25-May-2026,16-Oct-2024,0%,LTCG 12.5% after 2 years for equity,999,LIC Mutual Fund Manufacturing Fund - Regular Plan - Growth -,"Detailed review and analysis of LIC Mutual Fund Manufacturing Fund - Regular Plan - Growth (Equity). Compare returns, expenses, holdings and risks. Start invest",LIC Mutual Fund Manufacturing Fund - Regular Plan - Growth | LIC Mutual Fund Manufacturing Fund - Regular Plan - Growth review | Equity mutual fund | Equity fund in India | LIC Mutual Fund Equity | best Equity funds | LIC Mutual Fund Manufacturing Fund - Regular Plan - Growth NAV | LIC Mutual Fund Manufacturing Fund - Regular Plan - Growth returns | LIC Mutual Fund Manufacturing Fund - Regular Plan - Growth expense ratio | invest in LIC Mutual Fund Manufacturing Fund - Regular Plan - Growth | LIC Mutual Fund Manufacturing Fund - Regular Plan - Growth SIP | Equity investment 2025 | LIC Mutual Fund Manufacturing Fund - Regular Plan - Growth vs Equity | top Equity funds India | LIC Mutual Fund Manufacturing Fund - Regular Plan - Growth performance | LIC Mutual Fund Manufacturing Fund - Regular Plan - Growth fund manager | Equity fund comparison | buy LIC Mutual Fund Manufacturing Fund - Regular Plan - Growth online | LIC Mutual Fund Manufacturing Fund - Regular Plan - Growth minimum investment | Equity fund returns India
JM Financial Large Cap Fund - Direct Plan - Growth,JM Financial,Large Cap,Large Cap Fund,200253,497.217,22560.00,0.52,500,1000,-4.02,14.7,12.03,11.65,Nifty 50,Very High,12.25,0.67,26,Asit Bhandarkar,3.5 years,Aims to provide capital appreciation by investing in Large Cap securities,Equity: 96.00% | T-Bills: 4.00%,Nil,HDFC Bank Ltd. (8.5%) | ICICI Bank Ltd. (7.8%) | Reliance Industries Ltd. (6.9%) | Infosys Ltd. (5.2%) | Larsen & Toubro Ltd. (4.8%) | Axis Bank Ltd. (3.9%) | Tata Consultancy Services Ltd. (3.7%) | Bharti Airtel Ltd. (3.4%) | State Bank of India (3.1%) | ITC Ltd. (2.8%),25-May-2026,02-Jan-2013,0%,LTCG 12.5% after 2 years for equity,999,JM Financial Large Cap Fund - Direct Plan - Growth - JM Fina,"Detailed review and analysis of JM Financial Large Cap Fund - Direct Plan - Growth (Large Cap). Compare returns, expenses, holdings and risks. Start investing t",JM Financial Large Cap Fund - Direct Plan - Growth | JM Financial Large Cap Fund - Direct Plan - Growth review | Large Cap mutual fund | Large Cap fund in India | JM Financial Large Cap | best Large Cap funds | JM Financial Large Cap Fund - Direct Plan - Growth NAV | JM Financial Large Cap Fund - Direct Plan - Growth returns | JM Financial Large Cap Fund - Direct Plan - Growth expense ratio | invest in JM Financial Large Cap Fund - Direct Plan - Growth | JM Financial Large Cap Fund - Direct Plan - Growth SIP | Large Cap investment 2025 | JM Financial Large Cap Fund - Direct Plan - Growth vs Large Cap | top Large Cap funds India | JM Financial Large Cap Fund - Direct Plan - Growth performance | JM Financial Large Cap Fund - Direct Plan - Growth fund manager | Large Cap fund comparison | buy JM Financial Large Cap Fund - Direct Plan - Growth online | JM Financial Large Cap Fund - Direct Plan - Growth minimum investment | Large Cap fund returns India
JM Financial Mid Cap Fund - Regular Plan - Growth,JM Financial,Mid Cap,Mid Cap Fund,200254,9.4547,13548.00,1.75,500,1000,0,0,0,-4.81,Nifty Midcap 150 TRI,Very High,15.91,-0.53,36,Asit Bhandarkar,3.5 years,Aims to provide capital appreciation by investing in Mid Cap securities,Equity: 94.00% | T-Bills: 6.00%,Nil,Voltas Ltd. (3.8%) | Mphasis Ltd. (3.5%) | Coforge Ltd. (3.2%) | Sundram Fasteners Ltd. (2.9%) | Persistent Systems Ltd. (2.7%) | Zydus Lifesciences Ltd. (2.5%) | Crompton Greaves Consumer Electricals Ltd. (2.4%) | Oberoi Realty Ltd. (2.2%) | Tube Investments of India Ltd. (2.1%) | Emami Ltd. (2.0%),25-May-2026,29-Sep-2021,0%,LTCG 12.5% after 2 years for equity,999,JM Financial Mid Cap Fund - Regular Plan - Growth - JM Finan,"Detailed review and analysis of JM Financial Mid Cap Fund - Regular Plan - Growth (Mid Cap). Compare returns, expenses, holdings and risks. Start investing toda",JM Financial Mid Cap Fund - Regular Plan - Growth | JM Financial Mid Cap Fund - Regular Plan - Growth review | Mid Cap mutual fund | Mid Cap fund in India | JM Financial Mid Cap | best Mid Cap funds | JM Financial Mid Cap Fund - Regular Plan - Growth NAV | JM Financial Mid Cap Fund - Regular Plan - Growth returns | JM Financial Mid Cap Fund - Regular Plan - Growth expense ratio | invest in JM Financial Mid Cap Fund - Regular Plan - Growth | JM Financial Mid Cap Fund - Regular Plan - Growth SIP | Mid Cap investment 2025 | JM Financial Mid Cap Fund - Regular Plan - Growth vs Mid Cap | top Mid Cap funds India | JM Financial Mid Cap Fund - Regular Plan - Growth performance | JM Financial Mid Cap Fund - Regular Plan - Growth fund manager | Mid Cap fund comparison | buy JM Financial Mid Cap Fund - Regular Plan - Growth online | JM Financial Mid Cap Fund - Regular Plan - Growth minimum investment | Mid Cap fund returns India
JM Financial Small Cap Fund - Direct Plan - Growth,JM Financial,Small Cap,Small Cap Fund,200255,226.029,10848.00,0.82,500,1000,9.07,20.44,18.91,20.97,Nifty Smallcap 250 TRI,Very High,18.66,0.75,29,Asit Bhandarkar,3.5 years,Aims to provide capital appreciation by investing in Small Cap securities,Equity: 91.00% | Cash & Equivalents: 9.00%,Nil,Aarti Drugs Ltd. (3.2%) | Hatsun Agro Product Ltd. (2.9%) | National Aluminium Company Ltd. (2.7%) | VST Tillers Tractors Ltd. (2.5%) | Repco Home Finance Ltd. (2.3%) | RACL Geartech Ltd. (2.1%) | Neuland Laboratories Ltd. (2.0%) | Mold-Tek Packaging Ltd. (1.9%) | NIIT Learning Systems Ltd. (1.8%) | Nuvama Wealth Management Ltd. (1.7%),25-May-2026,02-Jan-2013,0%,LTCG 12.5% after 2 years for equity,999,JM Financial Small Cap Fund - Direct Plan - Growth - JM Fina,"Detailed review and analysis of JM Financial Small Cap Fund - Direct Plan - Growth (Small Cap). Compare returns, expenses, holdings and risks. Start investing t",JM Financial Small Cap Fund - Direct Plan - Growth | JM Financial Small Cap Fund - Direct Plan - Growth review | Small Cap mutual fund | Small Cap fund in India | JM Financial Small Cap | best Small Cap funds | JM Financial Small Cap Fund - Direct Plan - Growth NAV | JM Financial Small Cap Fund - Direct Plan - Growth returns | JM Financial Small Cap Fund - Direct Plan - Growth expense ratio | invest in JM Financial Small Cap Fund - Direct Plan - Growth | JM Financial Small Cap Fund - Direct Plan - Growth SIP | Small Cap investment 2025 | JM Financial Small Cap Fund - Direct Plan - Growth vs Small Cap | top Small Cap funds India | JM Financial Small Cap Fund - Direct Plan - Growth performance | JM Financial Small Cap Fund - Direct Plan - Growth fund manager | Small Cap fund comparison | buy JM Financial Small Cap Fund - Direct Plan - Growth online | JM Financial Small Cap Fund - Direct Plan - Growth minimum investment | Small Cap fund returns India
JM Financial Multi Cap Fund - Regular Plan - Growth,JM Financial,Multi Cap,Multi Cap Fund,200256,19.0138,16286.40,1.68,500,1000,5.23,20.86,0,21.47,Nifty 500 Multicap 50:25:25 TRI,Very High,14.35,1.00,44,Asit Bhandarkar,3.5 years,Aims to provide capital appreciation by investing in Multi Cap securities,Equity: 97.00% | T-Bills: 3.00%,Nil,HDFC Bank Ltd. (6.5%) | ICICI Bank Ltd. (5.8%) | Reliance Industries Ltd. (4.9%) | Infosys Ltd. (4.2%) | Axis Bank Ltd. (3.6%) | Larsen & Toubro Ltd. (3.2%) | Tata Consultancy Services Ltd. (2.9%) | Bharti Airtel Ltd. (2.7%) | State Bank of India (2.4%) | Sun Pharmaceutical Industries Ltd. (2.2%),25-May-2026,03-Feb-2023,0%,LTCG 12.5% after 2 years for equity,999,JM Financial Multi Cap Fund - Regular Plan - Growth - JM Fin,"Detailed review and analysis of JM Financial Multi Cap Fund - Regular Plan - Growth (Multi Cap). Compare returns, expenses, holdings and risks. Start investing ",JM Financial Multi Cap Fund - Regular Plan - Growth | JM Financial Multi Cap Fund - Regular Plan - Growth review | Multi Cap mutual fund | Multi Cap fund in India | JM Financial Multi Cap | best Multi Cap funds | JM Financial Multi Cap Fund - Regular Plan - Growth NAV | JM Financial Multi Cap Fund - Regular Plan - Growth returns | JM Financial Multi Cap Fund - Regular Plan - Growth expense ratio | invest in JM Financial Multi Cap Fund - Regular Plan - Growth | JM Financial Multi Cap Fund - Regular Plan - Growth SIP | Multi Cap investment 2025 | JM Financial Multi Cap Fund - Regular Plan - Growth vs Multi Cap | top Multi Cap funds India | JM Financial Multi Cap Fund - Regular Plan - Growth performance | JM Financial Multi Cap Fund - Regular Plan - Growth fund manager | Multi Cap fund comparison | buy JM Financial Multi Cap Fund - Regular Plan - Growth online | JM Financial Multi Cap Fund - Regular Plan - Growth minimum investment | Multi Cap fund returns India
JM Financial Flexi Cap Fund - Direct Plan - Growth,JM Financial,Flexi Cap,Flexi Cap Fund,200257,110.791,12678.40,0.72,500,1000,-2.38,14.63,12.31,14.46,Nifty 500 TRI,Very High,13.65,0.60,40,Asit Bhandarkar,3.5 years,Aims to provide capital appreciation by investing in Flexi Cap securities,Equity: 95.00% | T-Bills: 5.00%,Nil,HDFC Bank Ltd. (8.2%) | ICICI Bank Ltd. (6.9%) | Infosys Ltd. (5.5%) | Reliance Industries Ltd. (5.1%) | Axis Bank Ltd. (4.2%) | Larsen & Toubro Ltd. (3.8%) | Tata Consultancy Services Ltd. (3.4%) | Bharti Airtel Ltd. (3.1%) | Sun Pharmaceutical Industries Ltd. (2.8%) | Kotak Mahindra Bank Ltd. (2.5%),25-May-2026,02-Jan-2013,0%,LTCG 12.5% after 2 years for equity,999,JM Financial Flexi Cap Fund - Direct Plan - Growth - JM Fina,"Detailed review and analysis of JM Financial Flexi Cap Fund - Direct Plan - Growth (Flexi Cap). Compare returns, expenses, holdings and risks. Start investing t",JM Financial Flexi Cap Fund - Direct Plan - Growth | JM Financial Flexi Cap Fund - Direct Plan - Growth review | Flexi Cap mutual fund | Flexi Cap fund in India | JM Financial Flexi Cap | best Flexi Cap funds | JM Financial Flexi Cap Fund - Direct Plan - Growth NAV | JM Financial Flexi Cap Fund - Direct Plan - Growth returns | JM Financial Flexi Cap Fund - Direct Plan - Growth expense ratio | invest in JM Financial Flexi Cap Fund - Direct Plan - Growth | JM Financial Flexi Cap Fund - Direct Plan - Growth SIP | Flexi Cap investment 2025 | JM Financial Flexi Cap Fund - Direct Plan - Growth vs Flexi Cap | top Flexi Cap funds India | JM Financial Flexi Cap Fund - Direct Plan - Growth performance | JM Financial Flexi Cap Fund - Direct Plan - Growth fund manager | Flexi Cap fund comparison | buy JM Financial Flexi Cap Fund - Direct Plan - Growth online | JM Financial Flexi Cap Fund - Direct Plan - Growth minimum investment | Flexi Cap fund returns India
JM Financial ELSS Tax Saver Fund - Regular Plan - Growth,JM Financial,ELSS,ELSS (Tax Saving),200258,134.992,9064.00,1.85,500,1000,-2.88,16.38,13.7,14.2,Nifty 500 TRI,Very High,14.70,0.67,34,Asit Bhandarkar,3.5 years,Aims to provide capital appreciation by investing in ELSS securities,Equity: 96.00% | T-Bills: 4.00%,Nil,ICICI Bank Ltd. (8.5%) | HDFC Bank Ltd. (7.2%) | Infosys Ltd. (5.8%) | Reliance Industries Ltd. (5.2%) | Axis Bank Ltd. (4.9%) | Kotak Mahindra Bank Ltd. (4.3%) | Sun Pharmaceutical Industries Ltd. (3.9%) | Bharti Airtel Ltd. (3.5%) | Larsen & Toubro Ltd. (3.2%) | Tata Consultancy Services Ltd. (2.9%),25-May-2026,22-Jan-2007,0%,LTCG 12.5% after 2 years for equity,999,JM Financial ELSS Tax Saver Fund - Regular Plan - Growth - J,"Detailed review and analysis of JM Financial ELSS Tax Saver Fund - Regular Plan - Growth (ELSS). Compare returns, expenses, holdings and risks. Start investing ",JM Financial ELSS Tax Saver Fund - Regular Plan - Growth | JM Financial ELSS Tax Saver Fund - Regular Plan - Growth review | ELSS mutual fund | ELSS fund in India | JM Financial ELSS | best ELSS funds | JM Financial ELSS Tax Saver Fund - Regular Plan - Growth NAV | JM Financial ELSS Tax Saver Fund - Regular Plan - Growth returns | JM Financial ELSS Tax Saver Fund - Regular Plan - Growth expense ratio | invest in JM Financial ELSS Tax Saver Fund - Regular Plan - Growth | JM Financial ELSS Tax Saver Fund - Regular Plan - Growth SIP | ELSS investment 2025 | JM Financial ELSS Tax Saver Fund - Regular Plan - Growth vs ELSS | top ELSS funds India | JM Financial ELSS Tax Saver Fund - Regular Plan - Growth performance | JM Financial ELSS Tax Saver Fund - Regular Plan - Growth fund manager | ELSS fund comparison | buy JM Financial ELSS Tax Saver Fund - Regular Plan - Growth online | JM Financial ELSS Tax Saver Fund - Regular Plan - Growth minimum investment | ELSS fund returns India
JM Financial Liquid Fund - Direct Plan - Growth,JM Financial,Liquid Fund,Liquid Fund,200259,363.1934,40824.00,0.12,500,1000,6.21,6.97,6.16,6.24,NIFTY Liquid Index,Low,0.12,3.92,259,Asit Bhandarkar,3.5 years,Aims to provide capital appreciation by investing in Liquid Fund securities,T-Bills: 65.00% | CD: 20.00% | CP: 10.00% | Cash: 5.00%,Nil,State Bank of India CD (8.5%) | HDFC Bank CD (7.2%) | Reliance Industries T-Bills (6.8%) | ICICI Bank CP (5.9%) | 182-Day T-Bill (5.5%) | National Bank For Agriculture And Rural Development (5.2%) | 91-Day T-Bill (4.8%) | Kotak Mahindra Bank CD (4.5%) | Axis Bank CP (4.1%) | Power Finance Corporation (3.8%),25-May-2026,08-Mar-2016,0%,LTCG 12.5% after 2 years for equity,999,JM Financial Liquid Fund - Direct Plan - Growth - JM Financi,"Detailed review and analysis of JM Financial Liquid Fund - Direct Plan - Growth (Liquid Fund). Compare returns, expenses, holdings and risks. Start investing to",JM Financial Liquid Fund - Direct Plan - Growth | JM Financial Liquid Fund - Direct Plan - Growth review | Liquid Fund mutual fund | Liquid Fund fund in India | JM Financial Liquid Fund | best Liquid Fund funds | JM Financial Liquid Fund - Direct Plan - Growth NAV | JM Financial Liquid Fund - Direct Plan - Growth returns | JM Financial Liquid Fund - Direct Plan - Growth expense ratio | invest in JM Financial Liquid Fund - Direct Plan - Growth | JM Financial Liquid Fund - Direct Plan - Growth SIP | Liquid Fund investment 2025 | JM Financial Liquid Fund - Direct Plan - Growth vs Liquid Fund | top Liquid Fund funds India | JM Financial Liquid Fund - Direct Plan - Growth performance | JM Financial Liquid Fund - Direct Plan - Growth fund manager | Liquid Fund fund comparison | buy JM Financial Liquid Fund - Direct Plan - Growth online | JM Financial Liquid Fund - Direct Plan - Growth minimum investment | Liquid Fund fund returns India
JM Financial Debt Fund - Regular Plan - Growth,JM Financial,Debt,Short Duration Fund,200260,10,7264.00,1.05,500,1000,0,0,0,-0.16,CRISIL Composite Bond Fund Index,Moderate,3.30,-0.53,195,Asit Bhandarkar,3.5 years,Aims to provide capital appreciation by investing in Debt securities,Debenture: 40.00% | SDL: 30.00% | T-Bills: 20.00% | GOI Sec: 10.00%,Nil,National Bank For Agriculture And Rural Development (5.8%) | Power Finance Corporation Ltd. (5.2%) | Rural Electrification Corporation Ltd. (4.9%) | 7.26% GOI 2032 (4.5%) | State Bank of India (4.1%) | National Highways Authority of India (3.8%) | Housing Development Finance Corporation Ltd. (3.5%) | Indian Railway Finance Corporation Ltd. (3.2%) | HDFC Bank Ltd. (2.9%) | Bajaj Finance Ltd. (2.5%),25-May-2026,02-Apr-2006,0%,LTCG 12.5% after 2 years for equity,999,JM Financial Debt Fund - Regular Plan - Growth - JM Financia,"Detailed review and analysis of JM Financial Debt Fund - Regular Plan - Growth (Debt). Compare returns, expenses, holdings and risks. Start investing today.",JM Financial Debt Fund - Regular Plan - Growth | JM Financial Debt Fund - Regular Plan - Growth review | Debt mutual fund | Debt fund in India | JM Financial Debt | best Debt funds | JM Financial Debt Fund - Regular Plan - Growth NAV | JM Financial Debt Fund - Regular Plan - Growth returns | JM Financial Debt Fund - Regular Plan - Growth expense ratio | invest in JM Financial Debt Fund - Regular Plan - Growth | JM Financial Debt Fund - Regular Plan - Growth SIP | Debt investment 2025 | JM Financial Debt Fund - Regular Plan - Growth vs Debt | top Debt funds India | JM Financial Debt Fund - Regular Plan - Growth performance | JM Financial Debt Fund - Regular Plan - Growth fund manager | Debt fund comparison | buy JM Financial Debt Fund - Regular Plan - Growth online | JM Financial Debt Fund - Regular Plan - Growth minimum investment | Debt fund returns India
JM Financial Banking Fund - Direct Plan - Growth,JM Financial,Banking,Sectoral - Banking & Financial Services,200261,58.39,6361.60,0.92,500,1000,-2.99,9.85,10.82,11.34,Nifty Bank TRI,Very High,16.81,0.20,51,Asit Bhandarkar,3.5 years,Aims to provide capital appreciation by investing in Banking securities,Equity: 97.00% | T-Bills: 3.00%,Nil,HDFC Bank Ltd. (22.5%) | ICICI Bank Ltd. (19.8%) | State Bank of India (12.4%) | Axis Bank Ltd. (10.8%) | Kotak Mahindra Bank Ltd. (8.5%) | Bank of Baroda (5.2%) | IndusInd Bank Ltd. (4.8%) | Federal Bank Ltd. (3.9%) | AU Small Finance Bank Ltd. (3.5%) | Punjab National Bank (2.8%),25-May-2026,03-Jan-2013,0%,LTCG 12.5% after 2 years for equity,999,JM Financial Banking Fund - Direct Plan - Growth - JM Financ,"Detailed review and analysis of JM Financial Banking Fund - Direct Plan - Growth (Banking). Compare returns, expenses, holdings and risks. Start investing today",JM Financial Banking Fund - Direct Plan - Growth | JM Financial Banking Fund - Direct Plan - Growth review | Banking mutual fund | Banking fund in India | JM Financial Banking | best Banking funds | JM Financial Banking Fund - Direct Plan - Growth NAV | JM Financial Banking Fund - Direct Plan - Growth returns | JM Financial Banking Fund - Direct Plan - Growth expense ratio | invest in JM Financial Banking Fund - Direct Plan - Growth | JM Financial Banking Fund - Direct Plan - Growth SIP | Banking investment 2025 | JM Financial Banking Fund - Direct Plan - Growth vs Banking | top Banking funds India | JM Financial Banking Fund - Direct Plan - Growth performance | JM Financial Banking Fund - Direct Plan - Growth fund manager | Banking fund comparison | buy JM Financial Banking Fund - Direct Plan - Growth online | JM Financial Banking Fund - Direct Plan - Growth minimum investment | Banking fund returns India
JM Financial Technology Fund - Regular Plan - Growth,JM Financial,Technology,Sectoral - Technology,200262,9.12,8186.40,1.98,500,1000,-1.51,0,0,-5.42,Nifty IT TRI,Very High,19.62,-0.53,59,Asit Bhandarkar,3.5 years,Aims to provide capital appreciation by investing in Technology securities,Equity: 91.00% | Forgn. Eq: 6.00% | T-Bills: 3.00%,Nil,Infosys Ltd. (18.5%) | Tata Consultancy Services Ltd. (15.2%) | Bharti Airtel Ltd. (12.4%) | HCL Technologies Ltd. (9.8%) | Wipro Ltd. (7.5%) | Tech Mahindra Ltd. (6.2%) | Coforge Ltd. (4.8%) | Mphasis Ltd. (4.2%) | Persistent Systems Ltd. (3.9%) | LTIMindtree Ltd. (3.5%),25-May-2026,25-Sep-2024,0%,LTCG 12.5% after 2 years for equity,999,JM Financial Technology Fund - Regular Plan - Growth - JM Fi,"Detailed review and analysis of JM Financial Technology Fund - Regular Plan - Growth (Technology). Compare returns, expenses, holdings and risks. Start investin",JM Financial Technology Fund - Regular Plan - Growth | JM Financial Technology Fund - Regular Plan - Growth review | Technology mutual fund | Technology fund in India | JM Financial Technology | best Technology funds | JM Financial Technology Fund - Regular Plan - Growth NAV | JM Financial Technology Fund - Regular Plan - Growth returns | JM Financial Technology Fund - Regular Plan - Growth expense ratio | invest in JM Financial Technology Fund - Regular Plan - Growth | JM Financial Technology Fund - Regular Plan - Growth SIP | Technology investment 2025 | JM Financial Technology Fund - Regular Plan - Growth vs Technology | top Technology funds India | JM Financial Technology Fund - Regular Plan - Growth performance | JM Financial Technology Fund - Regular Plan - Growth fund manager | Technology fund comparison | buy JM Financial Technology Fund - Regular Plan - Growth online | JM Financial Technology Fund - Regular Plan - Growth minimum investment | Technology fund returns India
JM Financial Infrastructure Fund - Direct Plan - Growth,JM Financial,Thematic,Thematic - Infrastructure,200263,55.3541,5007.20,0.92,500,1000,3.6,20.82,20.16,14.87,Nifty Infrastructure TRI,Very High,16.59,0.86,55,Asit Bhandarkar,3.5 years,Aims to provide capital appreciation by investing in Thematic securities,Equity: 95.00% | T-Bills: 5.00%,Nil,HDFC Bank Ltd. (5.8%) | ICICI Bank Ltd. (5.2%) | Larsen & Toubro Ltd. (4.9%) | Reliance Industries Ltd. (4.5%) | Infosys Ltd. (4.1%) | Bharti Airtel Ltd. (3.8%) | Axis Bank Ltd. (3.5%) | State Bank of India (3.2%) | Tata Motors Ltd. (2.9%) | Adani Ports & SEZ Ltd. (2.6%),25-May-2026,03-Jan-2013,0%,LTCG 12.5% after 2 years for equity,999,JM Financial Infrastructure Fund - Direct Plan - Growth - JM,"Detailed review and analysis of JM Financial Infrastructure Fund - Direct Plan - Growth (Thematic). Compare returns, expenses, holdings and risks. Start investi",JM Financial Infrastructure Fund - Direct Plan - Growth | JM Financial Infrastructure Fund - Direct Plan - Growth review | Thematic mutual fund | Thematic fund in India | JM Financial Thematic | best Thematic funds | JM Financial Infrastructure Fund - Direct Plan - Growth NAV | JM Financial Infrastructure Fund - Direct Plan - Growth returns | JM Financial Infrastructure Fund - Direct Plan - Growth expense ratio | invest in JM Financial Infrastructure Fund - Direct Plan - Growth | JM Financial Infrastructure Fund - Direct Plan - Growth SIP | Thematic investment 2025 | JM Financial Infrastructure Fund - Direct Plan - Growth vs Thematic | top Thematic funds India | JM Financial Infrastructure Fund - Direct Plan - Growth performance | JM Financial Infrastructure Fund - Direct Plan - Growth fund manager | Thematic fund comparison | buy JM Financial Infrastructure Fund - Direct Plan - Growth online | JM Financial Infrastructure Fund - Direct Plan - Growth minimum investment | Thematic fund returns India
JM Financial Dividend Fund - Regular Plan - Growth,JM Financial,Thematic,Thematic - Dividend Yield,200264,10,5011.60,1.92,500,1000,0,0,0,-0.16,Nifty Dividend Opportunities 50 TRI,Moderate,16.62,-0.43,55,Asit Bhandarkar,3.5 years,Aims to provide capital appreciation by investing in Thematic securities,Equity: 95.00% | T-Bills: 5.00%,Nil,HDFC Bank Ltd. (5.8%) | ICICI Bank Ltd. (5.2%) | Larsen & Toubro Ltd. (4.9%) | Reliance Industries Ltd. (4.5%) | Infosys Ltd. (4.1%) | Bharti Airtel Ltd. (3.8%) | Axis Bank Ltd. (3.5%) | State Bank of India (3.2%) | Tata Motors Ltd. (2.9%) | Adani Ports & SEZ Ltd. (2.6%),25-May-2026,02-Apr-2006,0%,LTCG 12.5% after 2 years for equity,999,JM Financial Dividend Fund - Regular Plan - Growth - JM Fina,"Detailed review and analysis of JM Financial Dividend Fund - Regular Plan - Growth (Thematic). Compare returns, expenses, holdings and risks. Start investing to",JM Financial Dividend Fund - Regular Plan - Growth | JM Financial Dividend Fund - Regular Plan - Growth review | Thematic mutual fund | Thematic fund in India | JM Financial Thematic | best Thematic funds | JM Financial Dividend Fund - Regular Plan - Growth NAV | JM Financial Dividend Fund - Regular Plan - Growth returns | JM Financial Dividend Fund - Regular Plan - Growth expense ratio | invest in JM Financial Dividend Fund - Regular Plan - Growth | JM Financial Dividend Fund - Regular Plan - Growth SIP | Thematic investment 2025 | JM Financial Dividend Fund - Regular Plan - Growth vs Thematic | top Thematic funds India | JM Financial Dividend Fund - Regular Plan - Growth performance | JM Financial Dividend Fund - Regular Plan - Growth fund manager | Thematic fund comparison | buy JM Financial Dividend Fund - Regular Plan - Growth online | JM Financial Dividend Fund - Regular Plan - Growth minimum investment | Thematic fund returns India
JM Financial Balanced Advantage Fund - Direct Plan - Growth,JM Financial,Balanced Hybrid,Balanced Advantage Fund,200265,16.3854,13680.00,0.78,500,1000,3.08,12.3,,10.94,Nifty 50 Hybrid Composite Debt 65:35 Index,Moderately High,9.47,0.61,165,Asit Bhandarkar,3.5 years,Aims to provide capital appreciation by investing in Balanced Hybrid securities,Equity: 65.00% | Debt: 30.00% | T-Bills: 5.00%,Nil,HDFC Bank Ltd. (6.8%) | ICICI Bank Ltd. (5.5%) | Reliance Industries Ltd. (4.5%) | 8.38% GOI 2027 (4.2%) | Infosys Ltd. (3.8%) | 7.26% GOI 2032 (3.5%) | Axis Bank Ltd. (3.2%) | Bharti Airtel Ltd. (2.9%) | Larsen & Toubro Ltd. (2.6%) | Tata Consultancy Services Ltd. (2.4%),25-May-2026,07-Sep-2021,0%,LTCG 12.5% after 2 years for equity,999,JM Financial Balanced Advantage Fund - Direct Plan - Growth,"Detailed review and analysis of JM Financial Balanced Advantage Fund - Direct Plan - Growth (Balanced Hybrid). Compare returns, expenses, holdings and risks. St",JM Financial Balanced Advantage Fund - Direct Plan - Growth | JM Financial Balanced Advantage Fund - Direct Plan - Growth review | Balanced Hybrid mutual fund | Balanced Hybrid fund in India | JM Financial Balanced Hybrid | best Balanced Hybrid funds | JM Financial Balanced Advantage Fund - Direct Plan - Growth NAV | JM Financial Balanced Advantage Fund - Direct Plan - Growth returns | JM Financial Balanced Advantage Fund - Direct Plan - Growth expense ratio | invest in JM Financial Balanced Advantage Fund - Direct Plan - Growth | JM Financial Balanced Advantage Fund - Direct Plan - Growth SIP | Balanced Hybrid investment 2025 | JM Financial Balanced Advantage Fund - Direct Plan - Growth vs Balanced Hybrid | top Balanced Hybrid funds India | JM Financial Balanced Advantage Fund - Direct Plan - Growth performance | JM Financial Balanced Advantage Fund - Direct Plan - Growth fund manager | Balanced Hybrid fund comparison | buy JM Financial Balanced Advantage Fund - Direct Plan - Growth online | JM Financial Balanced Advantage Fund - Direct Plan - Growth minimum investment | Balanced Hybrid fund returns India
JM Financial International Fund - Regular Plan - Growth,JM Financial,International,Fund of Funds - Overseas,200266,11.612,3194.80,2.05,500,1000,0,0,0,0.48,MSCI World Index,Very High,15.31,-0.53,22,Asit Bhandarkar,3.5 years,Aims to provide capital appreciation by investing in International securities,Forgn. Eq: 95.00% | Cash & Equivalents: 5.00%,Nil,Apple Inc. (8.5%) | Microsoft Corp. (7.8%) | Alphabet Inc Class A (6.9%) | Amazon.com Inc. (5.2%) | NVIDIA Corp. (4.8%) | Meta Platforms Inc. (4.2%) | Tesla Inc. (3.9%) | Berkshire Hathaway Inc. (3.5%) | UnitedHealth Group Inc. (3.1%) | Johnson & Johnson (2.8%),25-May-2026,03-Apr-2006,0%,LTCG 12.5% after 2 years for equity,999,JM Financial International Fund - Regular Plan - Growth - JM,"Detailed review and analysis of JM Financial International Fund - Regular Plan - Growth (International). Compare returns, expenses, holdings and risks. Start in",JM Financial International Fund - Regular Plan - Growth | JM Financial International Fund - Regular Plan - Growth review | International mutual fund | International fund in India | JM Financial International | best International funds | JM Financial International Fund - Regular Plan - Growth NAV | JM Financial International Fund - Regular Plan - Growth returns | JM Financial International Fund - Regular Plan - Growth expense ratio | invest in JM Financial International Fund - Regular Plan - Growth | JM Financial International Fund - Regular Plan - Growth SIP | International investment 2025 | JM Financial International Fund - Regular Plan - Growth vs International | top International funds India | JM Financial International Fund - Regular Plan - Growth performance | JM Financial International Fund - Regular Plan - Growth fund manager | International fund comparison | buy JM Financial International Fund - Regular Plan - Growth online | JM Financial International Fund - Regular Plan - Growth minimum investment | International fund returns India
JM Financial Energy Fund - Direct Plan - Growth,JM Financial,Equity,Focused Fund,200267,10,10963.20,0.75,500,1000,0,0,0,-0.16,Nifty 500 TRI,Moderate,14.19,-0.53,45,Asit Bhandarkar,3.5 years,Aims to provide capital appreciation by investing in Equity securities,Equity: 97.00% | T-Bills: 3.00%,Nil,HDFC Bank Ltd. (8.8%) | ICICI Bank Ltd. (7.5%) | Reliance Industries Ltd. (6.2%) | Infosys Ltd. (5.8%) | Axis Bank Ltd. (5.1%) | Larsen & Toubro Ltd. (4.5%) | Bharti Airtel Ltd. (4.1%) | Sun Pharmaceutical Industries Ltd. (3.8%) | Tata Consultancy Services Ltd. (3.5%) | State Bank of India (3.2%),25-May-2026,02-Apr-2006,0%,LTCG 12.5% after 2 years for equity,999,JM Financial Energy Fund - Direct Plan - Growth - JM Financi,"Detailed review and analysis of JM Financial Energy Fund - Direct Plan - Growth (Equity). Compare returns, expenses, holdings and risks. Start investing today.",JM Financial Energy Fund - Direct Plan - Growth | JM Financial Energy Fund - Direct Plan - Growth review | Equity mutual fund | Equity fund in India | JM Financial Equity | best Equity funds | JM Financial Energy Fund - Direct Plan - Growth NAV | JM Financial Energy Fund - Direct Plan - Growth returns | JM Financial Energy Fund - Direct Plan - Growth expense ratio | invest in JM Financial Energy Fund - Direct Plan - Growth | JM Financial Energy Fund - Direct Plan - Growth SIP | Equity investment 2025 | JM Financial Energy Fund - Direct Plan - Growth vs Equity | top Equity funds India | JM Financial Energy Fund - Direct Plan - Growth performance | JM Financial Energy Fund - Direct Plan - Growth fund manager | Equity fund comparison | buy JM Financial Energy Fund - Direct Plan - Growth online | JM Financial Energy Fund - Direct Plan - Growth minimum investment | Equity fund returns India
JM Financial Pharma Fund - Regular Plan - Growth,JM Financial,Pharma,Sectoral - Pharma & Healthcare,200268,10,4572.00,1.95,500,1000,0,0,0,-0.16,Nifty Pharma TRI,Very High,16.34,-0.53,57,Asit Bhandarkar,3.5 years,Aims to provide capital appreciation by investing in Pharma securities,Equity: 96.00% | T-Bills: 4.00%,Nil,Sun Pharmaceutical Industries Ltd. (20.5%) | Dr. Reddy's Laboratories Ltd. (12.8%) | Cipla Ltd. (10.4%) | Divi's Laboratories Ltd. (9.8%) | Torrent Pharmaceuticals Ltd. (7.2%) | Aurobindo Pharma Ltd. (5.8%) | Alkem Laboratories Ltd. (5.2%) | Lupin Ltd. (4.9%) | Ipca Laboratories Ltd. (3.8%) | Mankind Pharma Ltd. (3.5%),25-May-2026,02-Apr-2006,0%,LTCG 12.5% after 2 years for equity,999,JM Financial Pharma Fund - Regular Plan - Growth - JM Financ,"Detailed review and analysis of JM Financial Pharma Fund - Regular Plan - Growth (Pharma). Compare returns, expenses, holdings and risks. Start investing today.",JM Financial Pharma Fund - Regular Plan - Growth | JM Financial Pharma Fund - Regular Plan - Growth review | Pharma mutual fund | Pharma fund in India | JM Financial Pharma | best Pharma funds | JM Financial Pharma Fund - Regular Plan - Growth NAV | JM Financial Pharma Fund - Regular Plan - Growth returns | JM Financial Pharma Fund - Regular Plan - Growth expense ratio | invest in JM Financial Pharma Fund - Regular Plan - Growth | JM Financial Pharma Fund - Regular Plan - Growth SIP | Pharma investment 2025 | JM Financial Pharma Fund - Regular Plan - Growth vs Pharma | top Pharma funds India | JM Financial Pharma Fund - Regular Plan - Growth performance | JM Financial Pharma Fund - Regular Plan - Growth fund manager | Pharma fund comparison | buy JM Financial Pharma Fund - Regular Plan - Growth online | JM Financial Pharma Fund - Regular Plan - Growth minimum investment | Pharma fund returns India
JM Financial Auto Fund - Direct Plan - Growth,JM Financial,Sectoral,Sectoral - Banking & Financial Services,200269,10.821,1613,0.79,500,1000,2.13,15.75,14.92,-0.03,Nifty Financial Services TRI,Moderate,18.16,0.51,68,Asit Bhandarkar,3.5 years,Aims to provide capital appreciation by investing in Sectoral securities,Equity: 96.00% | T-Bills: 4.00%,Nil,HDFC Bank Ltd. (8.5%) | ICICI Bank Ltd. (7.2%) | State Bank of India (5.8%) | Axis Bank Ltd. (5.2%) | Kotak Mahindra Bank Ltd. (4.9%) | IndusInd Bank Ltd. (4.5%) | Infosys Ltd. (4.1%) | TCS Ltd. (3.8%) | Bharti Airtel Ltd. (3.5%) | Reliance Industries Ltd. (3.2%),25-May-2026,02-Apr-2006,0%,LTCG 12.5% after 2 years for equity,999,JM Financial Auto Fund - Direct Plan - Growth - JM Financial,"Detailed review and analysis of JM Financial Auto Fund - Direct Plan - Growth (Sectoral). Compare returns, expenses, holdings and risks. Start investing today.",JM Financial Auto Fund - Direct Plan - Growth | JM Financial Auto Fund - Direct Plan - Growth review | Sectoral mutual fund | Sectoral fund in India | JM Financial Sectoral | best Sectoral funds | JM Financial Auto Fund - Direct Plan - Growth NAV | JM Financial Auto Fund - Direct Plan - Growth returns | JM Financial Auto Fund - Direct Plan - Growth expense ratio | invest in JM Financial Auto Fund - Direct Plan - Growth | JM Financial Auto Fund - Direct Plan - Growth SIP | Sectoral investment 2025 | JM Financial Auto Fund - Direct Plan - Growth vs Sectoral | top Sectoral funds India | JM Financial Auto Fund - Direct Plan - Growth performance | JM Financial Auto Fund - Direct Plan - Growth fund manager | Sectoral fund comparison | buy JM Financial Auto Fund - Direct Plan - Growth online | JM Financial Auto Fund - Direct Plan - Growth minimum investment | Sectoral fund returns India
JM Financial Manufacturing Fund - Regular Plan - Growth,JM Financial,Equity,Focused Fund,200270,14.86,10992.00,1.75,500,1000,10.24,0,0,17.3,Nifty 500 TRI,Moderate,14.26,-0.53,46,Asit Bhandarkar,3.5 years,Aims to provide capital appreciation by investing in Equity securities,Equity: 97.00% | T-Bills: 3.00%,Nil,HDFC Bank Ltd. (8.8%) | ICICI Bank Ltd. (7.5%) | Reliance Industries Ltd. (6.2%) | Infosys Ltd. (5.8%) | Axis Bank Ltd. (5.1%) | Larsen & Toubro Ltd. (4.5%) | Bharti Airtel Ltd. (4.1%) | Sun Pharmaceutical Industries Ltd. (3.8%) | Tata Consultancy Services Ltd. (3.5%) | State Bank of India (3.2%),25-May-2026,27-Dec-2023,0%,LTCG 12.5% after 2 years for equity,999,JM Financial Manufacturing Fund - Regular Plan - Growth - JM,"Detailed review and analysis of JM Financial Manufacturing Fund - Regular Plan - Growth (Equity). Compare returns, expenses, holdings and risks. Start investing",JM Financial Manufacturing Fund - Regular Plan - Growth | JM Financial Manufacturing Fund - Regular Plan - Growth review | Equity mutual fund | Equity fund in India | JM Financial Equity | best Equity funds | JM Financial Manufacturing Fund - Regular Plan - Growth NAV | JM Financial Manufacturing Fund - Regular Plan - Growth returns | JM Financial Manufacturing Fund - Regular Plan - Growth expense ratio | invest in JM Financial Manufacturing Fund - Regular Plan - Growth | JM Financial Manufacturing Fund - Regular Plan - Growth SIP | Equity investment 2025 | JM Financial Manufacturing Fund - Regular Plan - Growth vs Equity | top Equity funds India | JM Financial Manufacturing Fund - Regular Plan - Growth performance | JM Financial Manufacturing Fund - Regular Plan - Growth fund manager | Equity fund comparison | buy JM Financial Manufacturing Fund - Regular Plan - Growth online | JM Financial Manufacturing Fund - Regular Plan - Growth minimum investment | Equity fund returns India
Sundaram Mutual Fund Large Cap Fund - Direct Plan - Growth,Sundaram Mutual Fund,Large Cap,Large Cap Fund,200271,1574.1826,13378,1.43,500,1000,7.79,23.96,20.08,17.9,Nifty 50,Very High,12.58,1.39,29,S. Krishnakumar,3.5 years,Aims to provide capital appreciation by investing in Large Cap securities,Equity: 96.00% | T-Bills: 4.00%,Nil,HDFC Bank Ltd. (8.5%) | ICICI Bank Ltd. (7.8%) | Reliance Industries Ltd. (6.9%) | Infosys Ltd. (5.2%) | Larsen & Toubro Ltd. (4.8%) | Axis Bank Ltd. (3.9%) | Tata Consultancy Services Ltd. (3.7%) | Bharti Airtel Ltd. (3.4%) | State Bank of India (3.1%) | ITC Ltd. (2.8%),25-May-2026,02-Jan-2013,0%,LTCG 12.5% after 2 years for equity,999,Sundaram Mutual Fund Large Cap Fund - Direct Plan - Growth -,"Detailed review and analysis of Sundaram Mutual Fund Large Cap Fund - Direct Plan - Growth (Large Cap). Compare returns, expenses, holdings and risks. Start inv",Sundaram Mutual Fund Large Cap Fund - Direct Plan - Growth | Sundaram Mutual Fund Large Cap Fund - Direct Plan - Growth review | Large Cap mutual fund | Large Cap fund in India | Sundaram Mutual Fund Large Cap | best Large Cap funds | Sundaram Mutual Fund Large Cap Fund - Direct Plan - Growth NAV | Sundaram Mutual Fund Large Cap Fund - Direct Plan - Growth returns | Sundaram Mutual Fund Large Cap Fund - Direct Plan - Growth expense ratio | invest in Sundaram Mutual Fund Large Cap Fund - Direct Plan - Growth | Sundaram Mutual Fund Large Cap Fund - Direct Plan - Growth SIP | Large Cap investment 2025 | Sundaram Mutual Fund Large Cap Fund - Direct Plan - Growth vs Large Cap | top Large Cap funds India | Sundaram Mutual Fund Large Cap Fund - Direct Plan - Growth performance | Sundaram Mutual Fund Large Cap Fund - Direct Plan - Growth fund manager | Large Cap fund comparison | buy Sundaram Mutual Fund Large Cap Fund - Direct Plan - Growth online | Sundaram Mutual Fund Large Cap Fund - Direct Plan - Growth minimum investment | Large Cap fund returns India
Sundaram Mutual Fund Mid Cap Fund - Regular Plan - Growth,Sundaram Mutual Fund,Mid Cap,Mid Cap Fund,200272,1431.5632,13764.00,1.75,500,1000,6.91,22.93,19.07,15.59,Nifty Midcap 150 TRI,Very High,16.42,1.00,41,S. Krishnakumar,3.5 years,Aims to provide capital appreciation by investing in Mid Cap securities,Equity: 94.00% | T-Bills: 6.00%,Nil,Voltas Ltd. (3.8%) | Mphasis Ltd. (3.5%) | Coforge Ltd. (3.2%) | Sundram Fasteners Ltd. (2.9%) | Persistent Systems Ltd. (2.7%) | Zydus Lifesciences Ltd. (2.5%) | Crompton Greaves Consumer Electricals Ltd. (2.4%) | Oberoi Realty Ltd. (2.2%) | Tube Investments of India Ltd. (2.1%) | Emami Ltd. (2.0%),25-May-2026,03-Apr-2006,0%,LTCG 12.5% after 2 years for equity,999,Sundaram Mutual Fund Mid Cap Fund - Regular Plan - Growth -,"Detailed review and analysis of Sundaram Mutual Fund Mid Cap Fund - Regular Plan - Growth (Mid Cap). Compare returns, expenses, holdings and risks. Start invest",Sundaram Mutual Fund Mid Cap Fund - Regular Plan - Growth | Sundaram Mutual Fund Mid Cap Fund - Regular Plan - Growth review | Mid Cap mutual fund | Mid Cap fund in India | Sundaram Mutual Fund Mid Cap | best Mid Cap funds | Sundaram Mutual Fund Mid Cap Fund - Regular Plan - Growth NAV | Sundaram Mutual Fund Mid Cap Fund - Regular Plan - Growth returns | Sundaram Mutual Fund Mid Cap Fund - Regular Plan - Growth expense ratio | invest in Sundaram Mutual Fund Mid Cap Fund - Regular Plan - Growth | Sundaram Mutual Fund Mid Cap Fund - Regular Plan - Growth SIP | Mid Cap investment 2025 | Sundaram Mutual Fund Mid Cap Fund - Regular Plan - Growth vs Mid Cap | top Mid Cap funds India | Sundaram Mutual Fund Mid Cap Fund - Regular Plan - Growth performance | Sundaram Mutual Fund Mid Cap Fund - Regular Plan - Growth fund manager | Mid Cap fund comparison | buy Sundaram Mutual Fund Mid Cap Fund - Regular Plan - Growth online | Sundaram Mutual Fund Mid Cap Fund - Regular Plan - Growth minimum investment | Mid Cap fund returns India
Sundaram Mutual Fund Small Cap Fund - Direct Plan - Growth,Sundaram Mutual Fund,Small Cap,Small Cap Fund,200273,308.6114,3563,0.85,500,1000,11.68,21.2,19.02,17.78,Nifty Smallcap 250 TRI,Very High,19.24,0.76,33,S. Krishnakumar,3.5 years,Aims to provide capital appreciation by investing in Small Cap securities,Equity: 91.00% | Cash & Equivalents: 9.00%,Nil,Aarti Drugs Ltd. (3.2%) | Hatsun Agro Product Ltd. (2.9%) | National Aluminium Company Ltd. (2.7%) | VST Tillers Tractors Ltd. (2.5%) | Repco Home Finance Ltd. (2.3%) | RACL Geartech Ltd. (2.1%) | Neuland Laboratories Ltd. (2.0%) | Mold-Tek Packaging Ltd. (1.9%) | NIIT Learning Systems Ltd. (1.8%) | Nuvama Wealth Management Ltd. (1.7%),25-May-2026,02-Jan-2013,0%,LTCG 12.5% after 2 years for equity,999,Sundaram Mutual Fund Small Cap Fund - Direct Plan - Growth -,"Detailed review and analysis of Sundaram Mutual Fund Small Cap Fund - Direct Plan - Growth (Small Cap). Compare returns, expenses, holdings and risks. Start inv",Sundaram Mutual Fund Small Cap Fund - Direct Plan - Growth | Sundaram Mutual Fund Small Cap Fund - Direct Plan - Growth review | Small Cap mutual fund | Small Cap fund in India | Sundaram Mutual Fund Small Cap | best Small Cap funds | Sundaram Mutual Fund Small Cap Fund - Direct Plan - Growth NAV | Sundaram Mutual Fund Small Cap Fund - Direct Plan - Growth returns | Sundaram Mutual Fund Small Cap Fund - Direct Plan - Growth expense ratio | invest in Sundaram Mutual Fund Small Cap Fund - Direct Plan - Growth | Sundaram Mutual Fund Small Cap Fund - Direct Plan - Growth SIP | Small Cap investment 2025 | Sundaram Mutual Fund Small Cap Fund - Direct Plan - Growth vs Small Cap | top Small Cap funds India | Sundaram Mutual Fund Small Cap Fund - Direct Plan - Growth performance | Sundaram Mutual Fund Small Cap Fund - Direct Plan - Growth fund manager | Small Cap fund comparison | buy Sundaram Mutual Fund Small Cap Fund - Direct Plan - Growth online | Sundaram Mutual Fund Small Cap Fund - Direct Plan - Growth minimum investment | Small Cap fund returns India
Sundaram Mutual Fund Multi Cap Fund - Regular Plan - Growth,Sundaram Mutual Fund,Multi Cap,Multi Cap Fund,200274,1431.5632,16545.60,1.68,500,1000,6.91,22.93,19.07,15.59,Nifty 500 Multicap 50:25:25 TRI,Very High,14.80,1.11,50,S. Krishnakumar,3.5 years,Aims to provide capital appreciation by investing in Multi Cap securities,Equity: 97.00% | T-Bills: 3.00%,Nil,HDFC Bank Ltd. (6.5%) | ICICI Bank Ltd. (5.8%) | Reliance Industries Ltd. (4.9%) | Infosys Ltd. (4.2%) | Axis Bank Ltd. (3.6%) | Larsen & Toubro Ltd. (3.2%) | Tata Consultancy Services Ltd. (2.9%) | Bharti Airtel Ltd. (2.7%) | State Bank of India (2.4%) | Sun Pharmaceutical Industries Ltd. (2.2%),25-May-2026,03-Apr-2006,0%,LTCG 12.5% after 2 years for equity,999,Sundaram Mutual Fund Multi Cap Fund - Regular Plan - Growth,"Detailed review and analysis of Sundaram Mutual Fund Multi Cap Fund - Regular Plan - Growth (Multi Cap). Compare returns, expenses, holdings and risks. Start in",Sundaram Mutual Fund Multi Cap Fund - Regular Plan - Growth | Sundaram Mutual Fund Multi Cap Fund - Regular Plan - Growth review | Multi Cap mutual fund | Multi Cap fund in India | Sundaram Mutual Fund Multi Cap | best Multi Cap funds | Sundaram Mutual Fund Multi Cap Fund - Regular Plan - Growth NAV | Sundaram Mutual Fund Multi Cap Fund - Regular Plan - Growth returns | Sundaram Mutual Fund Multi Cap Fund - Regular Plan - Growth expense ratio | invest in Sundaram Mutual Fund Multi Cap Fund - Regular Plan - Growth | Sundaram Mutual Fund Multi Cap Fund - Regular Plan - Growth SIP | Multi Cap investment 2025 | Sundaram Mutual Fund Multi Cap Fund - Regular Plan - Growth vs Multi Cap | top Multi Cap funds India | Sundaram Mutual Fund Multi Cap Fund - Regular Plan - Growth performance | Sundaram Mutual Fund Multi Cap Fund - Regular Plan - Growth fund manager | Multi Cap fund comparison | buy Sundaram Mutual Fund Multi Cap Fund - Regular Plan - Growth online | Sundaram Mutual Fund Multi Cap Fund - Regular Plan - Growth minimum investment | Multi Cap fund returns India
Sundaram Mutual Fund Flexi Cap Fund - Direct Plan - Growth,Sundaram Mutual Fund,Flexi Cap,Flexi Cap Fund,200275,1574.1826,12880.00,0.72,500,1000,7.79,23.96,20.08,17.9,Nifty 500 TRI,Very High,14.05,1.24,45,S. Krishnakumar,3.5 years,Aims to provide capital appreciation by investing in Flexi Cap securities,Equity: 95.00% | T-Bills: 5.00%,Nil,HDFC Bank Ltd. (8.2%) | ICICI Bank Ltd. (6.9%) | Infosys Ltd. (5.5%) | Reliance Industries Ltd. (5.1%) | Axis Bank Ltd. (4.2%) | Larsen & Toubro Ltd. (3.8%) | Tata Consultancy Services Ltd. (3.4%) | Bharti Airtel Ltd. (3.1%) | Sun Pharmaceutical Industries Ltd. (2.8%) | Kotak Mahindra Bank Ltd. (2.5%),25-May-2026,02-Jan-2013,0%,LTCG 12.5% after 2 years for equity,999,Sundaram Mutual Fund Flexi Cap Fund - Direct Plan - Growth -,"Detailed review and analysis of Sundaram Mutual Fund Flexi Cap Fund - Direct Plan - Growth (Flexi Cap). Compare returns, expenses, holdings and risks. Start inv",Sundaram Mutual Fund Flexi Cap Fund - Direct Plan - Growth | Sundaram Mutual Fund Flexi Cap Fund - Direct Plan - Growth review | Flexi Cap mutual fund | Flexi Cap fund in India | Sundaram Mutual Fund Flexi Cap | best Flexi Cap funds | Sundaram Mutual Fund Flexi Cap Fund - Direct Plan - Growth NAV | Sundaram Mutual Fund Flexi Cap Fund - Direct Plan - Growth returns | Sundaram Mutual Fund Flexi Cap Fund - Direct Plan - Growth expense ratio | invest in Sundaram Mutual Fund Flexi Cap Fund - Direct Plan - Growth | Sundaram Mutual Fund Flexi Cap Fund - Direct Plan - Growth SIP | Flexi Cap investment 2025 | Sundaram Mutual Fund Flexi Cap Fund - Direct Plan - Growth vs Flexi Cap | top Flexi Cap funds India | Sundaram Mutual Fund Flexi Cap Fund - Direct Plan - Growth performance | Sundaram Mutual Fund Flexi Cap Fund - Direct Plan - Growth fund manager | Flexi Cap fund comparison | buy Sundaram Mutual Fund Flexi Cap Fund - Direct Plan - Growth online | Sundaram Mutual Fund Flexi Cap Fund - Direct Plan - Growth minimum investment | Flexi Cap fund returns India
Sundaram Mutual Fund ELSS Tax Saver Fund - Regular Plan - Growth,Sundaram Mutual Fund,ELSS,ELSS (Tax Saving),200276,483.3747,9208.00,1.85,500,1000,-3.31,11.63,7.85,9.01,Nifty 500 TRI,Very High,15.15,0.34,38,S. Krishnakumar,3.5 years,Aims to provide capital appreciation by investing in ELSS securities,Equity: 96.00% | T-Bills: 4.00%,Nil,ICICI Bank Ltd. (8.5%) | HDFC Bank Ltd. (7.2%) | Infosys Ltd. (5.8%) | Reliance Industries Ltd. (5.2%) | Axis Bank Ltd. (4.9%) | Kotak Mahindra Bank Ltd. (4.3%) | Sun Pharmaceutical Industries Ltd. (3.9%) | Bharti Airtel Ltd. (3.5%) | Larsen & Toubro Ltd. (3.2%) | Tata Consultancy Services Ltd. (2.9%),25-May-2026,03-Jan-2022,0%,LTCG 12.5% after 2 years for equity,999,Sundaram Mutual Fund ELSS Tax Saver Fund - Regular Plan - Gr,"Detailed review and analysis of Sundaram Mutual Fund ELSS Tax Saver Fund - Regular Plan - Growth (ELSS). Compare returns, expenses, holdings and risks. Start in",Sundaram Mutual Fund ELSS Tax Saver Fund - Regular Plan - Growth | Sundaram Mutual Fund ELSS Tax Saver Fund - Regular Plan - Growth review | ELSS mutual fund | ELSS fund in India | Sundaram Mutual Fund ELSS | best ELSS funds | Sundaram Mutual Fund ELSS Tax Saver Fund - Regular Plan - Growth NAV | Sundaram Mutual Fund ELSS Tax Saver Fund - Regular Plan - Growth returns | Sundaram Mutual Fund ELSS Tax Saver Fund - Regular Plan - Growth expense ratio | invest in Sundaram Mutual Fund ELSS Tax Saver Fund - Regular Plan - Growth | Sundaram Mutual Fund ELSS Tax Saver Fund - Regular Plan - Growth SIP | ELSS investment 2025 | Sundaram Mutual Fund ELSS Tax Saver Fund - Regular Plan - Growth vs ELSS | top ELSS funds India | Sundaram Mutual Fund ELSS Tax Saver Fund - Regular Plan - Growth performance | Sundaram Mutual Fund ELSS Tax Saver Fund - Regular Plan - Growth fund manager | ELSS fund comparison | buy Sundaram Mutual Fund ELSS Tax Saver Fund - Regular Plan - Growth online | Sundaram Mutual Fund ELSS Tax Saver Fund - Regular Plan - Growth minimum investment | ELSS fund returns India
Sundaram Mutual Fund Liquid Fund - Direct Plan - Growth,Sundaram Mutual Fund,Liquid Fund,Liquid Fund,200277,220.2472,1323,1.65,500,1000,-3.97,9.88,10.99,11.94,NIFTY Liquid Index,Low,0.13,26.00,277,S. Krishnakumar,3.5 years,Aims to provide capital appreciation by investing in Liquid Fund securities,T-Bills: 65.00% | CD: 20.00% | CP: 10.00% | Cash: 5.00%,Nil,State Bank of India CD (8.5%) | HDFC Bank CD (7.2%) | Reliance Industries T-Bills (6.8%) | ICICI Bank CP (5.9%) | 182-Day T-Bill (5.5%) | National Bank For Agriculture And Rural Development (5.2%) | 91-Day T-Bill (4.8%) | Kotak Mahindra Bank CD (4.5%) | Axis Bank CP (4.1%) | Power Finance Corporation (3.8%),25-May-2026,02-Jan-2013,0%,LTCG 12.5% after 2 years for equity,999,Sundaram Mutual Fund Liquid Fund - Direct Plan - Growth - Su,"Detailed review and analysis of Sundaram Mutual Fund Liquid Fund - Direct Plan - Growth (Liquid Fund). Compare returns, expenses, holdings and risks. Start inve",Sundaram Mutual Fund Liquid Fund - Direct Plan - Growth | Sundaram Mutual Fund Liquid Fund - Direct Plan - Growth review | Liquid Fund mutual fund | Liquid Fund fund in India | Sundaram Mutual Fund Liquid Fund | best Liquid Fund funds | Sundaram Mutual Fund Liquid Fund - Direct Plan - Growth NAV | Sundaram Mutual Fund Liquid Fund - Direct Plan - Growth returns | Sundaram Mutual Fund Liquid Fund - Direct Plan - Growth expense ratio | invest in Sundaram Mutual Fund Liquid Fund - Direct Plan - Growth | Sundaram Mutual Fund Liquid Fund - Direct Plan - Growth SIP | Liquid Fund investment 2025 | Sundaram Mutual Fund Liquid Fund - Direct Plan - Growth vs Liquid Fund | top Liquid Fund funds India | Sundaram Mutual Fund Liquid Fund - Direct Plan - Growth performance | Sundaram Mutual Fund Liquid Fund - Direct Plan - Growth fund manager | Liquid Fund fund comparison | buy Sundaram Mutual Fund Liquid Fund - Direct Plan - Growth online | Sundaram Mutual Fund Liquid Fund - Direct Plan - Growth minimum investment | Liquid Fund fund returns India
Sundaram Mutual Fund Debt Fund - Regular Plan - Growth,Sundaram Mutual Fund,Debt,Short Duration Fund,200278,206.9742,7379.20,1.05,500,1000,-4.48,9.28,10.37,10.92,CRISIL Composite Bond Fund Index,Moderate,3.48,0.80,222,S. Krishnakumar,3.5 years,Aims to provide capital appreciation by investing in Debt securities,Debenture: 40.00% | SDL: 30.00% | T-Bills: 20.00% | GOI Sec: 10.00%,Nil,National Bank For Agriculture And Rural Development (5.8%) | Power Finance Corporation Ltd. (5.2%) | Rural Electrification Corporation Ltd. (4.9%) | 7.26% GOI 2032 (4.5%) | State Bank of India (4.1%) | National Highways Authority of India (3.8%) | Housing Development Finance Corporation Ltd. (3.5%) | Indian Railway Finance Corporation Ltd. (3.2%) | HDFC Bank Ltd. (2.9%) | Bajaj Finance Ltd. (2.5%),25-May-2026,03-Apr-2006,0%,LTCG 12.5% after 2 years for equity,999,Sundaram Mutual Fund Debt Fund - Regular Plan - Growth - Sun,"Detailed review and analysis of Sundaram Mutual Fund Debt Fund - Regular Plan - Growth (Debt). Compare returns, expenses, holdings and risks. Start investing to",Sundaram Mutual Fund Debt Fund - Regular Plan - Growth | Sundaram Mutual Fund Debt Fund - Regular Plan - Growth review | Debt mutual fund | Debt fund in India | Sundaram Mutual Fund Debt | best Debt funds | Sundaram Mutual Fund Debt Fund - Regular Plan - Growth NAV | Sundaram Mutual Fund Debt Fund - Regular Plan - Growth returns | Sundaram Mutual Fund Debt Fund - Regular Plan - Growth expense ratio | invest in Sundaram Mutual Fund Debt Fund - Regular Plan - Growth | Sundaram Mutual Fund Debt Fund - Regular Plan - Growth SIP | Debt investment 2025 | Sundaram Mutual Fund Debt Fund - Regular Plan - Growth vs Debt | top Debt funds India | Sundaram Mutual Fund Debt Fund - Regular Plan - Growth performance | Sundaram Mutual Fund Debt Fund - Regular Plan - Growth fund manager | Debt fund comparison | buy Sundaram Mutual Fund Debt Fund - Regular Plan - Growth online | Sundaram Mutual Fund Debt Fund - Regular Plan - Growth minimum investment | Debt fund returns India
Sundaram Mutual Fund Banking Fund - Direct Plan - Growth,Sundaram Mutual Fund,Banking,Sectoral - Banking & Financial Services,200279,220.2472,6462.40,0.92,500,1000,-3.97,9.88,10.99,11.94,Nifty Bank TRI,Very High,17.31,0.20,56,S. Krishnakumar,3.5 years,Aims to provide capital appreciation by investing in Banking securities,Equity: 97.00% | T-Bills: 3.00%,Nil,HDFC Bank Ltd. (22.5%) | ICICI Bank Ltd. (19.8%) | State Bank of India (12.4%) | Axis Bank Ltd. (10.8%) | Kotak Mahindra Bank Ltd. (8.5%) | Bank of Baroda (5.2%) | IndusInd Bank Ltd. (4.8%) | Federal Bank Ltd. (3.9%) | AU Small Finance Bank Ltd. (3.5%) | Punjab National Bank (2.8%),25-May-2026,02-Jan-2013,0%,LTCG 12.5% after 2 years for equity,999,Sundaram Mutual Fund Banking Fund - Direct Plan - Growth - S,"Detailed review and analysis of Sundaram Mutual Fund Banking Fund - Direct Plan - Growth (Banking). Compare returns, expenses, holdings and risks. Start investi",Sundaram Mutual Fund Banking Fund - Direct Plan - Growth | Sundaram Mutual Fund Banking Fund - Direct Plan - Growth review | Banking mutual fund | Banking fund in India | Sundaram Mutual Fund Banking | best Banking funds | Sundaram Mutual Fund Banking Fund - Direct Plan - Growth NAV | Sundaram Mutual Fund Banking Fund - Direct Plan - Growth returns | Sundaram Mutual Fund Banking Fund - Direct Plan - Growth expense ratio | invest in Sundaram Mutual Fund Banking Fund - Direct Plan - Growth | Sundaram Mutual Fund Banking Fund - Direct Plan - Growth SIP | Banking investment 2025 | Sundaram Mutual Fund Banking Fund - Direct Plan - Growth vs Banking | top Banking funds India | Sundaram Mutual Fund Banking Fund - Direct Plan - Growth performance | Sundaram Mutual Fund Banking Fund - Direct Plan - Growth fund manager | Banking fund comparison | buy Sundaram Mutual Fund Banking Fund - Direct Plan - Growth online | Sundaram Mutual Fund Banking Fund - Direct Plan - Growth minimum investment | Banking fund returns India
Sundaram Mutual Fund Technology Fund - Regular Plan - Growth,Sundaram Mutual Fund,Technology,Sectoral - Technology,200280,206.9742,8316.00,1.98,500,1000,-4.48,9.28,10.37,10.92,Nifty IT TRI,Very High,20.25,0.14,64,S. Krishnakumar,3.5 years,Aims to provide capital appreciation by investing in Technology securities,Equity: 91.00% | Forgn. Eq: 6.00% | T-Bills: 3.00%,Nil,Infosys Ltd. (18.5%) | Tata Consultancy Services Ltd. (15.2%) | Bharti Airtel Ltd. (12.4%) | HCL Technologies Ltd. (9.8%) | Wipro Ltd. (7.5%) | Tech Mahindra Ltd. (6.2%) | Coforge Ltd. (4.8%) | Mphasis Ltd. (4.2%) | Persistent Systems Ltd. (3.9%) | LTIMindtree Ltd. (3.5%),25-May-2026,03-Apr-2006,0%,LTCG 12.5% after 2 years for equity,999,Sundaram Mutual Fund Technology Fund - Regular Plan - Growth,"Detailed review and analysis of Sundaram Mutual Fund Technology Fund - Regular Plan - Growth (Technology). Compare returns, expenses, holdings and risks. Start ",Sundaram Mutual Fund Technology Fund - Regular Plan - Growth | Sundaram Mutual Fund Technology Fund - Regular Plan - Growth review | Technology mutual fund | Technology fund in India | Sundaram Mutual Fund Technology | best Technology funds | Sundaram Mutual Fund Technology Fund - Regular Plan - Growth NAV | Sundaram Mutual Fund Technology Fund - Regular Plan - Growth returns | Sundaram Mutual Fund Technology Fund - Regular Plan - Growth expense ratio | invest in Sundaram Mutual Fund Technology Fund - Regular Plan - Growth | Sundaram Mutual Fund Technology Fund - Regular Plan - Growth SIP | Technology investment 2025 | Sundaram Mutual Fund Technology Fund - Regular Plan - Growth vs Technology | top Technology funds India | Sundaram Mutual Fund Technology Fund - Regular Plan - Growth performance | Sundaram Mutual Fund Technology Fund - Regular Plan - Growth fund manager | Technology fund comparison | buy Sundaram Mutual Fund Technology Fund - Regular Plan - Growth online | Sundaram Mutual Fund Technology Fund - Regular Plan - Growth minimum investment | Technology fund returns India
Sundaram Mutual Fund Infrastructure Fund - Direct Plan - Growth,Sundaram Mutual Fund,Thematic,Thematic - Infrastructure,200281,55.3541,990,1.7,500,1000,3.6,20.82,20.16,14.87,Nifty Infrastructure TRI,Very High,17.13,0.84,61,S. Krishnakumar,3.5 years,Aims to provide capital appreciation by investing in Thematic securities,Equity: 95.00% | T-Bills: 5.00%,Nil,HDFC Bank Ltd. (5.8%) | ICICI Bank Ltd. (5.2%) | Larsen & Toubro Ltd. (4.9%) | Reliance Industries Ltd. (4.5%) | Infosys Ltd. (4.1%) | Bharti Airtel Ltd. (3.8%) | Axis Bank Ltd. (3.5%) | State Bank of India (3.2%) | Tata Motors Ltd. (2.9%) | Adani Ports & SEZ Ltd. (2.6%),25-May-2026,03-Jan-2013,0%,LTCG 12.5% after 2 years for equity,999,Sundaram Mutual Fund Infrastructure Fund - Direct Plan - Gro,"Detailed review and analysis of Sundaram Mutual Fund Infrastructure Fund - Direct Plan - Growth (Thematic). Compare returns, expenses, holdings and risks. Start",Sundaram Mutual Fund Infrastructure Fund - Direct Plan - Growth | Sundaram Mutual Fund Infrastructure Fund - Direct Plan - Growth review | Thematic mutual fund | Thematic fund in India | Sundaram Mutual Fund Thematic | best Thematic funds | Sundaram Mutual Fund Infrastructure Fund - Direct Plan - Growth NAV | Sundaram Mutual Fund Infrastructure Fund - Direct Plan - Growth returns | Sundaram Mutual Fund Infrastructure Fund - Direct Plan - Growth expense ratio | invest in Sundaram Mutual Fund Infrastructure Fund - Direct Plan - Growth | Sundaram Mutual Fund Infrastructure Fund - Direct Plan - Growth SIP | Thematic investment 2025 | Sundaram Mutual Fund Infrastructure Fund - Direct Plan - Growth vs Thematic | top Thematic funds India | Sundaram Mutual Fund Infrastructure Fund - Direct Plan - Growth performance | Sundaram Mutual Fund Infrastructure Fund - Direct Plan - Growth fund manager | Thematic fund comparison | buy Sundaram Mutual Fund Infrastructure Fund - Direct Plan - Growth online | Sundaram Mutual Fund Infrastructure Fund - Direct Plan - Growth minimum investment | Thematic fund returns India
Sundaram Mutual Fund Dividend Fund - Regular Plan - Growth,Sundaram Mutual Fund,Thematic,Thematic - Dividend Yield,200282,206.9742,5090.80,1.92,500,1000,-4.48,9.28,10.37,10.92,Nifty Dividend Opportunities 50 TRI,Moderate,17.16,0.16,61,S. Krishnakumar,3.5 years,Aims to provide capital appreciation by investing in Thematic securities,Equity: 95.00% | T-Bills: 5.00%,Nil,HDFC Bank Ltd. (5.8%) | ICICI Bank Ltd. (5.2%) | Larsen & Toubro Ltd. (4.9%) | Reliance Industries Ltd. (4.5%) | Infosys Ltd. (4.1%) | Bharti Airtel Ltd. (3.8%) | Axis Bank Ltd. (3.5%) | State Bank of India (3.2%) | Tata Motors Ltd. (2.9%) | Adani Ports & SEZ Ltd. (2.6%),25-May-2026,03-Apr-2006,0%,LTCG 12.5% after 2 years for equity,999,Sundaram Mutual Fund Dividend Fund - Regular Plan - Growth -,"Detailed review and analysis of Sundaram Mutual Fund Dividend Fund - Regular Plan - Growth (Thematic). Compare returns, expenses, holdings and risks. Start inve",Sundaram Mutual Fund Dividend Fund - Regular Plan - Growth | Sundaram Mutual Fund Dividend Fund - Regular Plan - Growth review | Thematic mutual fund | Thematic fund in India | Sundaram Mutual Fund Thematic | best Thematic funds | Sundaram Mutual Fund Dividend Fund - Regular Plan - Growth NAV | Sundaram Mutual Fund Dividend Fund - Regular Plan - Growth returns | Sundaram Mutual Fund Dividend Fund - Regular Plan - Growth expense ratio | invest in Sundaram Mutual Fund Dividend Fund - Regular Plan - Growth | Sundaram Mutual Fund Dividend Fund - Regular Plan - Growth SIP | Thematic investment 2025 | Sundaram Mutual Fund Dividend Fund - Regular Plan - Growth vs Thematic | top Thematic funds India | Sundaram Mutual Fund Dividend Fund - Regular Plan - Growth performance | Sundaram Mutual Fund Dividend Fund - Regular Plan - Growth fund manager | Thematic fund comparison | buy Sundaram Mutual Fund Dividend Fund - Regular Plan - Growth online | Sundaram Mutual Fund Dividend Fund - Regular Plan - Growth minimum investment | Thematic fund returns India
Sundaram Mutual Fund Balanced Advantage Fund - Direct Plan - Growth,Sundaram Mutual Fund,Balanced Hybrid,Balanced Advantage Fund,200283,15.1454,13896.00,0.78,500,1000,0,0,1.92,25.72,Nifty 50 Hybrid Composite Debt 65:35 Index,Moderately High,9.79,2.05,183,S. Krishnakumar,3.5 years,Aims to provide capital appreciation by investing in Balanced Hybrid securities,Equity: 65.00% | Debt: 30.00% | T-Bills: 5.00%,Nil,HDFC Bank Ltd. (6.8%) | ICICI Bank Ltd. (5.5%) | Reliance Industries Ltd. (4.5%) | 8.38% GOI 2027 (4.2%) | Infosys Ltd. (3.8%) | 7.26% GOI 2032 (3.5%) | Axis Bank Ltd. (3.2%) | Bharti Airtel Ltd. (2.9%) | Larsen & Toubro Ltd. (2.6%) | Tata Consultancy Services Ltd. (2.4%),25-May-2026,09-Mar-2020,0%,LTCG 12.5% after 2 years for equity,999,Sundaram Mutual Fund Balanced Advantage Fund - Direct Plan -,"Detailed review and analysis of Sundaram Mutual Fund Balanced Advantage Fund - Direct Plan - Growth (Balanced Hybrid). Compare returns, expenses, holdings and r",Sundaram Mutual Fund Balanced Advantage Fund - Direct Plan - Growth | Sundaram Mutual Fund Balanced Advantage Fund - Direct Plan - Growth review | Balanced Hybrid mutual fund | Balanced Hybrid fund in India | Sundaram Mutual Fund Balanced Hybrid | best Balanced Hybrid funds | Sundaram Mutual Fund Balanced Advantage Fund - Direct Plan - Growth NAV | Sundaram Mutual Fund Balanced Advantage Fund - Direct Plan - Growth returns | Sundaram Mutual Fund Balanced Advantage Fund - Direct Plan - Growth expense ratio | invest in Sundaram Mutual Fund Balanced Advantage Fund - Direct Plan - Growth | Sundaram Mutual Fund Balanced Advantage Fund - Direct Plan - Growth SIP | Balanced Hybrid investment 2025 | Sundaram Mutual Fund Balanced Advantage Fund - Direct Plan - Growth vs Balanced Hybrid | top Balanced Hybrid funds India | Sundaram Mutual Fund Balanced Advantage Fund - Direct Plan - Growth performance | Sundaram Mutual Fund Balanced Advantage Fund - Direct Plan - Growth fund manager | Balanced Hybrid fund comparison | buy Sundaram Mutual Fund Balanced Advantage Fund - Direct Plan - Growth online | Sundaram Mutual Fund Balanced Advantage Fund - Direct Plan - Growth minimum investment | Balanced Hybrid fund returns India
Sundaram Mutual Fund International Fund - Regular Plan - Growth,Sundaram Mutual Fund,International,Fund of Funds - Overseas,200284,443.7671,3245.20,2.05,500,1000,6.09,6.85,6.05,20.09,MSCI World Index,Very High,15.89,0.02,25,S. Krishnakumar,3.5 years,Aims to provide capital appreciation by investing in International securities,Forgn. Eq: 95.00% | Cash & Equivalents: 5.00%,Nil,Apple Inc. (8.5%) | Microsoft Corp. (7.8%) | Alphabet Inc Class A (6.9%) | Amazon.com Inc. (5.2%) | NVIDIA Corp. (4.8%) | Meta Platforms Inc. (4.2%) | Tesla Inc. (3.9%) | Berkshire Hathaway Inc. (3.5%) | UnitedHealth Group Inc. (3.1%) | Johnson & Johnson (2.8%),25-May-2026,02-Apr-2006,0%,LTCG 12.5% after 2 years for equity,999,Sundaram Mutual Fund International Fund - Regular Plan - Gro,"Detailed review and analysis of Sundaram Mutual Fund International Fund - Regular Plan - Growth (International). Compare returns, expenses, holdings and risks. ",Sundaram Mutual Fund International Fund - Regular Plan - Growth | Sundaram Mutual Fund International Fund - Regular Plan - Growth review | International mutual fund | International fund in India | Sundaram Mutual Fund International | best International funds | Sundaram Mutual Fund International Fund - Regular Plan - Growth NAV | Sundaram Mutual Fund International Fund - Regular Plan - Growth returns | Sundaram Mutual Fund International Fund - Regular Plan - Growth expense ratio | invest in Sundaram Mutual Fund International Fund - Regular Plan - Growth | Sundaram Mutual Fund International Fund - Regular Plan - Growth SIP | International investment 2025 | Sundaram Mutual Fund International Fund - Regular Plan - Growth vs International | top International funds India | Sundaram Mutual Fund International Fund - Regular Plan - Growth performance | Sundaram Mutual Fund International Fund - Regular Plan - Growth fund manager | International fund comparison | buy Sundaram Mutual Fund International Fund - Regular Plan - Growth online | Sundaram Mutual Fund International Fund - Regular Plan - Growth minimum investment | International fund returns India
Sundaram Mutual Fund Energy Fund - Direct Plan - Growth,Sundaram Mutual Fund,Equity,Focused Fund,200285,220.2472,11136.00,0.75,500,1000,-3.97,9.88,10.99,11.94,Nifty 500 TRI,Moderate,14.61,0.23,51,S. Krishnakumar,3.5 years,Aims to provide capital appreciation by investing in Equity securities,Equity: 97.00% | T-Bills: 3.00%,Nil,HDFC Bank Ltd. (8.8%) | ICICI Bank Ltd. (7.5%) | Reliance Industries Ltd. (6.2%) | Infosys Ltd. (5.8%) | Axis Bank Ltd. (5.1%) | Larsen & Toubro Ltd. (4.5%) | Bharti Airtel Ltd. (4.1%) | Sun Pharmaceutical Industries Ltd. (3.8%) | Tata Consultancy Services Ltd. (3.5%) | State Bank of India (3.2%),25-May-2026,02-Jan-2013,0%,LTCG 12.5% after 2 years for equity,999,Sundaram Mutual Fund Energy Fund - Direct Plan - Growth - Su,"Detailed review and analysis of Sundaram Mutual Fund Energy Fund - Direct Plan - Growth (Equity). Compare returns, expenses, holdings and risks. Start investing",Sundaram Mutual Fund Energy Fund - Direct Plan - Growth | Sundaram Mutual Fund Energy Fund - Direct Plan - Growth review | Equity mutual fund | Equity fund in India | Sundaram Mutual Fund Equity | best Equity funds | Sundaram Mutual Fund Energy Fund - Direct Plan - Growth NAV | Sundaram Mutual Fund Energy Fund - Direct Plan - Growth returns | Sundaram Mutual Fund Energy Fund - Direct Plan - Growth expense ratio | invest in Sundaram Mutual Fund Energy Fund - Direct Plan - Growth | Sundaram Mutual Fund Energy Fund - Direct Plan - Growth SIP | Equity investment 2025 | Sundaram Mutual Fund Energy Fund - Direct Plan - Growth vs Equity | top Equity funds India | Sundaram Mutual Fund Energy Fund - Direct Plan - Growth performance | Sundaram Mutual Fund Energy Fund - Direct Plan - Growth fund manager | Equity fund comparison | buy Sundaram Mutual Fund Energy Fund - Direct Plan - Growth online | Sundaram Mutual Fund Energy Fund - Direct Plan - Growth minimum investment | Equity fund returns India
Sundaram Mutual Fund Pharma Fund - Regular Plan - Growth,Sundaram Mutual Fund,Pharma,Sectoral - Pharma & Healthcare,200286,206.9742,4644.00,1.95,500,1000,-4.48,9.28,10.37,10.92,Nifty Pharma TRI,Very High,16.88,0.16,63,S. Krishnakumar,3.5 years,Aims to provide capital appreciation by investing in Pharma securities,Equity: 96.00% | T-Bills: 4.00%,Nil,Sun Pharmaceutical Industries Ltd. (20.5%) | Dr. Reddy's Laboratories Ltd. (12.8%) | Cipla Ltd. (10.4%) | Divi's Laboratories Ltd. (9.8%) | Torrent Pharmaceuticals Ltd. (7.2%) | Aurobindo Pharma Ltd. (5.8%) | Alkem Laboratories Ltd. (5.2%) | Lupin Ltd. (4.9%) | Ipca Laboratories Ltd. (3.8%) | Mankind Pharma Ltd. (3.5%),25-May-2026,03-Apr-2006,0%,LTCG 12.5% after 2 years for equity,999,Sundaram Mutual Fund Pharma Fund - Regular Plan - Growth - S,"Detailed review and analysis of Sundaram Mutual Fund Pharma Fund - Regular Plan - Growth (Pharma). Compare returns, expenses, holdings and risks. Start investin",Sundaram Mutual Fund Pharma Fund - Regular Plan - Growth | Sundaram Mutual Fund Pharma Fund - Regular Plan - Growth review | Pharma mutual fund | Pharma fund in India | Sundaram Mutual Fund Pharma | best Pharma funds | Sundaram Mutual Fund Pharma Fund - Regular Plan - Growth NAV | Sundaram Mutual Fund Pharma Fund - Regular Plan - Growth returns | Sundaram Mutual Fund Pharma Fund - Regular Plan - Growth expense ratio | invest in Sundaram Mutual Fund Pharma Fund - Regular Plan - Growth | Sundaram Mutual Fund Pharma Fund - Regular Plan - Growth SIP | Pharma investment 2025 | Sundaram Mutual Fund Pharma Fund - Regular Plan - Growth vs Pharma | top Pharma funds India | Sundaram Mutual Fund Pharma Fund - Regular Plan - Growth performance | Sundaram Mutual Fund Pharma Fund - Regular Plan - Growth fund manager | Pharma fund comparison | buy Sundaram Mutual Fund Pharma Fund - Regular Plan - Growth online | Sundaram Mutual Fund Pharma Fund - Regular Plan - Growth minimum investment | Pharma fund returns India
Sundaram Mutual Fund Auto Fund - Direct Plan - Growth,Sundaram Mutual Fund,Sectoral,Sectoral - Automotive,200287,220.2472,34,1.17,500,1000,-3.97,9.88,10.99,11.94,Nifty Auto TRI,Moderate,18.80,0.18,75,S. Krishnakumar,3.5 years,Aims to provide capital appreciation by investing in Sectoral securities,Equity: 96.00% | T-Bills: 4.00%,Nil,HDFC Bank Ltd. (8.5%) | ICICI Bank Ltd. (7.2%) | State Bank of India (5.8%) | Axis Bank Ltd. (5.2%) | Kotak Mahindra Bank Ltd. (4.9%) | IndusInd Bank Ltd. (4.5%) | Infosys Ltd. (4.1%) | TCS Ltd. (3.8%) | Bharti Airtel Ltd. (3.5%) | Reliance Industries Ltd. (3.2%),25-May-2026,02-Jan-2013,0%,LTCG 12.5% after 2 years for equity,999,Sundaram Mutual Fund Auto Fund - Direct Plan - Growth - Sund,"Detailed review and analysis of Sundaram Mutual Fund Auto Fund - Direct Plan - Growth (Sectoral). Compare returns, expenses, holdings and risks. Start investing",Sundaram Mutual Fund Auto Fund - Direct Plan - Growth | Sundaram Mutual Fund Auto Fund - Direct Plan - Growth review | Sectoral mutual fund | Sectoral fund in India | Sundaram Mutual Fund Sectoral | best Sectoral funds | Sundaram Mutual Fund Auto Fund - Direct Plan - Growth NAV | Sundaram Mutual Fund Auto Fund - Direct Plan - Growth returns | Sundaram Mutual Fund Auto Fund - Direct Plan - Growth expense ratio | invest in Sundaram Mutual Fund Auto Fund - Direct Plan - Growth | Sundaram Mutual Fund Auto Fund - Direct Plan - Growth SIP | Sectoral investment 2025 | Sundaram Mutual Fund Auto Fund - Direct Plan - Growth vs Sectoral | top Sectoral funds India | Sundaram Mutual Fund Auto Fund - Direct Plan - Growth performance | Sundaram Mutual Fund Auto Fund - Direct Plan - Growth fund manager | Sectoral fund comparison | buy Sundaram Mutual Fund Auto Fund - Direct Plan - Growth online | Sundaram Mutual Fund Auto Fund - Direct Plan - Growth minimum investment | Sectoral fund returns India
Sundaram Mutual Fund Manufacturing Fund - Regular Plan - Growth,Sundaram Mutual Fund,Equity,Focused Fund,200288,443.7671,11164.80,1.75,500,1000,6.09,6.85,6.05,20.09,Nifty 500 TRI,Moderate,14.67,0.02,51,S. Krishnakumar,3.5 years,Aims to provide capital appreciation by investing in Equity securities,Equity: 97.00% | T-Bills: 3.00%,Nil,HDFC Bank Ltd. (8.8%) | ICICI Bank Ltd. (7.5%) | Reliance Industries Ltd. (6.2%) | Infosys Ltd. (5.8%) | Axis Bank Ltd. (5.1%) | Larsen & Toubro Ltd. (4.5%) | Bharti Airtel Ltd. (4.1%) | Sun Pharmaceutical Industries Ltd. (3.8%) | Tata Consultancy Services Ltd. (3.5%) | State Bank of India (3.2%),25-May-2026,02-Apr-2006,0%,LTCG 12.5% after 2 years for equity,999,Sundaram Mutual Fund Manufacturing Fund - Regular Plan - Gro,"Detailed review and analysis of Sundaram Mutual Fund Manufacturing Fund - Regular Plan - Growth (Equity). Compare returns, expenses, holdings and risks. Start i",Sundaram Mutual Fund Manufacturing Fund - Regular Plan - Growth | Sundaram Mutual Fund Manufacturing Fund - Regular Plan - Growth review | Equity mutual fund | Equity fund in India | Sundaram Mutual Fund Equity | best Equity funds | Sundaram Mutual Fund Manufacturing Fund - Regular Plan - Growth NAV | Sundaram Mutual Fund Manufacturing Fund - Regular Plan - Growth returns | Sundaram Mutual Fund Manufacturing Fund - Regular Plan - Growth expense ratio | invest in Sundaram Mutual Fund Manufacturing Fund - Regular Plan - Growth | Sundaram Mutual Fund Manufacturing Fund - Regular Plan - Growth SIP | Equity investment 2025 | Sundaram Mutual Fund Manufacturing Fund - Regular Plan - Growth vs Equity | top Equity funds India | Sundaram Mutual Fund Manufacturing Fund - Regular Plan - Growth performance | Sundaram Mutual Fund Manufacturing Fund - Regular Plan - Growth fund manager | Equity fund comparison | buy Sundaram Mutual Fund Manufacturing Fund - Regular Plan - Growth online | Sundaram Mutual Fund Manufacturing Fund - Regular Plan - Growth minimum investment | Equity fund returns India
Edelweiss Mutual Fund Large Cap Fund - Direct Plan - Growth,Edelweiss Mutual Fund,Large Cap,Large Cap Fund,200289,497.217,23280.00,0.52,500,1000,-4.02,14.7,12.03,11.65,Nifty 50,Very High,12.90,0.64,32,Bharat Lahoti,3.5 years,Aims to provide capital appreciation by investing in Large Cap securities,Equity: 96.00% | T-Bills: 4.00%,Nil,HDFC Bank Ltd. (8.5%) | ICICI Bank Ltd. (7.8%) | Reliance Industries Ltd. (6.9%) | Infosys Ltd. (5.2%) | Larsen & Toubro Ltd. (4.8%) | Axis Bank Ltd. (3.9%) | Tata Consultancy Services Ltd. (3.7%) | Bharti Airtel Ltd. (3.4%) | State Bank of India (3.1%) | ITC Ltd. (2.8%),25-May-2026,02-Jan-2013,0%,LTCG 12.5% after 2 years for equity,999,Edelweiss Mutual Fund Large Cap Fund - Direct Plan - Growth,"Detailed review and analysis of Edelweiss Mutual Fund Large Cap Fund - Direct Plan - Growth (Large Cap). Compare returns, expenses, holdings and risks. Start in",Edelweiss Mutual Fund Large Cap Fund - Direct Plan - Growth | Edelweiss Mutual Fund Large Cap Fund - Direct Plan - Growth review | Large Cap mutual fund | Large Cap fund in India | Edelweiss Mutual Fund Large Cap | best Large Cap funds | Edelweiss Mutual Fund Large Cap Fund - Direct Plan - Growth NAV | Edelweiss Mutual Fund Large Cap Fund - Direct Plan - Growth returns | Edelweiss Mutual Fund Large Cap Fund - Direct Plan - Growth expense ratio | invest in Edelweiss Mutual Fund Large Cap Fund - Direct Plan - Growth | Edelweiss Mutual Fund Large Cap Fund - Direct Plan - Growth SIP | Large Cap investment 2025 | Edelweiss Mutual Fund Large Cap Fund - Direct Plan - Growth vs Large Cap | top Large Cap funds India | Edelweiss Mutual Fund Large Cap Fund - Direct Plan - Growth performance | Edelweiss Mutual Fund Large Cap Fund - Direct Plan - Growth fund manager | Large Cap fund comparison | buy Edelweiss Mutual Fund Large Cap Fund - Direct Plan - Growth online | Edelweiss Mutual Fund Large Cap Fund - Direct Plan - Growth minimum investment | Large Cap fund returns India
Edelweiss Mutual Fund Mid Cap Fund - Regular Plan - Growth,Edelweiss Mutual Fund,Mid Cap,Mid Cap Fund,200290,15.1231,13980.00,1.75,500,1000,3.12,24.38,19.92,16.89,Nifty Midcap 150 TRI,Very High,16.92,1.07,46,Bharat Lahoti,3.5 years,Aims to provide capital appreciation by investing in Mid Cap securities,Equity: 94.00% | T-Bills: 6.00%,Nil,Voltas Ltd. (3.8%) | Mphasis Ltd. (3.5%) | Coforge Ltd. (3.2%) | Sundram Fasteners Ltd. (2.9%) | Persistent Systems Ltd. (2.7%) | Zydus Lifesciences Ltd. (2.5%) | Crompton Greaves Consumer Electricals Ltd. (2.4%) | Oberoi Realty Ltd. (2.2%) | Tube Investments of India Ltd. (2.1%) | Emami Ltd. (2.0%),25-May-2026,30-Oct-2023,0%,LTCG 12.5% after 2 years for equity,999,Edelweiss Mutual Fund Mid Cap Fund - Regular Plan - Growth -,"Detailed review and analysis of Edelweiss Mutual Fund Mid Cap Fund - Regular Plan - Growth (Mid Cap). Compare returns, expenses, holdings and risks. Start inves",Edelweiss Mutual Fund Mid Cap Fund - Regular Plan - Growth | Edelweiss Mutual Fund Mid Cap Fund - Regular Plan - Growth review | Mid Cap mutual fund | Mid Cap fund in India | Edelweiss Mutual Fund Mid Cap | best Mid Cap funds | Edelweiss Mutual Fund Mid Cap Fund - Regular Plan - Growth NAV | Edelweiss Mutual Fund Mid Cap Fund - Regular Plan - Growth returns | Edelweiss Mutual Fund Mid Cap Fund - Regular Plan - Growth expense ratio | invest in Edelweiss Mutual Fund Mid Cap Fund - Regular Plan - Growth | Edelweiss Mutual Fund Mid Cap Fund - Regular Plan - Growth SIP | Mid Cap investment 2025 | Edelweiss Mutual Fund Mid Cap Fund - Regular Plan - Growth vs Mid Cap | top Mid Cap funds India | Edelweiss Mutual Fund Mid Cap Fund - Regular Plan - Growth performance | Edelweiss Mutual Fund Mid Cap Fund - Regular Plan - Growth fund manager | Mid Cap fund comparison | buy Edelweiss Mutual Fund Mid Cap Fund - Regular Plan - Growth online | Edelweiss Mutual Fund Mid Cap Fund - Regular Plan - Growth minimum investment | Mid Cap fund returns India
Edelweiss Mutual Fund Small Cap Fund - Direct Plan - Growth,Edelweiss Mutual Fund,Small Cap,Small Cap Fund,200291,49.735,11193.60,0.82,500,1000,6.72,19.78,19.22,24.78,Nifty Smallcap 250 TRI,Very High,19.81,0.67,37,Bharat Lahoti,3.5 years,Aims to provide capital appreciation by investing in Small Cap securities,Equity: 91.00% | Cash & Equivalents: 9.00%,Nil,Aarti Drugs Ltd. (3.2%) | Hatsun Agro Product Ltd. (2.9%) | National Aluminium Company Ltd. (2.7%) | VST Tillers Tractors Ltd. (2.5%) | Repco Home Finance Ltd. (2.3%) | RACL Geartech Ltd. (2.1%) | Neuland Laboratories Ltd. (2.0%) | Mold-Tek Packaging Ltd. (1.9%) | NIIT Learning Systems Ltd. (1.8%) | Nuvama Wealth Management Ltd. (1.7%),25-May-2026,14-Feb-2019,0%,LTCG 12.5% after 2 years for equity,999,Edelweiss Mutual Fund Small Cap Fund - Direct Plan - Growth,"Detailed review and analysis of Edelweiss Mutual Fund Small Cap Fund - Direct Plan - Growth (Small Cap). Compare returns, expenses, holdings and risks. Start in",Edelweiss Mutual Fund Small Cap Fund - Direct Plan - Growth | Edelweiss Mutual Fund Small Cap Fund - Direct Plan - Growth review | Small Cap mutual fund | Small Cap fund in India | Edelweiss Mutual Fund Small Cap | best Small Cap funds | Edelweiss Mutual Fund Small Cap Fund - Direct Plan - Growth NAV | Edelweiss Mutual Fund Small Cap Fund - Direct Plan - Growth returns | Edelweiss Mutual Fund Small Cap Fund - Direct Plan - Growth expense ratio | invest in Edelweiss Mutual Fund Small Cap Fund - Direct Plan - Growth | Edelweiss Mutual Fund Small Cap Fund - Direct Plan - Growth SIP | Small Cap investment 2025 | Edelweiss Mutual Fund Small Cap Fund - Direct Plan - Growth vs Small Cap | top Small Cap funds India | Edelweiss Mutual Fund Small Cap Fund - Direct Plan - Growth performance | Edelweiss Mutual Fund Small Cap Fund - Direct Plan - Growth fund manager | Small Cap fund comparison | buy Edelweiss Mutual Fund Small Cap Fund - Direct Plan - Growth online | Edelweiss Mutual Fund Small Cap Fund - Direct Plan - Growth minimum investment | Small Cap fund returns India
Edelweiss Mutual Fund Multi Cap Fund - Regular Plan - Growth,Edelweiss Mutual Fund,Multi Cap,Multi Cap Fund,200292,15.1231,16804.80,1.68,500,1000,3.12,14.24,8.32,16.89,Nifty 500 Multicap 50:25:25 TRI,Very High,15.25,0.68,55,Bharat Lahoti,3.5 years,Aims to provide capital appreciation by investing in Multi Cap securities,Equity: 97.00% | T-Bills: 3.00%,Nil,HDFC Bank Ltd. (6.5%) | ICICI Bank Ltd. (5.8%) | Reliance Industries Ltd. (4.9%) | Infosys Ltd. (4.2%) | Axis Bank Ltd. (3.6%) | Larsen & Toubro Ltd. (3.2%) | Tata Consultancy Services Ltd. (2.9%) | Bharti Airtel Ltd. (2.7%) | State Bank of India (2.4%) | Sun Pharmaceutical Industries Ltd. (2.2%),25-May-2026,30-Oct-2023,0%,LTCG 12.5% after 2 years for equity,999,Edelweiss Mutual Fund Multi Cap Fund - Regular Plan - Growth,"Detailed review and analysis of Edelweiss Mutual Fund Multi Cap Fund - Regular Plan - Growth (Multi Cap). Compare returns, expenses, holdings and risks. Start i",Edelweiss Mutual Fund Multi Cap Fund - Regular Plan - Growth | Edelweiss Mutual Fund Multi Cap Fund - Regular Plan - Growth review | Multi Cap mutual fund | Multi Cap fund in India | Edelweiss Mutual Fund Multi Cap | best Multi Cap funds | Edelweiss Mutual Fund Multi Cap Fund - Regular Plan - Growth NAV | Edelweiss Mutual Fund Multi Cap Fund - Regular Plan - Growth returns | Edelweiss Mutual Fund Multi Cap Fund - Regular Plan - Growth expense ratio | invest in Edelweiss Mutual Fund Multi Cap Fund - Regular Plan - Growth | Edelweiss Mutual Fund Multi Cap Fund - Regular Plan - Growth SIP | Multi Cap investment 2025 | Edelweiss Mutual Fund Multi Cap Fund - Regular Plan - Growth vs Multi Cap | top Multi Cap funds India | Edelweiss Mutual Fund Multi Cap Fund - Regular Plan - Growth performance | Edelweiss Mutual Fund Multi Cap Fund - Regular Plan - Growth fund manager | Multi Cap fund comparison | buy Edelweiss Mutual Fund Multi Cap Fund - Regular Plan - Growth online | Edelweiss Mutual Fund Multi Cap Fund - Regular Plan - Growth minimum investment | Multi Cap fund returns India
Edelweiss Mutual Fund Flexi Cap Fund - Direct Plan - Growth,Edelweiss Mutual Fund,Flexi Cap,Flexi Cap Fund,200293,110.791,13081.60,0.72,500,1000,-2.38,14.63,12.31,14.46,Nifty 500 TRI,Very High,14.45,0.56,50,Bharat Lahoti,3.5 years,Aims to provide capital appreciation by investing in Flexi Cap securities,Equity: 95.00% | T-Bills: 5.00%,Nil,HDFC Bank Ltd. (8.2%) | ICICI Bank Ltd. (6.9%) | Infosys Ltd. (5.5%) | Reliance Industries Ltd. (5.1%) | Axis Bank Ltd. (4.2%) | Larsen & Toubro Ltd. (3.8%) | Tata Consultancy Services Ltd. (3.4%) | Bharti Airtel Ltd. (3.1%) | Sun Pharmaceutical Industries Ltd. (2.8%) | Kotak Mahindra Bank Ltd. (2.5%),25-May-2026,02-Jan-2013,0%,LTCG 12.5% after 2 years for equity,999,Edelweiss Mutual Fund Flexi Cap Fund - Direct Plan - Growth,"Detailed review and analysis of Edelweiss Mutual Fund Flexi Cap Fund - Direct Plan - Growth (Flexi Cap). Compare returns, expenses, holdings and risks. Start in",Edelweiss Mutual Fund Flexi Cap Fund - Direct Plan - Growth | Edelweiss Mutual Fund Flexi Cap Fund - Direct Plan - Growth review | Flexi Cap mutual fund | Flexi Cap fund in India | Edelweiss Mutual Fund Flexi Cap | best Flexi Cap funds | Edelweiss Mutual Fund Flexi Cap Fund - Direct Plan - Growth NAV | Edelweiss Mutual Fund Flexi Cap Fund - Direct Plan - Growth returns | Edelweiss Mutual Fund Flexi Cap Fund - Direct Plan - Growth expense ratio | invest in Edelweiss Mutual Fund Flexi Cap Fund - Direct Plan - Growth | Edelweiss Mutual Fund Flexi Cap Fund - Direct Plan - Growth SIP | Flexi Cap investment 2025 | Edelweiss Mutual Fund Flexi Cap Fund - Direct Plan - Growth vs Flexi Cap | top Flexi Cap funds India | Edelweiss Mutual Fund Flexi Cap Fund - Direct Plan - Growth performance | Edelweiss Mutual Fund Flexi Cap Fund - Direct Plan - Growth fund manager | Flexi Cap fund comparison | buy Edelweiss Mutual Fund Flexi Cap Fund - Direct Plan - Growth online | Edelweiss Mutual Fund Flexi Cap Fund - Direct Plan - Growth minimum investment | Flexi Cap fund returns India
Edelweiss Mutual Fund ELSS Tax Saver Fund - Regular Plan - Growth,Edelweiss Mutual Fund,ELSS,ELSS (Tax Saving),200294,134.992,9352.00,1.85,500,1000,-2.88,16.38,13.7,14.2,Nifty 500 TRI,Very High,15.60,0.63,42,Bharat Lahoti,3.5 years,Aims to provide capital appreciation by investing in ELSS securities,Equity: 96.00% | T-Bills: 4.00%,Nil,ICICI Bank Ltd. (8.5%) | HDFC Bank Ltd. (7.2%) | Infosys Ltd. (5.8%) | Reliance Industries Ltd. (5.2%) | Axis Bank Ltd. (4.9%) | Kotak Mahindra Bank Ltd. (4.3%) | Sun Pharmaceutical Industries Ltd. (3.9%) | Bharti Airtel Ltd. (3.5%) | Larsen & Toubro Ltd. (3.2%) | Tata Consultancy Services Ltd. (2.9%),25-May-2026,22-Jan-2007,0%,LTCG 12.5% after 2 years for equity,999,Edelweiss Mutual Fund ELSS Tax Saver Fund - Regular Plan - G,"Detailed review and analysis of Edelweiss Mutual Fund ELSS Tax Saver Fund - Regular Plan - Growth (ELSS). Compare returns, expenses, holdings and risks. Start i",Edelweiss Mutual Fund ELSS Tax Saver Fund - Regular Plan - Growth | Edelweiss Mutual Fund ELSS Tax Saver Fund - Regular Plan - Growth review | ELSS mutual fund | ELSS fund in India | Edelweiss Mutual Fund ELSS | best ELSS funds | Edelweiss Mutual Fund ELSS Tax Saver Fund - Regular Plan - Growth NAV | Edelweiss Mutual Fund ELSS Tax Saver Fund - Regular Plan - Growth returns | Edelweiss Mutual Fund ELSS Tax Saver Fund - Regular Plan - Growth expense ratio | invest in Edelweiss Mutual Fund ELSS Tax Saver Fund - Regular Plan - Growth | Edelweiss Mutual Fund ELSS Tax Saver Fund - Regular Plan - Growth SIP | ELSS investment 2025 | Edelweiss Mutual Fund ELSS Tax Saver Fund - Regular Plan - Growth vs ELSS | top ELSS funds India | Edelweiss Mutual Fund ELSS Tax Saver Fund - Regular Plan - Growth performance | Edelweiss Mutual Fund ELSS Tax Saver Fund - Regular Plan - Growth fund manager | ELSS fund comparison | buy Edelweiss Mutual Fund ELSS Tax Saver Fund - Regular Plan - Growth online | Edelweiss Mutual Fund ELSS Tax Saver Fund - Regular Plan - Growth minimum investment | ELSS fund returns India
Edelweiss Mutual Fund Liquid Fund - Direct Plan - Growth,Edelweiss Mutual Fund,Liquid Fund,Liquid Fund,200295,3598.4031,42120.00,0.12,500,1000,6.24,6.99,6.17,72.46,NIFTY Liquid Index,Low,0.13,3.77,295,Bharat Lahoti,3.5 years,Aims to provide capital appreciation by investing in Liquid Fund securities,T-Bills: 65.00% | CD: 20.00% | CP: 10.00% | Cash: 5.00%,Nil,State Bank of India CD (8.5%) | HDFC Bank CD (7.2%) | Reliance Industries T-Bills (6.8%) | ICICI Bank CP (5.9%) | 182-Day T-Bill (5.5%) | National Bank For Agriculture And Rural Development (5.2%) | 91-Day T-Bill (4.8%) | Kotak Mahindra Bank CD (4.5%) | Axis Bank CP (4.1%) | Power Finance Corporation (3.8%),25-May-2026,27-Nov-2016,0%,LTCG 12.5% after 2 years for equity,999,Edelweiss Mutual Fund Liquid Fund - Direct Plan - Growth - E,"Detailed review and analysis of Edelweiss Mutual Fund Liquid Fund - Direct Plan - Growth (Liquid Fund). Compare returns, expenses, holdings and risks. Start inv",Edelweiss Mutual Fund Liquid Fund - Direct Plan - Growth | Edelweiss Mutual Fund Liquid Fund - Direct Plan - Growth review | Liquid Fund mutual fund | Liquid Fund fund in India | Edelweiss Mutual Fund Liquid Fund | best Liquid Fund funds | Edelweiss Mutual Fund Liquid Fund - Direct Plan - Growth NAV | Edelweiss Mutual Fund Liquid Fund - Direct Plan - Growth returns | Edelweiss Mutual Fund Liquid Fund - Direct Plan - Growth expense ratio | invest in Edelweiss Mutual Fund Liquid Fund - Direct Plan - Growth | Edelweiss Mutual Fund Liquid Fund - Direct Plan - Growth SIP | Liquid Fund investment 2025 | Edelweiss Mutual Fund Liquid Fund - Direct Plan - Growth vs Liquid Fund | top Liquid Fund funds India | Edelweiss Mutual Fund Liquid Fund - Direct Plan - Growth performance | Edelweiss Mutual Fund Liquid Fund - Direct Plan - Growth fund manager | Liquid Fund fund comparison | buy Edelweiss Mutual Fund Liquid Fund - Direct Plan - Growth online | Edelweiss Mutual Fund Liquid Fund - Direct Plan - Growth minimum investment | Liquid Fund fund returns India
Edelweiss Mutual Fund Debt Fund - Regular Plan - Growth,Edelweiss Mutual Fund,Debt,Short Duration Fund,200296,25.4216,7494.40,1.05,500,1000,2.67,6.21,5.62,7.07,CRISIL Composite Bond Fund Index,Moderate,3.66,-0.08,249,Bharat Lahoti,3.5 years,Aims to provide capital appreciation by investing in Debt securities,Debenture: 40.00% | SDL: 30.00% | T-Bills: 20.00% | GOI Sec: 10.00%,Nil,National Bank For Agriculture And Rural Development (5.8%) | Power Finance Corporation Ltd. (5.2%) | Rural Electrification Corporation Ltd. (4.9%) | 7.26% GOI 2032 (4.5%) | State Bank of India (4.1%) | National Highways Authority of India (3.8%) | Housing Development Finance Corporation Ltd. (3.5%) | Indian Railway Finance Corporation Ltd. (3.2%) | HDFC Bank Ltd. (2.9%) | Bajaj Finance Ltd. (2.5%),25-May-2026,28-Nov-2016,0%,LTCG 12.5% after 2 years for equity,999,Edelweiss Mutual Fund Debt Fund - Regular Plan - Growth - Ed,"Detailed review and analysis of Edelweiss Mutual Fund Debt Fund - Regular Plan - Growth (Debt). Compare returns, expenses, holdings and risks. Start investing t",Edelweiss Mutual Fund Debt Fund - Regular Plan - Growth | Edelweiss Mutual Fund Debt Fund - Regular Plan - Growth review | Debt mutual fund | Debt fund in India | Edelweiss Mutual Fund Debt | best Debt funds | Edelweiss Mutual Fund Debt Fund - Regular Plan - Growth NAV | Edelweiss Mutual Fund Debt Fund - Regular Plan - Growth returns | Edelweiss Mutual Fund Debt Fund - Regular Plan - Growth expense ratio | invest in Edelweiss Mutual Fund Debt Fund - Regular Plan - Growth | Edelweiss Mutual Fund Debt Fund - Regular Plan - Growth SIP | Debt investment 2025 | Edelweiss Mutual Fund Debt Fund - Regular Plan - Growth vs Debt | top Debt funds India | Edelweiss Mutual Fund Debt Fund - Regular Plan - Growth performance | Edelweiss Mutual Fund Debt Fund - Regular Plan - Growth fund manager | Debt fund comparison | buy Edelweiss Mutual Fund Debt Fund - Regular Plan - Growth online | Edelweiss Mutual Fund Debt Fund - Regular Plan - Growth minimum investment | Debt fund returns India
Edelweiss Mutual Fund Banking Fund - Direct Plan - Growth,Edelweiss Mutual Fund,Banking,Sectoral - Banking & Financial Services,200297,26.412,6563.20,0.92,500,1000,2.97,6.54,5.95,7.4,Nifty Bank TRI,Very High,17.82,0.00,61,Bharat Lahoti,3.5 years,Aims to provide capital appreciation by investing in Banking securities,Equity: 97.00% | T-Bills: 3.00%,Nil,HDFC Bank Ltd. (22.5%) | ICICI Bank Ltd. (19.8%) | State Bank of India (12.4%) | Axis Bank Ltd. (10.8%) | Kotak Mahindra Bank Ltd. (8.5%) | Bank of Baroda (5.2%) | IndusInd Bank Ltd. (4.8%) | Federal Bank Ltd. (3.9%) | AU Small Finance Bank Ltd. (3.5%) | Punjab National Bank (2.8%),25-May-2026,28-Nov-2016,0%,LTCG 12.5% after 2 years for equity,999,Edelweiss Mutual Fund Banking Fund - Direct Plan - Growth -,"Detailed review and analysis of Edelweiss Mutual Fund Banking Fund - Direct Plan - Growth (Banking). Compare returns, expenses, holdings and risks. Start invest",Edelweiss Mutual Fund Banking Fund - Direct Plan - Growth | Edelweiss Mutual Fund Banking Fund - Direct Plan - Growth review | Banking mutual fund | Banking fund in India | Edelweiss Mutual Fund Banking | best Banking funds | Edelweiss Mutual Fund Banking Fund - Direct Plan - Growth NAV | Edelweiss Mutual Fund Banking Fund - Direct Plan - Growth returns | Edelweiss Mutual Fund Banking Fund - Direct Plan - Growth expense ratio | invest in Edelweiss Mutual Fund Banking Fund - Direct Plan - Growth | Edelweiss Mutual Fund Banking Fund - Direct Plan - Growth SIP | Banking investment 2025 | Edelweiss Mutual Fund Banking Fund - Direct Plan - Growth vs Banking | top Banking funds India | Edelweiss Mutual Fund Banking Fund - Direct Plan - Growth performance | Edelweiss Mutual Fund Banking Fund - Direct Plan - Growth fund manager | Banking fund comparison | buy Edelweiss Mutual Fund Banking Fund - Direct Plan - Growth online | Edelweiss Mutual Fund Banking Fund - Direct Plan - Growth minimum investment | Banking fund returns India
Edelweiss Mutual Fund Technology Fund - Regular Plan - Growth,Edelweiss Mutual Fund,Technology,Sectoral - Technology,200298,11.6461,8445.60,1.98,500,1000,4.86,5.09,3.02,6.98,Nifty IT TRI,Very High,20.88,0.1,69,Bharat Lahoti,3.5 years,Aims to provide capital appreciation by investing in Technology securities,Equity: 91.00% | Forgn. Eq: 6.00% | T-Bills: 3.00%,Nil,Infosys Ltd. (18.5%) | Tata Consultancy Services Ltd. (15.2%) | Bharti Airtel Ltd. (12.4%) | HCL Technologies Ltd. (9.8%) | Wipro Ltd. (7.5%) | Tech Mahindra Ltd. (6.2%) | Coforge Ltd. (4.8%) | Mphasis Ltd. (4.2%) | Persistent Systems Ltd. (3.9%) | LTIMindtree Ltd. (3.5%),25-May-2026,07-Mar-2024,0%,LTCG 12.5% after 2 years for equity,999,Edelweiss Mutual Fund Technology Fund - Regular Plan - Growt,"Detailed review and analysis of Edelweiss Mutual Fund Technology Fund - Regular Plan - Growth (Technology). Compare returns, expenses, holdings and risks. Start",Edelweiss Mutual Fund Technology Fund - Regular Plan - Growth | Edelweiss Mutual Fund Technology Fund - Regular Plan - Growth review | Technology mutual fund | Technology fund in India | Edelweiss Mutual Fund Technology | best Technology funds | Edelweiss Mutual Fund Technology Fund - Regular Plan - Growth NAV | Edelweiss Mutual Fund Technology Fund - Regular Plan - Growth returns | Edelweiss Mutual Fund Technology Fund - Regular Plan - Growth expense ratio | invest in Edelweiss Mutual Fund Technology Fund - Regular Plan - Growth | Edelweiss Mutual Fund Technology Fund - Regular Plan - Growth SIP | Technology investment 2025 | Edelweiss Mutual Fund Technology Fund - Regular Plan - Growth vs Technology | top Technology funds India | Edelweiss Mutual Fund Technology Fund - Regular Plan - Growth performance | Edelweiss Mutual Fund Technology Fund - Regular Plan - Growth fund manager | Technology fund comparison | buy Edelweiss Mutual Fund Technology Fund - Regular Plan - Growth online | Edelweiss Mutual Fund Technology Fund - Regular Plan - Growth minimum investment | Technology fund returns India
Edelweiss Mutual Fund Infrastructure Fund - Direct Plan - Growth,Edelweiss Mutual Fund,Thematic,Thematic - Infrastructure,200299,55.3541,5165.60,0.92,500,1000,3.6,20.82,20.16,14.87,Nifty Infrastructure TRI,Very High,17.67,0.81,67,Bharat Lahoti,3.5 years,Aims to provide capital appreciation by investing in Thematic securities,Equity: 95.00% | T-Bills: 5.00%,Nil,HDFC Bank Ltd. (5.8%) | ICICI Bank Ltd. (5.2%) | Larsen & Toubro Ltd. (4.9%) | Reliance Industries Ltd. (4.5%) | Infosys Ltd. (4.1%) | Bharti Airtel Ltd. (3.8%) | Axis Bank Ltd. (3.5%) | State Bank of India (3.2%) | Tata Motors Ltd. (2.9%) | Adani Ports & SEZ Ltd. (2.6%),25-May-2026,03-Jan-2013,0%,LTCG 12.5% after 2 years for equity,999,Edelweiss Mutual Fund Infrastructure Fund - Direct Plan - Gr,"Detailed review and analysis of Edelweiss Mutual Fund Infrastructure Fund - Direct Plan - Growth (Thematic). Compare returns, expenses, holdings and risks. Star",Edelweiss Mutual Fund Infrastructure Fund - Direct Plan - Growth | Edelweiss Mutual Fund Infrastructure Fund - Direct Plan - Growth review | Thematic mutual fund | Thematic fund in India | Edelweiss Mutual Fund Thematic | best Thematic funds | Edelweiss Mutual Fund Infrastructure Fund - Direct Plan - Growth NAV | Edelweiss Mutual Fund Infrastructure Fund - Direct Plan - Growth returns | Edelweiss Mutual Fund Infrastructure Fund - Direct Plan - Growth expense ratio | invest in Edelweiss Mutual Fund Infrastructure Fund - Direct Plan - Growth | Edelweiss Mutual Fund Infrastructure Fund - Direct Plan - Growth SIP | Thematic investment 2025 | Edelweiss Mutual Fund Infrastructure Fund - Direct Plan - Growth vs Thematic | top Thematic funds India | Edelweiss Mutual Fund Infrastructure Fund - Direct Plan - Growth performance | Edelweiss Mutual Fund Infrastructure Fund - Direct Plan - Growth fund manager | Thematic fund comparison | buy Edelweiss Mutual Fund Infrastructure Fund - Direct Plan - Growth online | Edelweiss Mutual Fund Infrastructure Fund - Direct Plan - Growth minimum investment | Thematic fund returns India
Edelweiss Mutual Fund Dividend Fund - Regular Plan - Growth,Edelweiss Mutual Fund,Thematic,Thematic - Dividend Yield,200300,11.612,5170.00,1.92,500,1000,0,0,0,0.48,Nifty Dividend Opportunities 50 TRI,Moderate,14.70,-2.66,33,Bharat Lahoti,3.5 years,Aims to provide capital appreciation by investing in Thematic securities,Equity: 95.00% | T-Bills: 5.00%,Nil,HDFC Bank Ltd. (5.8%) | ICICI Bank Ltd. (5.2%) | Larsen & Toubro Ltd. (4.9%) | Reliance Industries Ltd. (4.5%) | Infosys Ltd. (4.1%) | Bharti Airtel Ltd. (3.8%) | Axis Bank Ltd. (3.5%) | State Bank of India (3.2%) | Tata Motors Ltd. (2.9%) | Adani Ports & SEZ Ltd. (2.6%),25-May-2026,03-Apr-2006,0%,LTCG 12.5% after 2 years for equity,999,Edelweiss Mutual Fund Dividend Fund - Regular Plan - Growth,"Detailed review and analysis of Edelweiss Mutual Fund Dividend Fund - Regular Plan - Growth (Thematic). Compare returns, expenses, holdings and risks. Start inv",Edelweiss Mutual Fund Dividend Fund - Regular Plan - Growth | Edelweiss Mutual Fund Dividend Fund - Regular Plan - Growth review | Thematic mutual fund | Thematic fund in India | Edelweiss Mutual Fund Thematic | best Thematic funds | Edelweiss Mutual Fund Dividend Fund - Regular Plan - Growth NAV | Edelweiss Mutual Fund Dividend Fund - Regular Plan - Growth returns | Edelweiss Mutual Fund Dividend Fund - Regular Plan - Growth expense ratio | invest in Edelweiss Mutual Fund Dividend Fund - Regular Plan - Growth | Edelweiss Mutual Fund Dividend Fund - Regular Plan - Growth SIP | Thematic investment 2025 | Edelweiss Mutual Fund Dividend Fund - Regular Plan - Growth vs Thematic | top Thematic funds India | Edelweiss Mutual Fund Dividend Fund - Regular Plan - Growth performance | Edelweiss Mutual Fund Dividend Fund - Regular Plan - Growth fund manager | Thematic fund comparison | buy Edelweiss Mutual Fund Dividend Fund - Regular Plan - Growth online | Edelweiss Mutual Fund Dividend Fund - Regular Plan - Growth minimum investment | Thematic fund returns India
Edelweiss Mutual Fund Balanced Advantage Fund - Direct Plan - Growth,Edelweiss Mutual Fund,Balanced Hybrid,Balanced Advantage Fund,200301,16.3854,14112.00,0.78,500,1000,3.08,12.3,0,10.94,Nifty 50 Hybrid Composite Debt 65:35 Index,Moderately High,8.32,0.70,101,Bharat Lahoti,3.5 years,Aims to provide capital appreciation by investing in Balanced Hybrid securities,Equity: 65.00% | Debt: 30.00% | T-Bills: 5.00%,Nil,HDFC Bank Ltd. (6.8%) | ICICI Bank Ltd. (5.5%) | Reliance Industries Ltd. (4.5%) | 8.38% GOI 2027 (4.2%) | Infosys Ltd. (3.8%) | 7.26% GOI 2032 (3.5%) | Axis Bank Ltd. (3.2%) | Bharti Airtel Ltd. (2.9%) | Larsen & Toubro Ltd. (2.6%) | Tata Consultancy Services Ltd. (2.4%),25-May-2026,07-Sep-2021,0%,LTCG 12.5% after 2 years for equity,999,Edelweiss Mutual Fund Balanced Advantage Fund - Direct Plan,"Detailed review and analysis of Edelweiss Mutual Fund Balanced Advantage Fund - Direct Plan - Growth (Balanced Hybrid). Compare returns, expenses, holdings and ",Edelweiss Mutual Fund Balanced Advantage Fund - Direct Plan - Growth | Edelweiss Mutual Fund Balanced Advantage Fund - Direct Plan - Growth review | Balanced Hybrid mutual fund | Balanced Hybrid fund in India | Edelweiss Mutual Fund Balanced Hybrid | best Balanced Hybrid funds | Edelweiss Mutual Fund Balanced Advantage Fund - Direct Plan - Growth NAV | Edelweiss Mutual Fund Balanced Advantage Fund - Direct Plan - Growth returns | Edelweiss Mutual Fund Balanced Advantage Fund - Direct Plan - Growth expense ratio | invest in Edelweiss Mutual Fund Balanced Advantage Fund - Direct Plan - Growth | Edelweiss Mutual Fund Balanced Advantage Fund - Direct Plan - Growth SIP | Balanced Hybrid investment 2025 | Edelweiss Mutual Fund Balanced Advantage Fund - Direct Plan - Growth vs Balanced Hybrid | top Balanced Hybrid funds India | Edelweiss Mutual Fund Balanced Advantage Fund - Direct Plan - Growth performance | Edelweiss Mutual Fund Balanced Advantage Fund - Direct Plan - Growth fund manager | Balanced Hybrid fund comparison | buy Edelweiss Mutual Fund Balanced Advantage Fund - Direct Plan - Growth online | Edelweiss Mutual Fund Balanced Advantage Fund - Direct Plan - Growth minimum investment | Balanced Hybrid fund returns India
Edelweiss Mutual Fund International Fund - Regular Plan - Growth,Edelweiss Mutual Fund,International,Fund of Funds - Overseas,200302,443.7671,3295.60,2.05,500,1000,6.09,6.85,6.05,20.09,MSCI World Index,Very High,13.26,0.03,13,Bharat Lahoti,3.5 years,Aims to provide capital appreciation by investing in International securities,Forgn. Eq: 95.00% | Cash & Equivalents: 5.00%,Nil,Apple Inc. (8.5%) | Microsoft Corp. (7.8%) | Alphabet Inc Class A (6.9%) | Amazon.com Inc. (5.2%) | NVIDIA Corp. (4.8%) | Meta Platforms Inc. (4.2%) | Tesla Inc. (3.9%) | Berkshire Hathaway Inc. (3.5%) | UnitedHealth Group Inc. (3.1%) | Johnson & Johnson (2.8%),25-May-2026,02-Apr-2006,0%,LTCG 12.5% after 2 years for equity,999,Edelweiss Mutual Fund International Fund - Regular Plan - Gr,"Detailed review and analysis of Edelweiss Mutual Fund International Fund - Regular Plan - Growth (International). Compare returns, expenses, holdings and risks.",Edelweiss Mutual Fund International Fund - Regular Plan - Growth | Edelweiss Mutual Fund International Fund - Regular Plan - Growth review | International mutual fund | International fund in India | Edelweiss Mutual Fund International | best International funds | Edelweiss Mutual Fund International Fund - Regular Plan - Growth NAV | Edelweiss Mutual Fund International Fund - Regular Plan - Growth returns | Edelweiss Mutual Fund International Fund - Regular Plan - Growth expense ratio | invest in Edelweiss Mutual Fund International Fund - Regular Plan - Growth | Edelweiss Mutual Fund International Fund - Regular Plan - Growth SIP | International investment 2025 | Edelweiss Mutual Fund International Fund - Regular Plan - Growth vs International | top International funds India | Edelweiss Mutual Fund International Fund - Regular Plan - Growth performance | Edelweiss Mutual Fund International Fund - Regular Plan - Growth fund manager | International fund comparison | buy Edelweiss Mutual Fund International Fund - Regular Plan - Growth online | Edelweiss Mutual Fund International Fund - Regular Plan - Growth minimum investment | International fund returns India
Edelweiss Mutual Fund Energy Fund - Direct Plan - Growth,Edelweiss Mutual Fund,Equity,Focused Fund,200303,11.612,11308.80,0.75,500,1000,6.38,7.54,6.73,0.48,Nifty 500 TRI,Moderate,12.72,1.17,26,Bharat Lahoti,3.5 years,Aims to provide capital appreciation by investing in Equity securities,Equity: 97.00% | T-Bills: 3.00%,Nil,HDFC Bank Ltd. (8.8%) | ICICI Bank Ltd. (7.5%) | Reliance Industries Ltd. (6.2%) | Infosys Ltd. (5.8%) | Axis Bank Ltd. (5.1%) | Larsen & Toubro Ltd. (4.5%) | Bharti Airtel Ltd. (4.1%) | Sun Pharmaceutical Industries Ltd. (3.8%) | Tata Consultancy Services Ltd. (3.5%) | State Bank of India (3.2%),25-May-2026,03-Apr-2006,0%,LTCG 12.5% after 2 years for equity,999,Edelweiss Mutual Fund Energy Fund - Direct Plan - Growth - E,"Detailed review and analysis of Edelweiss Mutual Fund Energy Fund - Direct Plan - Growth (Equity). Compare returns, expenses, holdings and risks. Start investin",Edelweiss Mutual Fund Energy Fund - Direct Plan - Growth | Edelweiss Mutual Fund Energy Fund - Direct Plan - Growth review | Equity mutual fund | Equity fund in India | Edelweiss Mutual Fund Equity | best Equity funds | Edelweiss Mutual Fund Energy Fund - Direct Plan - Growth NAV | Edelweiss Mutual Fund Energy Fund - Direct Plan - Growth returns | Edelweiss Mutual Fund Energy Fund - Direct Plan - Growth expense ratio | invest in Edelweiss Mutual Fund Energy Fund - Direct Plan - Growth | Edelweiss Mutual Fund Energy Fund - Direct Plan - Growth SIP | Equity investment 2025 | Edelweiss Mutual Fund Energy Fund - Direct Plan - Growth vs Equity | top Equity funds India | Edelweiss Mutual Fund Energy Fund - Direct Plan - Growth performance | Edelweiss Mutual Fund Energy Fund - Direct Plan - Growth fund manager | Equity fund comparison | buy Edelweiss Mutual Fund Energy Fund - Direct Plan - Growth online | Edelweiss Mutual Fund Energy Fund - Direct Plan - Growth minimum investment | Equity fund returns India
Edelweiss Mutual Fund Pharma Fund - Regular Plan - Growth,Edelweiss Mutual Fund,Pharma,Sectoral - Pharma & Healthcare,200304,11.612,4716.00,1.95,500,1000,0,0,0,0.48,Nifty Pharma TRI,Very High,14.42,-2.66,38,Bharat Lahoti,3.5 years,Aims to provide capital appreciation by investing in Pharma securities,Equity: 96.00% | T-Bills: 4.00%,Nil,Sun Pharmaceutical Industries Ltd. (20.5%) | Dr. Reddy's Laboratories Ltd. (12.8%) | Cipla Ltd. (10.4%) | Divi's Laboratories Ltd. (9.8%) | Torrent Pharmaceuticals Ltd. (7.2%) | Aurobindo Pharma Ltd. (5.8%) | Alkem Laboratories Ltd. (5.2%) | Lupin Ltd. (4.9%) | Ipca Laboratories Ltd. (3.8%) | Mankind Pharma Ltd. (3.5%),25-May-2026,03-Apr-2006,0%,LTCG 12.5% after 2 years for equity,999,Edelweiss Mutual Fund Pharma Fund - Regular Plan - Growth -,"Detailed review and analysis of Edelweiss Mutual Fund Pharma Fund - Regular Plan - Growth (Pharma). Compare returns, expenses, holdings and risks. Start investi",Edelweiss Mutual Fund Pharma Fund - Regular Plan - Growth | Edelweiss Mutual Fund Pharma Fund - Regular Plan - Growth review | Pharma mutual fund | Pharma fund in India | Edelweiss Mutual Fund Pharma | best Pharma funds | Edelweiss Mutual Fund Pharma Fund - Regular Plan - Growth NAV | Edelweiss Mutual Fund Pharma Fund - Regular Plan - Growth returns | Edelweiss Mutual Fund Pharma Fund - Regular Plan - Growth expense ratio | invest in Edelweiss Mutual Fund Pharma Fund - Regular Plan - Growth | Edelweiss Mutual Fund Pharma Fund - Regular Plan - Growth SIP | Pharma investment 2025 | Edelweiss Mutual Fund Pharma Fund - Regular Plan - Growth vs Pharma | top Pharma funds India | Edelweiss Mutual Fund Pharma Fund - Regular Plan - Growth performance | Edelweiss Mutual Fund Pharma Fund - Regular Plan - Growth fund manager | Pharma fund comparison | buy Edelweiss Mutual Fund Pharma Fund - Regular Plan - Growth online | Edelweiss Mutual Fund Pharma Fund - Regular Plan - Growth minimum investment | Pharma fund returns India
Edelweiss Mutual Fund Auto Fund - Direct Plan - Growth,Edelweiss Mutual Fund,Sectoral,Sectoral - Automotive,200305,10.8119,4248.00,0.98,500,1000,6.38,7.54,6.73,0.2,Nifty Auto TRI,Moderate,15.93,1.17,42,Bharat Lahoti,3.5 years,Aims to provide capital appreciation by investing in Sectoral securities,Equity: 96.00% | T-Bills: 4.00%,Nil,HDFC Bank Ltd. (8.5%) | ICICI Bank Ltd. (7.2%) | State Bank of India (5.8%) | Axis Bank Ltd. (5.2%) | Kotak Mahindra Bank Ltd. (4.9%) | IndusInd Bank Ltd. (4.5%) | Infosys Ltd. (4.1%) | TCS Ltd. (3.8%) | Bharti Airtel Ltd. (3.5%) | Reliance Industries Ltd. (3.2%),25-May-2026,03-Apr-2006,0%,LTCG 12.5% after 2 years for equity,999,Edelweiss Mutual Fund Auto Fund - Direct Plan - Growth - Ede,"Detailed review and analysis of Edelweiss Mutual Fund Auto Fund - Direct Plan - Growth (Sectoral). Compare returns, expenses, holdings and risks. Start investin",Edelweiss Mutual Fund Auto Fund - Direct Plan - Growth | Edelweiss Mutual Fund Auto Fund - Direct Plan - Growth review | Sectoral mutual fund | Sectoral fund in India | Edelweiss Mutual Fund Sectoral | best Sectoral funds | Edelweiss Mutual Fund Auto Fund - Direct Plan - Growth NAV | Edelweiss Mutual Fund Auto Fund - Direct Plan - Growth returns | Edelweiss Mutual Fund Auto Fund - Direct Plan - Growth expense ratio | invest in Edelweiss Mutual Fund Auto Fund - Direct Plan - Growth | Edelweiss Mutual Fund Auto Fund - Direct Plan - Growth SIP | Sectoral investment 2025 | Edelweiss Mutual Fund Auto Fund - Direct Plan - Growth vs Sectoral | top Sectoral funds India | Edelweiss Mutual Fund Auto Fund - Direct Plan - Growth performance | Edelweiss Mutual Fund Auto Fund - Direct Plan - Growth fund manager | Sectoral fund comparison | buy Edelweiss Mutual Fund Auto Fund - Direct Plan - Growth online | Edelweiss Mutual Fund Auto Fund - Direct Plan - Growth minimum investment | Sectoral fund returns India
Edelweiss Mutual Fund Manufacturing Fund - Regular Plan - Growth,Edelweiss Mutual Fund,Equity,Focused Fund,200306,443.7671,11337.60,1.75,500,1000,6.09,6.85,6.05,20.09,Nifty 500 TRI,Moderate,12.79,0.03,27,Bharat Lahoti,3.5 years,Aims to provide capital appreciation by investing in Equity securities,Equity: 97.00% | T-Bills: 3.00%,Nil,HDFC Bank Ltd. (8.8%) | ICICI Bank Ltd. (7.5%) | Reliance Industries Ltd. (6.2%) | Infosys Ltd. (5.8%) | Axis Bank Ltd. (5.1%) | Larsen & Toubro Ltd. (4.5%) | Bharti Airtel Ltd. (4.1%) | Sun Pharmaceutical Industries Ltd. (3.8%) | Tata Consultancy Services Ltd. (3.5%) | State Bank of India (3.2%),25-May-2026,02-Apr-2006,0%,LTCG 12.5% after 2 years for equity,999,Edelweiss Mutual Fund Manufacturing Fund - Regular Plan - Gr,"Detailed review and analysis of Edelweiss Mutual Fund Manufacturing Fund - Regular Plan - Growth (Equity). Compare returns, expenses, holdings and risks. Start ",Edelweiss Mutual Fund Manufacturing Fund - Regular Plan - Growth | Edelweiss Mutual Fund Manufacturing Fund - Regular Plan - Growth review | Equity mutual fund | Equity fund in India | Edelweiss Mutual Fund Equity | best Equity funds | Edelweiss Mutual Fund Manufacturing Fund - Regular Plan - Growth NAV | Edelweiss Mutual Fund Manufacturing Fund - Regular Plan - Growth returns | Edelweiss Mutual Fund Manufacturing Fund - Regular Plan - Growth expense ratio | invest in Edelweiss Mutual Fund Manufacturing Fund - Regular Plan - Growth | Edelweiss Mutual Fund Manufacturing Fund - Regular Plan - Growth SIP | Equity investment 2025 | Edelweiss Mutual Fund Manufacturing Fund - Regular Plan - Growth vs Equity | top Equity funds India | Edelweiss Mutual Fund Manufacturing Fund - Regular Plan - Growth performance | Edelweiss Mutual Fund Manufacturing Fund - Regular Plan - Growth fund manager | Equity fund comparison | buy Edelweiss Mutual Fund Manufacturing Fund - Regular Plan - Growth online | Edelweiss Mutual Fund Manufacturing Fund - Regular Plan - Growth minimum investment | Equity fund returns India
ICICI Prudential Large Cap Fund - Direct Plan - Growth,ICICI Prudential,Large Cap,Large Cap Fund,200307,117.1,23640.00,0.52,500,1000,-2.39,14.81,14.18,14.71,Nifty 50,Very High,11.43,0.73,17,Anish Tawakley,3.5 years,Aims to provide capital appreciation by investing in Large Cap securities,Equity: 96.00% | T-Bills: 4.00%,Nil,HDFC Bank Ltd. (8.5%) | ICICI Bank Ltd. (7.8%) | Reliance Industries Ltd. (6.9%) | Infosys Ltd. (5.2%) | Larsen & Toubro Ltd. (4.8%) | Axis Bank Ltd. (3.9%) | Tata Consultancy Services Ltd. (3.7%) | Bharti Airtel Ltd. (3.4%) | State Bank of India (3.1%) | ITC Ltd. (2.8%),25-May-2026,02-Jan-2013,0%,LTCG 12.5% after 2 years for equity,2,ICICI Prudential Large Cap Fund - Direct Plan - Growth - ICI,"Detailed review and analysis of ICICI Prudential Large Cap Fund - Direct Plan - Growth (Large Cap). Compare returns, expenses, holdings and risks. Start investi",ICICI Prudential Large Cap Fund - Direct Plan - Growth | ICICI Prudential Large Cap Fund - Direct Plan - Growth review | Large Cap mutual fund | Large Cap fund in India | ICICI Prudential Large Cap | best Large Cap funds | ICICI Prudential Large Cap Fund - Direct Plan - Growth NAV | ICICI Prudential Large Cap Fund - Direct Plan - Growth returns | ICICI Prudential Large Cap Fund - Direct Plan - Growth expense ratio | invest in ICICI Prudential Large Cap Fund - Direct Plan - Growth | ICICI Prudential Large Cap Fund - Direct Plan - Growth SIP | Large Cap investment 2025 | ICICI Prudential Large Cap Fund - Direct Plan - Growth vs Large Cap | top Large Cap funds India | ICICI Prudential Large Cap Fund - Direct Plan - Growth performance | ICICI Prudential Large Cap Fund - Direct Plan - Growth fund manager | Large Cap fund comparison | buy ICICI Prudential Large Cap Fund - Direct Plan - Growth online | ICICI Prudential Large Cap Fund - Direct Plan - Growth minimum investment | Large Cap fund returns India
ICICI Prudential Mid Cap Fund - Regular Plan - Growth,ICICI Prudential,Mid Cap,Mid Cap Fund,200308,380.93,7556.68,1.91,500,1000,19.85,27.15,20.63,19.66,Nifty Midcap 150 TRI,Very High,14.62,1.41,75,Lalit Kumar; Sharmila D'Silva,3.9 years,Aims to provide capital appreciation by investing in Mid Cap securities,Equity: 98.02%,Nil,Multi Commodity Exchange Of India Ltd. (4.88%) | BSE Ltd. (4.87%) | Jindal Steel Ltd. (4.51%) | Apar Industries Ltd. (4.3%) | Muthoot Finance Ltd. (3.74%) | APL Apollo Tubes Ltd. (3.59%) | Jindal Stainless Ltd. (3.15%) | Hindustan Petroleum Corporation Ltd. (3.14%) | PB Fintech Ltd. (3.11%) | UPL Ltd. (2.94%),25-May-2026,02-Jan-2013,0%,LTCG 12.5% after 2 years for equity,2,ICICI Prudential Mid Cap Fund - Regular Plan - Growth - ICIC,"Detailed review and analysis of ICICI Prudential Mid Cap Fund - Regular Plan - Growth (Mid Cap). Compare returns, expenses, holdings and risks. Start investing ",ICICI Prudential Mid Cap Fund - Regular Plan - Growth | ICICI Prudential Mid Cap Fund - Regular Plan - Growth review | Mid Cap mutual fund | Mid Cap fund in India | ICICI Prudential Mid Cap | best Mid Cap funds | ICICI Prudential Mid Cap Fund - Regular Plan - Growth NAV | ICICI Prudential Mid Cap Fund - Regular Plan - Growth returns | ICICI Prudential Mid Cap Fund - Regular Plan - Growth expense ratio | invest in ICICI Prudential Mid Cap Fund - Regular Plan - Growth | ICICI Prudential Mid Cap Fund - Regular Plan - Growth SIP | Mid Cap investment 2025 | ICICI Prudential Mid Cap Fund - Regular Plan - Growth vs Mid Cap | top Mid Cap funds India | ICICI Prudential Mid Cap Fund - Regular Plan - Growth performance | ICICI Prudential Mid Cap Fund - Regular Plan - Growth fund manager | Mid Cap fund comparison | buy ICICI Prudential Mid Cap Fund - Regular Plan - Growth online | ICICI Prudential Mid Cap Fund - Regular Plan - Growth minimum investment | Mid Cap fund returns India
ICICI Prudential Multi Cap Fund - Regular Plan - Growth,ICICI Prudential,Multi Cap,Multi Cap Fund,200310,934.98,16997.42,1.74,500,1000,6.9,20.43,17.37,16.31,Nifty 500 Multicap 50:25:25 TRI,Very High,13.20,1.06,45,Lalit Kumar; Sharmila D'Silva,3.9 years,Aims to provide capital appreciation by investing in Multi Cap securities,Equity: 97.97%,Nil,BSE Ltd. (3.31%) | Ultratech Cement Ltd. (2.85%) | Jindal Steel Ltd. (2.73%) | Multi Commodity Exchange Of India Ltd. (2.11%) | ABB India Ltd. (2.06%) | Interglobe Aviation Ltd. (2.06%) | Apar Industries Ltd. (1.82%) | Vedanta Ltd. (1.81%) | Samvardhana Motherson International Ltd. (1.78%) | PB Fintech Ltd. (1.76%),25-May-2026,02-Jan-2013,0%,LTCG 12.5% after 2 years for equity,2,ICICI Prudential Multi Cap Fund - Regular Plan - Growth - IC,"Detailed review and analysis of ICICI Prudential Multi Cap Fund - Regular Plan - Growth (Multi Cap). Compare returns, expenses, holdings and risks. Start invest",ICICI Prudential Multi Cap Fund - Regular Plan - Growth | ICICI Prudential Multi Cap Fund - Regular Plan - Growth review | Multi Cap mutual fund | Multi Cap fund in India | ICICI Prudential Multi Cap | best Multi Cap funds | ICICI Prudential Multi Cap Fund - Regular Plan - Growth NAV | ICICI Prudential Multi Cap Fund - Regular Plan - Growth returns | ICICI Prudential Multi Cap Fund - Regular Plan - Growth expense ratio | invest in ICICI Prudential Multi Cap Fund - Regular Plan - Growth | ICICI Prudential Multi Cap Fund - Regular Plan - Growth SIP | Multi Cap investment 2025 | ICICI Prudential Multi Cap Fund - Regular Plan - Growth vs Multi Cap | top Multi Cap funds India | ICICI Prudential Multi Cap Fund - Regular Plan - Growth performance | ICICI Prudential Multi Cap Fund - Regular Plan - Growth fund manager | Multi Cap fund comparison | buy ICICI Prudential Multi Cap Fund - Regular Plan - Growth online | ICICI Prudential Multi Cap Fund - Regular Plan - Growth minimum investment | Multi Cap fund returns India
ICICI Prudential Flexi Cap Fund - Direct Plan - Growth,ICICI Prudential,Flexi Cap,Flexi Cap Fund,200311,19.75,13283.20,0.72,500,1000,3.51,16.85,14.58,15.1,Nifty 500 TRI,Very High,12.64,0.82,27,Anish Tawakley,3.5 years,Aims to provide capital appreciation by investing in Flexi Cap securities,Equity: 95.00% | T-Bills: 5.00%,Nil,HDFC Bank Ltd. (8.2%) | ICICI Bank Ltd. (6.9%) | Infosys Ltd. (5.5%) | Reliance Industries Ltd. (5.1%) | Axis Bank Ltd. (4.2%) | Larsen & Toubro Ltd. (3.8%) | Tata Consultancy Services Ltd. (3.4%) | Bharti Airtel Ltd. (3.1%) | Sun Pharmaceutical Industries Ltd. (2.8%) | Kotak Mahindra Bank Ltd. (2.5%),25-May-2026,19-Jul-2021,0%,LTCG 12.5% after 2 years for equity,2,ICICI Prudential Flexi Cap Fund - Direct Plan - Growth - ICI,"Detailed review and analysis of ICICI Prudential Flexi Cap Fund - Direct Plan - Growth (Flexi Cap). Compare returns, expenses, holdings and risks. Start investi",ICICI Prudential Flexi Cap Fund - Direct Plan - Growth | ICICI Prudential Flexi Cap Fund - Direct Plan - Growth review | Flexi Cap mutual fund | Flexi Cap fund in India | ICICI Prudential Flexi Cap | best Flexi Cap funds | ICICI Prudential Flexi Cap Fund - Direct Plan - Growth NAV | ICICI Prudential Flexi Cap Fund - Direct Plan - Growth returns | ICICI Prudential Flexi Cap Fund - Direct Plan - Growth expense ratio | invest in ICICI Prudential Flexi Cap Fund - Direct Plan - Growth | ICICI Prudential Flexi Cap Fund - Direct Plan - Growth SIP | Flexi Cap investment 2025 | ICICI Prudential Flexi Cap Fund - Direct Plan - Growth vs Flexi Cap | top Flexi Cap funds India | ICICI Prudential Flexi Cap Fund - Direct Plan - Growth performance | ICICI Prudential Flexi Cap Fund - Direct Plan - Growth fund manager | Flexi Cap fund comparison | buy ICICI Prudential Flexi Cap Fund - Direct Plan - Growth online | ICICI Prudential Flexi Cap Fund - Direct Plan - Growth minimum investment | Flexi Cap fund returns India
ICICI Prudential ELSS Tax Saver Fund - Regular Plan - Growth,ICICI Prudential,ELSS,ELSS (Tax Saving),200312,898.49,13911.41,1.85,500,1000,-2.17,13.18,12.17,12.06,Nifty 500 TRI,Very High,13.55,0.49,28,Mittul Kalawadia; Priyanka Khandelwal; Sharmila D'Silva,3.9 years,Aims to provide capital appreciation by investing in ELSS securities,Equity: 96.8% | Pref. Shares: 0.05% | T-Bills: 0.02%,Nil,ICICI Bank Ltd. (7.32%) | HDFC Bank Ltd. (6.94%) | Axis Bank Ltd. (6.0%) | Sun Pharmaceutical Industries Ltd. (5.87%) | Reliance Industries Ltd. (5.68%) | Avenue Supermarts Ltd. (5.55%) | Larsen & Toubro Ltd. (4.73%) | NTPC Ltd. (3.97%) | TVS Motor Company Ltd. (3.94%) | Maruti Suzuki India Ltd. (3.56%),25-May-2026,02-Apr-2006,0%,LTCG 12.5% after 2 years for equity,2,ICICI Prudential ELSS Tax Saver Fund - Regular Plan - Growth,"Detailed review and analysis of ICICI Prudential ELSS Tax Saver Fund - Regular Plan - Growth (ELSS). Compare returns, expenses, holdings and risks. Start invest",ICICI Prudential ELSS Tax Saver Fund - Regular Plan - Growth | ICICI Prudential ELSS Tax Saver Fund - Regular Plan - Growth review | ELSS mutual fund | ELSS fund in India | ICICI Prudential ELSS | best ELSS funds | ICICI Prudential ELSS Tax Saver Fund - Regular Plan - Growth NAV | ICICI Prudential ELSS Tax Saver Fund - Regular Plan - Growth returns | ICICI Prudential ELSS Tax Saver Fund - Regular Plan - Growth expense ratio | invest in ICICI Prudential ELSS Tax Saver Fund - Regular Plan - Growth | ICICI Prudential ELSS Tax Saver Fund - Regular Plan - Growth SIP | ELSS investment 2025 | ICICI Prudential ELSS Tax Saver Fund - Regular Plan - Growth vs ELSS | top ELSS funds India | ICICI Prudential ELSS Tax Saver Fund - Regular Plan - Growth performance | ICICI Prudential ELSS Tax Saver Fund - Regular Plan - Growth fund manager | ELSS fund comparison | buy ICICI Prudential ELSS Tax Saver Fund - Regular Plan - Growth online | ICICI Prudential ELSS Tax Saver Fund - Regular Plan - Growth minimum investment | ELSS fund returns India
ICICI Prudential Debt Fund - Regular Plan - Growth,ICICI Prudential,Debt,Short Duration Fund,200314,77.6874,7609.60,1.05,500,1000,3.52,9.18,8.32,9.21,CRISIL Composite Bond Fund Index,Moderate,2.84,0.94,126,Anish Tawakley,3.5 years,Aims to provide capital appreciation by investing in Debt securities,Debenture: 40.00% | SDL: 30.00% | T-Bills: 20.00% | GOI Sec: 10.00%,Nil,National Bank For Agriculture And Rural Development (5.8%) | Power Finance Corporation Ltd. (5.2%) | Rural Electrification Corporation Ltd. (4.9%) | 7.26% GOI 2032 (4.5%) | State Bank of India (4.1%) | National Highways Authority of India (3.8%) | Housing Development Finance Corporation Ltd. (3.5%) | Indian Railway Finance Corporation Ltd. (3.2%) | HDFC Bank Ltd. (2.9%) | Bajaj Finance Ltd. (2.5%),25-May-2026,02-Apr-2006,0%,LTCG 12.5% after 2 years for equity,2,ICICI Prudential Debt Fund - Regular Plan - Growth - ICICI P,"Detailed review and analysis of ICICI Prudential Debt Fund - Regular Plan - Growth (Debt). Compare returns, expenses, holdings and risks. Start investing today.",ICICI Prudential Debt Fund - Regular Plan - Growth | ICICI Prudential Debt Fund - Regular Plan - Growth review | Debt mutual fund | Debt fund in India | ICICI Prudential Debt | best Debt funds | ICICI Prudential Debt Fund - Regular Plan - Growth NAV | ICICI Prudential Debt Fund - Regular Plan - Growth returns | ICICI Prudential Debt Fund - Regular Plan - Growth expense ratio | invest in ICICI Prudential Debt Fund - Regular Plan - Growth | ICICI Prudential Debt Fund - Regular Plan - Growth SIP | Debt investment 2025 | ICICI Prudential Debt Fund - Regular Plan - Growth vs Debt | top Debt funds India | ICICI Prudential Debt Fund - Regular Plan - Growth performance | ICICI Prudential Debt Fund - Regular Plan - Growth fund manager | Debt fund comparison | buy ICICI Prudential Debt Fund - Regular Plan - Growth online | ICICI Prudential Debt Fund - Regular Plan - Growth minimum investment | Debt fund returns India
ICICI Prudential Banking Fund - Direct Plan - Growth,ICICI Prudential,Banking,Sectoral - Banking & Financial Services,200315,144.17,6664.00,0.92,500,1000,-3.51,11.57,10.9,14.56,Nifty Bank TRI,Very High,15.52,0.33,38,Anish Tawakley,3.5 years,Aims to provide capital appreciation by investing in Banking securities,Equity: 97.00% | T-Bills: 3.00%,Nil,HDFC Bank Ltd. (22.5%) | ICICI Bank Ltd. (19.8%) | State Bank of India (12.4%) | Axis Bank Ltd. (10.8%) | Kotak Mahindra Bank Ltd. (8.5%) | Bank of Baroda (5.2%) | IndusInd Bank Ltd. (4.8%) | Federal Bank Ltd. (3.9%) | AU Small Finance Bank Ltd. (3.5%) | Punjab National Bank (2.8%),25-May-2026,02-Jan-2013,0%,LTCG 12.5% after 2 years for equity,2,ICICI Prudential Banking Fund - Direct Plan - Growth - ICICI,"Detailed review and analysis of ICICI Prudential Banking Fund - Direct Plan - Growth (Banking). Compare returns, expenses, holdings and risks. Start investing t",ICICI Prudential Banking Fund - Direct Plan - Growth | ICICI Prudential Banking Fund - Direct Plan - Growth review | Banking mutual fund | Banking fund in India | ICICI Prudential Banking | best Banking funds | ICICI Prudential Banking Fund - Direct Plan - Growth NAV | ICICI Prudential Banking Fund - Direct Plan - Growth returns | ICICI Prudential Banking Fund - Direct Plan - Growth expense ratio | invest in ICICI Prudential Banking Fund - Direct Plan - Growth | ICICI Prudential Banking Fund - Direct Plan - Growth SIP | Banking investment 2025 | ICICI Prudential Banking Fund - Direct Plan - Growth vs Banking | top Banking funds India | ICICI Prudential Banking Fund - Direct Plan - Growth performance | ICICI Prudential Banking Fund - Direct Plan - Growth fund manager | Banking fund comparison | buy ICICI Prudential Banking Fund - Direct Plan - Growth online | ICICI Prudential Banking Fund - Direct Plan - Growth minimum investment | Banking fund returns India
ICICI Prudential Technology Fund - Regular Plan - Growth,ICICI Prudential,Technology,Sectoral - Technology,200316,169.49,13067.59,1.71,500,1000,-14.11,7.72,7.78,14.22,Nifty IT TRI,Very High,18.01,0.07,52,Sharmila D'Silva; Vaibhav Dusad,6.1 years,Aims to provide capital appreciation by investing in Technology securities,Equity: 87.48% | Futures: 5.25% | Forgn. Eq: 5.21%,Nil,Infosys Ltd. (14.1%) | Bharti Airtel Ltd. (12.57%) | Tech Mahindra Ltd. (7.65%) | Wipro Ltd. (4.98%) | Mphasis Ltd. (4.04%) | Coforge Ltd. (3.12%) | Cognizant Technology Solutions Corp. (2.98%) | HCL Technologies Ltd. (2.7%) | LTM Limited (2.45%) | Tata Consultancy Services Ltd. (2.11%),25-May-2026,02-Apr-2006,0%,LTCG 12.5% after 2 years for equity,2,ICICI Prudential Technology Fund - Regular Plan - Growth - I,"Detailed review and analysis of ICICI Prudential Technology Fund - Regular Plan - Growth (Technology). Compare returns, expenses, holdings and risks. Start inve",ICICI Prudential Technology Fund - Regular Plan - Growth | ICICI Prudential Technology Fund - Regular Plan - Growth review | Technology mutual fund | Technology fund in India | ICICI Prudential Technology | best Technology funds | ICICI Prudential Technology Fund - Regular Plan - Growth NAV | ICICI Prudential Technology Fund - Regular Plan - Growth returns | ICICI Prudential Technology Fund - Regular Plan - Growth expense ratio | invest in ICICI Prudential Technology Fund - Regular Plan - Growth | ICICI Prudential Technology Fund - Regular Plan - Growth SIP | Technology investment 2025 | ICICI Prudential Technology Fund - Regular Plan - Growth vs Technology | top Technology funds India | ICICI Prudential Technology Fund - Regular Plan - Growth performance | ICICI Prudential Technology Fund - Regular Plan - Growth fund manager | Technology fund comparison | buy ICICI Prudential Technology Fund - Regular Plan - Growth online | ICICI Prudential Technology Fund - Regular Plan - Growth minimum investment | Technology fund returns India
ICICI Prudential Infrastructure Fund - Direct Plan - Growth,ICICI Prudential,Thematic,Thematic - Infrastructure,200317,215.86,5244.80,0.92,500,1000,3.25,23.59,24.85,16.42,Nifty Infrastructure TRI,Very High,15.21,1.12,38,Anish Tawakley,3.5 years,Aims to provide capital appreciation by investing in Thematic securities,Equity: 95.00% | T-Bills: 5.00%,Nil,HDFC Bank Ltd. (5.8%) | ICICI Bank Ltd. (5.2%) | Larsen & Toubro Ltd. (4.9%) | Reliance Industries Ltd. (4.5%) | Infosys Ltd. (4.1%) | Bharti Airtel Ltd. (3.8%) | Axis Bank Ltd. (3.5%) | State Bank of India (3.2%) | Tata Motors Ltd. (2.9%) | Adani Ports & SEZ Ltd. (2.6%),25-May-2026,02-Jan-2013,0%,LTCG 12.5% after 2 years for equity,2,ICICI Prudential Infrastructure Fund - Direct Plan - Growth,"Detailed review and analysis of ICICI Prudential Infrastructure Fund - Direct Plan - Growth (Thematic). Compare returns, expenses, holdings and risks. Start inv",ICICI Prudential Infrastructure Fund - Direct Plan - Growth | ICICI Prudential Infrastructure Fund - Direct Plan - Growth review | Thematic mutual fund | Thematic fund in India | ICICI Prudential Thematic | best Thematic funds | ICICI Prudential Infrastructure Fund - Direct Plan - Growth NAV | ICICI Prudential Infrastructure Fund - Direct Plan - Growth returns | ICICI Prudential Infrastructure Fund - Direct Plan - Growth expense ratio | invest in ICICI Prudential Infrastructure Fund - Direct Plan - Growth | ICICI Prudential Infrastructure Fund - Direct Plan - Growth SIP | Thematic investment 2025 | ICICI Prudential Infrastructure Fund - Direct Plan - Growth vs Thematic | top Thematic funds India | ICICI Prudential Infrastructure Fund - Direct Plan - Growth performance | ICICI Prudential Infrastructure Fund - Direct Plan - Growth fund manager | Thematic fund comparison | buy ICICI Prudential Infrastructure Fund - Direct Plan - Growth online | ICICI Prudential Infrastructure Fund - Direct Plan - Growth minimum investment | Thematic fund returns India
ICICI Prudential Dividend Fund - Regular Plan - Growth,ICICI Prudential,Thematic,Thematic - Dividend Yield,200318,77.6874,5249.20,1.92,500,1000,3.52,9.18,8.32,9.21,Nifty Dividend Opportunities 50 TRI,Moderate,15.24,0.18,39,Anish Tawakley,3.5 years,Aims to provide capital appreciation by investing in Thematic securities,Equity: 95.00% | T-Bills: 5.00%,Nil,HDFC Bank Ltd. (5.8%) | ICICI Bank Ltd. (5.2%) | Larsen & Toubro Ltd. (4.9%) | Reliance Industries Ltd. (4.5%) | Infosys Ltd. (4.1%) | Bharti Airtel Ltd. (3.8%) | Axis Bank Ltd. (3.5%) | State Bank of India (3.2%) | Tata Motors Ltd. (2.9%) | Adani Ports & SEZ Ltd. (2.6%),25-May-2026,02-Apr-2006,0%,LTCG 12.5% after 2 years for equity,2,ICICI Prudential Dividend Fund - Regular Plan - Growth - ICI,"Detailed review and analysis of ICICI Prudential Dividend Fund - Regular Plan - Growth (Thematic). Compare returns, expenses, holdings and risks. Start investin",ICICI Prudential Dividend Fund - Regular Plan - Growth | ICICI Prudential Dividend Fund - Regular Plan - Growth review | Thematic mutual fund | Thematic fund in India | ICICI Prudential Thematic | best Thematic funds | ICICI Prudential Dividend Fund - Regular Plan - Growth NAV | ICICI Prudential Dividend Fund - Regular Plan - Growth returns | ICICI Prudential Dividend Fund - Regular Plan - Growth expense ratio | invest in ICICI Prudential Dividend Fund - Regular Plan - Growth | ICICI Prudential Dividend Fund - Regular Plan - Growth SIP | Thematic investment 2025 | ICICI Prudential Dividend Fund - Regular Plan - Growth vs Thematic | top Thematic funds India | ICICI Prudential Dividend Fund - Regular Plan - Growth performance | ICICI Prudential Dividend Fund - Regular Plan - Growth fund manager | Thematic fund comparison | buy ICICI Prudential Dividend Fund - Regular Plan - Growth online | ICICI Prudential Dividend Fund - Regular Plan - Growth minimum investment | Thematic fund returns India
ICICI Prudential International Fund - Regular Plan - Growth,ICICI Prudential,International,Fund of Funds - Overseas,200320,77.6874,3346.00,2.05,500,1000,3.52,9.18,8.32,9.21,MSCI World Index,Very High,13.84,0.19,16,Anish Tawakley,3.5 years,Aims to provide capital appreciation by investing in International securities,Forgn. Eq: 95.00% | Cash & Equivalents: 5.00%,Nil,Apple Inc. (8.5%) | Microsoft Corp. (7.8%) | Alphabet Inc Class A (6.9%) | Amazon.com Inc. (5.2%) | NVIDIA Corp. (4.8%) | Meta Platforms Inc. (4.2%) | Tesla Inc. (3.9%) | Berkshire Hathaway Inc. (3.5%) | UnitedHealth Group Inc. (3.1%) | Johnson & Johnson (2.8%),25-May-2026,02-Apr-2006,0%,LTCG 12.5% after 2 years for equity,2,ICICI Prudential International Fund - Regular Plan - Growth,"Detailed review and analysis of ICICI Prudential International Fund - Regular Plan - Growth (International). Compare returns, expenses, holdings and risks. Star",ICICI Prudential International Fund - Regular Plan - Growth | ICICI Prudential International Fund - Regular Plan - Growth review | International mutual fund | International fund in India | ICICI Prudential International | best International funds | ICICI Prudential International Fund - Regular Plan - Growth NAV | ICICI Prudential International Fund - Regular Plan - Growth returns | ICICI Prudential International Fund - Regular Plan - Growth expense ratio | invest in ICICI Prudential International Fund - Regular Plan - Growth | ICICI Prudential International Fund - Regular Plan - Growth SIP | International investment 2025 | ICICI Prudential International Fund - Regular Plan - Growth vs International | top International funds India | ICICI Prudential International Fund - Regular Plan - Growth performance | ICICI Prudential International Fund - Regular Plan - Growth fund manager | International fund comparison | buy ICICI Prudential International Fund - Regular Plan - Growth online | ICICI Prudential International Fund - Regular Plan - Growth minimum investment | International fund returns India
ICICI Prudential Energy Fund - Direct Plan - Growth,ICICI Prudential,Equity,Focused Fund,200321,11.81,11481.60,0.75,500,1000,16.01,5.63,3.34,9.4,Nifty 500 TRI,Moderate,13.13,0.26,31,Anish Tawakley,3.5 years,Aims to provide capital appreciation by investing in Equity securities,Equity: 97.00% | T-Bills: 3.00%,Nil,HDFC Bank Ltd. (8.8%) | ICICI Bank Ltd. (7.5%) | Reliance Industries Ltd. (6.2%) | Infosys Ltd. (5.8%) | Axis Bank Ltd. (5.1%) | Larsen & Toubro Ltd. (4.5%) | Bharti Airtel Ltd. (4.1%) | Sun Pharmaceutical Industries Ltd. (3.8%) | Tata Consultancy Services Ltd. (3.5%) | State Bank of India (3.2%),25-May-2026,23-Jul-2024,0%,LTCG 12.5% after 2 years for equity,2,ICICI Prudential Energy Fund - Direct Plan - Growth - ICICI,"Detailed review and analysis of ICICI Prudential Energy Fund - Direct Plan - Growth (Equity). Compare returns, expenses, holdings and risks. Start investing tod",ICICI Prudential Energy Fund - Direct Plan - Growth | ICICI Prudential Energy Fund - Direct Plan - Growth review | Equity mutual fund | Equity fund in India | ICICI Prudential Equity | best Equity funds | ICICI Prudential Energy Fund - Direct Plan - Growth NAV | ICICI Prudential Energy Fund - Direct Plan - Growth returns | ICICI Prudential Energy Fund - Direct Plan - Growth expense ratio | invest in ICICI Prudential Energy Fund - Direct Plan - Growth | ICICI Prudential Energy Fund - Direct Plan - Growth SIP | Equity investment 2025 | ICICI Prudential Energy Fund - Direct Plan - Growth vs Equity | top Equity funds India | ICICI Prudential Energy Fund - Direct Plan - Growth performance | ICICI Prudential Energy Fund - Direct Plan - Growth fund manager | Equity fund comparison | buy ICICI Prudential Energy Fund - Direct Plan - Growth online | ICICI Prudential Energy Fund - Direct Plan - Growth minimum investment | Equity fund returns India
ICICI Prudential Pharma Fund - Regular Plan - Growth,ICICI Prudential,Pharma,Sectoral - Pharma & Healthcare,200322,77.6874,4788.00,1.95,500,1000,3.52,9.18,8.32,9.21,Nifty Pharma TRI,Very High,14.96,0.18,44,Anish Tawakley,3.5 years,Aims to provide capital appreciation by investing in Pharma securities,Equity: 96.00% | T-Bills: 4.00%,Nil,Sun Pharmaceutical Industries Ltd. (20.5%) | Dr. Reddy's Laboratories Ltd. (12.8%) | Cipla Ltd. (10.4%) | Divi's Laboratories Ltd. (9.8%) | Torrent Pharmaceuticals Ltd. (7.2%) | Aurobindo Pharma Ltd. (5.8%) | Alkem Laboratories Ltd. (5.2%) | Lupin Ltd. (4.9%) | Ipca Laboratories Ltd. (3.8%) | Mankind Pharma Ltd. (3.5%),25-May-2026,02-Apr-2006,0%,LTCG 12.5% after 2 years for equity,2,ICICI Prudential Pharma Fund - Regular Plan - Growth - ICICI,"Detailed review and analysis of ICICI Prudential Pharma Fund - Regular Plan - Growth (Pharma). Compare returns, expenses, holdings and risks. Start investing to",ICICI Prudential Pharma Fund - Regular Plan - Growth | ICICI Prudential Pharma Fund - Regular Plan - Growth review | Pharma mutual fund | Pharma fund in India | ICICI Prudential Pharma | best Pharma funds | ICICI Prudential Pharma Fund - Regular Plan - Growth NAV | ICICI Prudential Pharma Fund - Regular Plan - Growth returns | ICICI Prudential Pharma Fund - Regular Plan - Growth expense ratio | invest in ICICI Prudential Pharma Fund - Regular Plan - Growth | ICICI Prudential Pharma Fund - Regular Plan - Growth SIP | Pharma investment 2025 | ICICI Prudential Pharma Fund - Regular Plan - Growth vs Pharma | top Pharma funds India | ICICI Prudential Pharma Fund - Regular Plan - Growth performance | ICICI Prudential Pharma Fund - Regular Plan - Growth fund manager | Pharma fund comparison | buy ICICI Prudential Pharma Fund - Regular Plan - Growth online | ICICI Prudential Pharma Fund - Regular Plan - Growth minimum investment | Pharma fund returns India
ICICI Prudential Auto Fund - Direct Plan - Growth,ICICI Prudential,Sectoral,Sectoral - Automotive,200323,20.8931,4312.80,0.98,500,1000,10.12,22.96,15.71,22.41,Nifty Auto TRI,Moderate,16.55,0.99,49,Anish Tawakley,3.5 years,Aims to provide capital appreciation by investing in Sectoral securities,Equity: 96.00% | T-Bills: 4.00%,Nil,HDFC Bank Ltd. (8.5%) | ICICI Bank Ltd. (7.2%) | State Bank of India (5.8%) | Axis Bank Ltd. (5.2%) | Kotak Mahindra Bank Ltd. (4.9%) | IndusInd Bank Ltd. (4.5%) | Infosys Ltd. (4.1%) | TCS Ltd. (3.8%) | Bharti Airtel Ltd. (3.5%) | Reliance Industries Ltd. (3.2%),25-May-2026,12-Oct-2022,0%,LTCG 12.5% after 2 years for equity,2,ICICI Prudential Auto Fund - Direct Plan - Growth - ICICI Pr,"Detailed review and analysis of ICICI Prudential Auto Fund - Direct Plan - Growth (Sectoral). Compare returns, expenses, holdings and risks. Start investing tod",ICICI Prudential Auto Fund - Direct Plan - Growth | ICICI Prudential Auto Fund - Direct Plan - Growth review | Sectoral mutual fund | Sectoral fund in India | ICICI Prudential Sectoral | best Sectoral funds | ICICI Prudential Auto Fund - Direct Plan - Growth NAV | ICICI Prudential Auto Fund - Direct Plan - Growth returns | ICICI Prudential Auto Fund - Direct Plan - Growth expense ratio | invest in ICICI Prudential Auto Fund - Direct Plan - Growth | ICICI Prudential Auto Fund - Direct Plan - Growth SIP | Sectoral investment 2025 | ICICI Prudential Auto Fund - Direct Plan - Growth vs Sectoral | top Sectoral funds India | ICICI Prudential Auto Fund - Direct Plan - Growth performance | ICICI Prudential Auto Fund - Direct Plan - Growth fund manager | Sectoral fund comparison | buy ICICI Prudential Auto Fund - Direct Plan - Growth online | ICICI Prudential Auto Fund - Direct Plan - Growth minimum investment | Sectoral fund returns India
ICICI Prudential Manufacturing Fund - Regular Plan - Growth,ICICI Prudential,Equity,Focused Fund,200324,77.6874,11510.40,1.75,500,1000,3.52,9.18,8.32,9.21,Nifty 500 TRI,Moderate,13.20,0.20,32,Anish Tawakley,3.5 years,Aims to provide capital appreciation by investing in Equity securities,Equity: 97.00% | T-Bills: 3.00%,Nil,HDFC Bank Ltd. (8.8%) | ICICI Bank Ltd. (7.5%) | Reliance Industries Ltd. (6.2%) | Infosys Ltd. (5.8%) | Axis Bank Ltd. (5.1%) | Larsen & Toubro Ltd. (4.5%) | Bharti Airtel Ltd. (4.1%) | Sun Pharmaceutical Industries Ltd. (3.8%) | Tata Consultancy Services Ltd. (3.5%) | State Bank of India (3.2%),25-May-2026,02-Apr-2006,0%,LTCG 12.5% after 2 years for equity,2,ICICI Prudential Manufacturing Fund - Regular Plan - Growth,"Detailed review and analysis of ICICI Prudential Manufacturing Fund - Regular Plan - Growth (Equity). Compare returns, expenses, holdings and risks. Start inves",ICICI Prudential Manufacturing Fund - Regular Plan - Growth | ICICI Prudential Manufacturing Fund - Regular Plan - Growth review | Equity mutual fund | Equity fund in India | ICICI Prudential Equity | best Equity funds | ICICI Prudential Manufacturing Fund - Regular Plan - Growth NAV | ICICI Prudential Manufacturing Fund - Regular Plan - Growth returns | ICICI Prudential Manufacturing Fund - Regular Plan - Growth expense ratio | invest in ICICI Prudential Manufacturing Fund - Regular Plan - Growth | ICICI Prudential Manufacturing Fund - Regular Plan - Growth SIP | Equity investment 2025 | ICICI Prudential Manufacturing Fund - Regular Plan - Growth vs Equity | top Equity funds India | ICICI Prudential Manufacturing Fund - Regular Plan - Growth performance | ICICI Prudential Manufacturing Fund - Regular Plan - Growth fund manager | Equity fund comparison | buy ICICI Prudential Manufacturing Fund - Regular Plan - Growth online | ICICI Prudential Manufacturing Fund - Regular Plan - Growth minimum investment | Equity fund returns India
Quantum Mutual Fund Large Cap Fund - Direct Plan - Growth,Quantum Mutual Fund,Large Cap,Large Cap Fund,200325,497.217,24000.00,0.52,500,1000,-4.02,14.7,12.03,11.65,Nifty 50,Very High,11.75,0.70,21,Atul Kumar,3.5 years,Aims to provide capital appreciation by investing in Large Cap securities,Equity: 96.00% | T-Bills: 4.00%,Nil,HDFC Bank Ltd. (8.5%) | ICICI Bank Ltd. (7.8%) | Reliance Industries Ltd. (6.9%) | Infosys Ltd. (5.2%) | Larsen & Toubro Ltd. (4.8%) | Axis Bank Ltd. (3.9%) | Tata Consultancy Services Ltd. (3.7%) | Bharti Airtel Ltd. (3.4%) | State Bank of India (3.1%) | ITC Ltd. (2.8%),25-May-2026,02-Jan-2013,0%,LTCG 12.5% after 2 years for equity,999,Quantum Mutual Fund Large Cap Fund - Direct Plan - Growth -,"Detailed review and analysis of Quantum Mutual Fund Large Cap Fund - Direct Plan - Growth (Large Cap). Compare returns, expenses, holdings and risks. Start inve",Quantum Mutual Fund Large Cap Fund - Direct Plan - Growth | Quantum Mutual Fund Large Cap Fund - Direct Plan - Growth review | Large Cap mutual fund | Large Cap fund in India | Quantum Mutual Fund Large Cap | best Large Cap funds | Quantum Mutual Fund Large Cap Fund - Direct Plan - Growth NAV | Quantum Mutual Fund Large Cap Fund - Direct Plan - Growth returns | Quantum Mutual Fund Large Cap Fund - Direct Plan - Growth expense ratio | invest in Quantum Mutual Fund Large Cap Fund - Direct Plan - Growth | Quantum Mutual Fund Large Cap Fund - Direct Plan - Growth SIP | Large Cap investment 2025 | Quantum Mutual Fund Large Cap Fund - Direct Plan - Growth vs Large Cap | top Large Cap funds India | Quantum Mutual Fund Large Cap Fund - Direct Plan - Growth performance | Quantum Mutual Fund Large Cap Fund - Direct Plan - Growth fund manager | Large Cap fund comparison | buy Quantum Mutual Fund Large Cap Fund - Direct Plan - Growth online | Quantum Mutual Fund Large Cap Fund - Direct Plan - Growth minimum investment | Large Cap fund returns India
Quantum Mutual Fund Mid Cap Fund - Regular Plan - Growth,Quantum Mutual Fund,Mid Cap,Mid Cap Fund,200326,116.77,14412.00,1.75,500,1000,-1.93,12.96,12.33,10.42,Nifty Midcap 150 TRI,Very High,15.13,0.43,28,Atul Kumar,3.5 years,Aims to provide capital appreciation by investing in Mid Cap securities,Equity: 94.00% | T-Bills: 6.00%,Nil,Voltas Ltd. (3.8%) | Mphasis Ltd. (3.5%) | Coforge Ltd. (3.2%) | Sundram Fasteners Ltd. (2.9%) | Persistent Systems Ltd. (2.7%) | Zydus Lifesciences Ltd. (2.5%) | Crompton Greaves Consumer Electricals Ltd. (2.4%) | Oberoi Realty Ltd. (2.2%) | Tube Investments of India Ltd. (2.1%) | Emami Ltd. (2.0%),25-May-2026,03-Apr-2006,0%,LTCG 12.5% after 2 years for equity,999,Quantum Mutual Fund Mid Cap Fund - Regular Plan - Growth - Q,"Detailed review and analysis of Quantum Mutual Fund Mid Cap Fund - Regular Plan - Growth (Mid Cap). Compare returns, expenses, holdings and risks. Start investi",Quantum Mutual Fund Mid Cap Fund - Regular Plan - Growth | Quantum Mutual Fund Mid Cap Fund - Regular Plan - Growth review | Mid Cap mutual fund | Mid Cap fund in India | Quantum Mutual Fund Mid Cap | best Mid Cap funds | Quantum Mutual Fund Mid Cap Fund - Regular Plan - Growth NAV | Quantum Mutual Fund Mid Cap Fund - Regular Plan - Growth returns | Quantum Mutual Fund Mid Cap Fund - Regular Plan - Growth expense ratio | invest in Quantum Mutual Fund Mid Cap Fund - Regular Plan - Growth | Quantum Mutual Fund Mid Cap Fund - Regular Plan - Growth SIP | Mid Cap investment 2025 | Quantum Mutual Fund Mid Cap Fund - Regular Plan - Growth vs Mid Cap | top Mid Cap funds India | Quantum Mutual Fund Mid Cap Fund - Regular Plan - Growth performance | Quantum Mutual Fund Mid Cap Fund - Regular Plan - Growth fund manager | Mid Cap fund comparison | buy Quantum Mutual Fund Mid Cap Fund - Regular Plan - Growth online | Quantum Mutual Fund Mid Cap Fund - Regular Plan - Growth minimum investment | Mid Cap fund returns India
Quantum Mutual Fund Small Cap Fund - Direct Plan - Growth,Quantum Mutual Fund,Small Cap,Small Cap Fund,200327,226.029,11539.20,0.82,500,1000,9.07,20.44,18.91,20.97,Nifty Smallcap 250 TRI,Very High,17.76,0.78,23,Atul Kumar,3.5 years,Aims to provide capital appreciation by investing in Small Cap securities,Equity: 91.00% | Cash & Equivalents: 9.00%,Nil,Aarti Drugs Ltd. (3.2%) | Hatsun Agro Product Ltd. (2.9%) | National Aluminium Company Ltd. (2.7%) | VST Tillers Tractors Ltd. (2.5%) | Repco Home Finance Ltd. (2.3%) | RACL Geartech Ltd. (2.1%) | Neuland Laboratories Ltd. (2.0%) | Mold-Tek Packaging Ltd. (1.9%) | NIIT Learning Systems Ltd. (1.8%) | Nuvama Wealth Management Ltd. (1.7%),25-May-2026,02-Jan-2013,0%,LTCG 12.5% after 2 years for equity,999,Quantum Mutual Fund Small Cap Fund - Direct Plan - Growth -,"Detailed review and analysis of Quantum Mutual Fund Small Cap Fund - Direct Plan - Growth (Small Cap). Compare returns, expenses, holdings and risks. Start inve",Quantum Mutual Fund Small Cap Fund - Direct Plan - Growth | Quantum Mutual Fund Small Cap Fund - Direct Plan - Growth review | Small Cap mutual fund | Small Cap fund in India | Quantum Mutual Fund Small Cap | best Small Cap funds | Quantum Mutual Fund Small Cap Fund - Direct Plan - Growth NAV | Quantum Mutual Fund Small Cap Fund - Direct Plan - Growth returns | Quantum Mutual Fund Small Cap Fund - Direct Plan - Growth expense ratio | invest in Quantum Mutual Fund Small Cap Fund - Direct Plan - Growth | Quantum Mutual Fund Small Cap Fund - Direct Plan - Growth SIP | Small Cap investment 2025 | Quantum Mutual Fund Small Cap Fund - Direct Plan - Growth vs Small Cap | top Small Cap funds India | Quantum Mutual Fund Small Cap Fund - Direct Plan - Growth performance | Quantum Mutual Fund Small Cap Fund - Direct Plan - Growth fund manager | Small Cap fund comparison | buy Quantum Mutual Fund Small Cap Fund - Direct Plan - Growth online | Quantum Mutual Fund Small Cap Fund - Direct Plan - Growth minimum investment | Small Cap fund returns India
Quantum Mutual Fund Multi Cap Fund - Regular Plan - Growth,Quantum Mutual Fund,Multi Cap,Multi Cap Fund,200328,8.38,17323.20,1.68,500,1000,-11.42,7.98,4.71,-11.2,Nifty 500 Multicap 50:25:25 TRI,Very High,13.65,0.27,35,Atul Kumar,3.5 years,Aims to provide capital appreciation by investing in Multi Cap securities,Equity: 97.00% | T-Bills: 3.00%,Nil,HDFC Bank Ltd. (6.5%) | ICICI Bank Ltd. (5.8%) | Reliance Industries Ltd. (4.9%) | Infosys Ltd. (4.2%) | Axis Bank Ltd. (3.6%) | Larsen & Toubro Ltd. (3.2%) | Tata Consultancy Services Ltd. (2.9%) | Bharti Airtel Ltd. (2.7%) | State Bank of India (2.4%) | Sun Pharmaceutical Industries Ltd. (2.2%),25-May-2026,06-Nov-2024,0%,LTCG 12.5% after 2 years for equity,999,Quantum Mutual Fund Multi Cap Fund - Regular Plan - Growth -,"Detailed review and analysis of Quantum Mutual Fund Multi Cap Fund - Regular Plan - Growth (Multi Cap). Compare returns, expenses, holdings and risks. Start inv",Quantum Mutual Fund Multi Cap Fund - Regular Plan - Growth | Quantum Mutual Fund Multi Cap Fund - Regular Plan - Growth review | Multi Cap mutual fund | Multi Cap fund in India | Quantum Mutual Fund Multi Cap | best Multi Cap funds | Quantum Mutual Fund Multi Cap Fund - Regular Plan - Growth NAV | Quantum Mutual Fund Multi Cap Fund - Regular Plan - Growth returns | Quantum Mutual Fund Multi Cap Fund - Regular Plan - Growth expense ratio | invest in Quantum Mutual Fund Multi Cap Fund - Regular Plan - Growth | Quantum Mutual Fund Multi Cap Fund - Regular Plan - Growth SIP | Multi Cap investment 2025 | Quantum Mutual Fund Multi Cap Fund - Regular Plan - Growth vs Multi Cap | top Multi Cap funds India | Quantum Mutual Fund Multi Cap Fund - Regular Plan - Growth performance | Quantum Mutual Fund Multi Cap Fund - Regular Plan - Growth fund manager | Multi Cap fund comparison | buy Quantum Mutual Fund Multi Cap Fund - Regular Plan - Growth online | Quantum Mutual Fund Multi Cap Fund - Regular Plan - Growth minimum investment | Multi Cap fund returns India
Quantum Mutual Fund Flexi Cap Fund - Direct Plan - Growth,Quantum Mutual Fund,Flexi Cap,Flexi Cap Fund,200329,110.791,13484.80,0.72,500,1000,-2.38,14.63,12.31,14.46,Nifty 500 TRI,Very High,13.04,0.62,32,Atul Kumar,3.5 years,Aims to provide capital appreciation by investing in Flexi Cap securities,Equity: 95.00% | T-Bills: 5.00%,Nil,HDFC Bank Ltd. (8.2%) | ICICI Bank Ltd. (6.9%) | Infosys Ltd. (5.5%) | Reliance Industries Ltd. (5.1%) | Axis Bank Ltd. (4.2%) | Larsen & Toubro Ltd. (3.8%) | Tata Consultancy Services Ltd. (3.4%) | Bharti Airtel Ltd. (3.1%) | Sun Pharmaceutical Industries Ltd. (2.8%) | Kotak Mahindra Bank Ltd. (2.5%),25-May-2026,02-Jan-2013,0%,LTCG 12.5% after 2 years for equity,999,Quantum Mutual Fund Flexi Cap Fund - Direct Plan - Growth -,"Detailed review and analysis of Quantum Mutual Fund Flexi Cap Fund - Direct Plan - Growth (Flexi Cap). Compare returns, expenses, holdings and risks. Start inve",Quantum Mutual Fund Flexi Cap Fund - Direct Plan - Growth | Quantum Mutual Fund Flexi Cap Fund - Direct Plan - Growth review | Flexi Cap mutual fund | Flexi Cap fund in India | Quantum Mutual Fund Flexi Cap | best Flexi Cap funds | Quantum Mutual Fund Flexi Cap Fund - Direct Plan - Growth NAV | Quantum Mutual Fund Flexi Cap Fund - Direct Plan - Growth returns | Quantum Mutual Fund Flexi Cap Fund - Direct Plan - Growth expense ratio | invest in Quantum Mutual Fund Flexi Cap Fund - Direct Plan - Growth | Quantum Mutual Fund Flexi Cap Fund - Direct Plan - Growth SIP | Flexi Cap investment 2025 | Quantum Mutual Fund Flexi Cap Fund - Direct Plan - Growth vs Flexi Cap | top Flexi Cap funds India | Quantum Mutual Fund Flexi Cap Fund - Direct Plan - Growth performance | Quantum Mutual Fund Flexi Cap Fund - Direct Plan - Growth fund manager | Flexi Cap fund comparison | buy Quantum Mutual Fund Flexi Cap Fund - Direct Plan - Growth online | Quantum Mutual Fund Flexi Cap Fund - Direct Plan - Growth minimum investment | Flexi Cap fund returns India
Quantum Mutual Fund ELSS Tax Saver Fund - Regular Plan - Growth,Quantum Mutual Fund,ELSS,ELSS (Tax Saving),200330,134.992,9640.00,1.85,500,1000,-2.88,16.38,13.7,14.2,Nifty 500 TRI,Very High,14.00,0.71,28,Atul Kumar,3.5 years,Aims to provide capital appreciation by investing in ELSS securities,Equity: 96.00% | T-Bills: 4.00%,Nil,ICICI Bank Ltd. (8.5%) | HDFC Bank Ltd. (7.2%) | Infosys Ltd. (5.8%) | Reliance Industries Ltd. (5.2%) | Axis Bank Ltd. (4.9%) | Kotak Mahindra Bank Ltd. (4.3%) | Sun Pharmaceutical Industries Ltd. (3.9%) | Bharti Airtel Ltd. (3.5%) | Larsen & Toubro Ltd. (3.2%) | Tata Consultancy Services Ltd. (2.9%),25-May-2026,22-Jan-2007,0%,LTCG 12.5% after 2 years for equity,999,Quantum Mutual Fund ELSS Tax Saver Fund - Regular Plan - Gro,"Detailed review and analysis of Quantum Mutual Fund ELSS Tax Saver Fund - Regular Plan - Growth (ELSS). Compare returns, expenses, holdings and risks. Start inv",Quantum Mutual Fund ELSS Tax Saver Fund - Regular Plan - Growth | Quantum Mutual Fund ELSS Tax Saver Fund - Regular Plan - Growth review | ELSS mutual fund | ELSS fund in India | Quantum Mutual Fund ELSS | best ELSS funds | Quantum Mutual Fund ELSS Tax Saver Fund - Regular Plan - Growth NAV | Quantum Mutual Fund ELSS Tax Saver Fund - Regular Plan - Growth returns | Quantum Mutual Fund ELSS Tax Saver Fund - Regular Plan - Growth expense ratio | invest in Quantum Mutual Fund ELSS Tax Saver Fund - Regular Plan - Growth | Quantum Mutual Fund ELSS Tax Saver Fund - Regular Plan - Growth SIP | ELSS investment 2025 | Quantum Mutual Fund ELSS Tax Saver Fund - Regular Plan - Growth vs ELSS | top ELSS funds India | Quantum Mutual Fund ELSS Tax Saver Fund - Regular Plan - Growth performance | Quantum Mutual Fund ELSS Tax Saver Fund - Regular Plan - Growth fund manager | ELSS fund comparison | buy Quantum Mutual Fund ELSS Tax Saver Fund - Regular Plan - Growth online | Quantum Mutual Fund ELSS Tax Saver Fund - Regular Plan - Growth minimum investment | ELSS fund returns India
Quantum Mutual Fund Liquid Fund - Direct Plan - Growth,Quantum Mutual Fund,Liquid Fund,Liquid Fund,200331,37.0383,43416.00,0.12,500,1000,5.71,6.56,5.82,6.72,NIFTY Liquid Index,Low,0.11,0.55,231,Atul Kumar,3.5 years,Aims to provide capital appreciation by investing in Liquid Fund securities,T-Bills: 65.00% | CD: 20.00% | CP: 10.00% | Cash: 5.00%,Nil,State Bank of India CD (8.5%) | HDFC Bank CD (7.2%) | Reliance Industries T-Bills (6.8%) | ICICI Bank CP (5.9%) | 182-Day T-Bill (5.5%) | National Bank For Agriculture And Rural Development (5.2%) | 91-Day T-Bill (4.8%) | Kotak Mahindra Bank CD (4.5%) | Axis Bank CP (4.1%) | Power Finance Corporation (3.8%),25-May-2026,09-Apr-2006,0%,LTCG 12.5% after 2 years for equity,999,Quantum Mutual Fund Liquid Fund - Direct Plan - Growth - Qua,"Detailed review and analysis of Quantum Mutual Fund Liquid Fund - Direct Plan - Growth (Liquid Fund). Compare returns, expenses, holdings and risks. Start inves",Quantum Mutual Fund Liquid Fund - Direct Plan - Growth | Quantum Mutual Fund Liquid Fund - Direct Plan - Growth review | Liquid Fund mutual fund | Liquid Fund fund in India | Quantum Mutual Fund Liquid Fund | best Liquid Fund funds | Quantum Mutual Fund Liquid Fund - Direct Plan - Growth NAV | Quantum Mutual Fund Liquid Fund - Direct Plan - Growth returns | Quantum Mutual Fund Liquid Fund - Direct Plan - Growth expense ratio | invest in Quantum Mutual Fund Liquid Fund - Direct Plan - Growth | Quantum Mutual Fund Liquid Fund - Direct Plan - Growth SIP | Liquid Fund investment 2025 | Quantum Mutual Fund Liquid Fund - Direct Plan - Growth vs Liquid Fund | top Liquid Fund funds India | Quantum Mutual Fund Liquid Fund - Direct Plan - Growth performance | Quantum Mutual Fund Liquid Fund - Direct Plan - Growth fund manager | Liquid Fund fund comparison | buy Quantum Mutual Fund Liquid Fund - Direct Plan - Growth online | Quantum Mutual Fund Liquid Fund - Direct Plan - Growth minimum investment | Liquid Fund fund returns India
Quantum Mutual Fund Debt Fund - Regular Plan - Growth,Quantum Mutual Fund,Debt,Short Duration Fund,200332,10.8119,7724.80,1.05,500,1000,5.61,6.47,5.71,0.2,CRISIL Composite Bond Fund Index,Moderate,3.02,-3.46,153,Atul Kumar,3.5 years,Aims to provide capital appreciation by investing in Debt securities,Debenture: 40.00% | SDL: 30.00% | T-Bills: 20.00% | GOI Sec: 10.00%,Nil,National Bank For Agriculture And Rural Development (5.8%) | Power Finance Corporation Ltd. (5.2%) | Rural Electrification Corporation Ltd. (4.9%) | 7.26% GOI 2032 (4.5%) | State Bank of India (4.1%) | National Highways Authority of India (3.8%) | Housing Development Finance Corporation Ltd. (3.5%) | Indian Railway Finance Corporation Ltd. (3.2%) | HDFC Bank Ltd. (2.9%) | Bajaj Finance Ltd. (2.5%),25-May-2026,03-Apr-2006,0%,LTCG 12.5% after 2 years for equity,999,Quantum Mutual Fund Debt Fund - Regular Plan - Growth - Quan,"Detailed review and analysis of Quantum Mutual Fund Debt Fund - Regular Plan - Growth (Debt). Compare returns, expenses, holdings and risks. Start investing tod",Quantum Mutual Fund Debt Fund - Regular Plan - Growth | Quantum Mutual Fund Debt Fund - Regular Plan - Growth review | Debt mutual fund | Debt fund in India | Quantum Mutual Fund Debt | best Debt funds | Quantum Mutual Fund Debt Fund - Regular Plan - Growth NAV | Quantum Mutual Fund Debt Fund - Regular Plan - Growth returns | Quantum Mutual Fund Debt Fund - Regular Plan - Growth expense ratio | invest in Quantum Mutual Fund Debt Fund - Regular Plan - Growth | Quantum Mutual Fund Debt Fund - Regular Plan - Growth SIP | Debt investment 2025 | Quantum Mutual Fund Debt Fund - Regular Plan - Growth vs Debt | top Debt funds India | Quantum Mutual Fund Debt Fund - Regular Plan - Growth performance | Quantum Mutual Fund Debt Fund - Regular Plan - Growth fund manager | Debt fund comparison | buy Quantum Mutual Fund Debt Fund - Regular Plan - Growth online | Quantum Mutual Fund Debt Fund - Regular Plan - Growth minimum investment | Debt fund returns India
Quantum Mutual Fund Banking Fund - Direct Plan - Growth,Quantum Mutual Fund,Banking,Sectoral - Banking & Financial Services,200333,11.612,6764.80,0.92,500,1000,-5.41,14.12,11.74,0.48,Nifty Bank TRI,Very High,16.02,0.59,43,Atul Kumar,3.5 years,Aims to provide capital appreciation by investing in Banking securities,Equity: 97.00% | T-Bills: 3.00%,Nil,HDFC Bank Ltd. (22.5%) | ICICI Bank Ltd. (19.8%) | State Bank of India (12.4%) | Axis Bank Ltd. (10.8%) | Kotak Mahindra Bank Ltd. (8.5%) | Bank of Baroda (5.2%) | IndusInd Bank Ltd. (4.8%) | Federal Bank Ltd. (3.9%) | AU Small Finance Bank Ltd. (3.5%) | Punjab National Bank (2.8%),25-May-2026,03-Apr-2006,0%,LTCG 12.5% after 2 years for equity,999,Quantum Mutual Fund Banking Fund - Direct Plan - Growth - Qu,"Detailed review and analysis of Quantum Mutual Fund Banking Fund - Direct Plan - Growth (Banking). Compare returns, expenses, holdings and risks. Start investin",Quantum Mutual Fund Banking Fund - Direct Plan - Growth | Quantum Mutual Fund Banking Fund - Direct Plan - Growth review | Banking mutual fund | Banking fund in India | Quantum Mutual Fund Banking | best Banking funds | Quantum Mutual Fund Banking Fund - Direct Plan - Growth NAV | Quantum Mutual Fund Banking Fund - Direct Plan - Growth returns | Quantum Mutual Fund Banking Fund - Direct Plan - Growth expense ratio | invest in Quantum Mutual Fund Banking Fund - Direct Plan - Growth | Quantum Mutual Fund Banking Fund - Direct Plan - Growth SIP | Banking investment 2025 | Quantum Mutual Fund Banking Fund - Direct Plan - Growth vs Banking | top Banking funds India | Quantum Mutual Fund Banking Fund - Direct Plan - Growth performance | Quantum Mutual Fund Banking Fund - Direct Plan - Growth fund manager | Banking fund comparison | buy Quantum Mutual Fund Banking Fund - Direct Plan - Growth online | Quantum Mutual Fund Banking Fund - Direct Plan - Growth minimum investment | Banking fund returns India
Quantum Mutual Fund Technology Fund - Regular Plan - Growth,Quantum Mutual Fund,Technology,Sectoral - Technology,200334,11.612,8704.80,1.98,500,1000,5.61,6.47,5.71,0.48,Nifty IT TRI,Very High,18.64,-3.46,50,Atul Kumar,3.5 years,Aims to provide capital appreciation by investing in Technology securities,Equity: 91.00% | Forgn. Eq: 6.00% | T-Bills: 3.00%,Nil,Infosys Ltd. (18.5%) | Tata Consultancy Services Ltd. (15.2%) | Bharti Airtel Ltd. (12.4%) | HCL Technologies Ltd. (9.8%) | Wipro Ltd. (7.5%) | Tech Mahindra Ltd. (6.2%) | Coforge Ltd. (4.8%) | Mphasis Ltd. (4.2%) | Persistent Systems Ltd. (3.9%) | LTIMindtree Ltd. (3.5%),25-May-2026,03-Apr-2006,0%,LTCG 12.5% after 2 years for equity,999,Quantum Mutual Fund Technology Fund - Regular Plan - Growth,"Detailed review and analysis of Quantum Mutual Fund Technology Fund - Regular Plan - Growth (Technology). Compare returns, expenses, holdings and risks. Start i",Quantum Mutual Fund Technology Fund - Regular Plan - Growth | Quantum Mutual Fund Technology Fund - Regular Plan - Growth review | Technology mutual fund | Technology fund in India | Quantum Mutual Fund Technology | best Technology funds | Quantum Mutual Fund Technology Fund - Regular Plan - Growth NAV | Quantum Mutual Fund Technology Fund - Regular Plan - Growth returns | Quantum Mutual Fund Technology Fund - Regular Plan - Growth expense ratio | invest in Quantum Mutual Fund Technology Fund - Regular Plan - Growth | Quantum Mutual Fund Technology Fund - Regular Plan - Growth SIP | Technology investment 2025 | Quantum Mutual Fund Technology Fund - Regular Plan - Growth vs Technology | top Technology funds India | Quantum Mutual Fund Technology Fund - Regular Plan - Growth performance | Quantum Mutual Fund Technology Fund - Regular Plan - Growth fund manager | Technology fund comparison | buy Quantum Mutual Fund Technology Fund - Regular Plan - Growth online | Quantum Mutual Fund Technology Fund - Regular Plan - Growth minimum investment | Technology fund returns India
Quantum Mutual Fund Infrastructure Fund - Direct Plan - Growth,Quantum Mutual Fund,Thematic,Thematic - Infrastructure,200335,55.3541,5324.00,0.92,500,1000,3.6,20.82,20.16,14.87,Nifty Infrastructure TRI,Very High,15.75,0.91,45,Atul Kumar,3.5 years,Aims to provide capital appreciation by investing in Thematic securities,Equity: 95.00% | T-Bills: 5.00%,Nil,HDFC Bank Ltd. (5.8%) | ICICI Bank Ltd. (5.2%) | Larsen & Toubro Ltd. (4.9%) | Reliance Industries Ltd. (4.5%) | Infosys Ltd. (4.1%) | Bharti Airtel Ltd. (3.8%) | Axis Bank Ltd. (3.5%) | State Bank of India (3.2%) | Tata Motors Ltd. (2.9%) | Adani Ports & SEZ Ltd. (2.6%),25-May-2026,03-Jan-2013,0%,LTCG 12.5% after 2 years for equity,999,Quantum Mutual Fund Infrastructure Fund - Direct Plan - Grow,"Detailed review and analysis of Quantum Mutual Fund Infrastructure Fund - Direct Plan - Growth (Thematic). Compare returns, expenses, holdings and risks. Start ",Quantum Mutual Fund Infrastructure Fund - Direct Plan - Growth | Quantum Mutual Fund Infrastructure Fund - Direct Plan - Growth review | Thematic mutual fund | Thematic fund in India | Quantum Mutual Fund Thematic | best Thematic funds | Quantum Mutual Fund Infrastructure Fund - Direct Plan - Growth NAV | Quantum Mutual Fund Infrastructure Fund - Direct Plan - Growth returns | Quantum Mutual Fund Infrastructure Fund - Direct Plan - Growth expense ratio | invest in Quantum Mutual Fund Infrastructure Fund - Direct Plan - Growth | Quantum Mutual Fund Infrastructure Fund - Direct Plan - Growth SIP | Thematic investment 2025 | Quantum Mutual Fund Infrastructure Fund - Direct Plan - Growth vs Thematic | top Thematic funds India | Quantum Mutual Fund Infrastructure Fund - Direct Plan - Growth performance | Quantum Mutual Fund Infrastructure Fund - Direct Plan - Growth fund manager | Thematic fund comparison | buy Quantum Mutual Fund Infrastructure Fund - Direct Plan - Growth online | Quantum Mutual Fund Infrastructure Fund - Direct Plan - Growth minimum investment | Thematic fund returns India
Quantum Mutual Fund Dividend Fund - Regular Plan - Growth,Quantum Mutual Fund,Thematic,Thematic - Dividend Yield,200336,11.612,5328.40,1.92,500,1000,5.61,6.47,5.71,0.48,Nifty Dividend Opportunities 50 TRI,Moderate,15.78,-3.46,45,Atul Kumar,3.5 years,Aims to provide capital appreciation by investing in Thematic securities,Equity: 95.00% | T-Bills: 5.00%,Nil,HDFC Bank Ltd. (5.8%) | ICICI Bank Ltd. (5.2%) | Larsen & Toubro Ltd. (4.9%) | Reliance Industries Ltd. (4.5%) | Infosys Ltd. (4.1%) | Bharti Airtel Ltd. (3.8%) | Axis Bank Ltd. (3.5%) | State Bank of India (3.2%) | Tata Motors Ltd. (2.9%) | Adani Ports & SEZ Ltd. (2.6%),25-May-2026,03-Apr-2006,0%,LTCG 12.5% after 2 years for equity,999,Quantum Mutual Fund Dividend Fund - Regular Plan - Growth -,"Detailed review and analysis of Quantum Mutual Fund Dividend Fund - Regular Plan - Growth (Thematic). Compare returns, expenses, holdings and risks. Start inves",Quantum Mutual Fund Dividend Fund - Regular Plan - Growth | Quantum Mutual Fund Dividend Fund - Regular Plan - Growth review | Thematic mutual fund | Thematic fund in India | Quantum Mutual Fund Thematic | best Thematic funds | Quantum Mutual Fund Dividend Fund - Regular Plan - Growth NAV | Quantum Mutual Fund Dividend Fund - Regular Plan - Growth returns | Quantum Mutual Fund Dividend Fund - Regular Plan - Growth expense ratio | invest in Quantum Mutual Fund Dividend Fund - Regular Plan - Growth | Quantum Mutual Fund Dividend Fund - Regular Plan - Growth SIP | Thematic investment 2025 | Quantum Mutual Fund Dividend Fund - Regular Plan - Growth vs Thematic | top Thematic funds India | Quantum Mutual Fund Dividend Fund - Regular Plan - Growth performance | Quantum Mutual Fund Dividend Fund - Regular Plan - Growth fund manager | Thematic fund comparison | buy Quantum Mutual Fund Dividend Fund - Regular Plan - Growth online | Quantum Mutual Fund Dividend Fund - Regular Plan - Growth minimum investment | Thematic fund returns India
Quantum Mutual Fund Balanced Advantage Fund - Direct Plan - Growth,Quantum Mutual Fund,Balanced Hybrid,Balanced Advantage Fund,200337,16.3854,14544.00,0.78,500,1000,3.08,12.3,11.74,10.94,Nifty 50 Hybrid Composite Debt 65:35 Index,Moderately High,8.97,0.65,137,Atul Kumar,3.5 years,Aims to provide capital appreciation by investing in Balanced Hybrid securities,Equity: 65.00% | Debt: 30.00% | T-Bills: 5.00%,Nil,HDFC Bank Ltd. (6.8%) | ICICI Bank Ltd. (5.5%) | Reliance Industries Ltd. (4.5%) | 8.38% GOI 2027 (4.2%) | Infosys Ltd. (3.8%) | 7.26% GOI 2032 (3.5%) | Axis Bank Ltd. (3.2%) | Bharti Airtel Ltd. (2.9%) | Larsen & Toubro Ltd. (2.6%) | Tata Consultancy Services Ltd. (2.4%),25-May-2026,07-Sep-2021,0%,LTCG 12.5% after 2 years for equity,999,Quantum Mutual Fund Balanced Advantage Fund - Direct Plan -,"Detailed review and analysis of Quantum Mutual Fund Balanced Advantage Fund - Direct Plan - Growth (Balanced Hybrid). Compare returns, expenses, holdings and ri",Quantum Mutual Fund Balanced Advantage Fund - Direct Plan - Growth | Quantum Mutual Fund Balanced Advantage Fund - Direct Plan - Growth review | Balanced Hybrid mutual fund | Balanced Hybrid fund in India | Quantum Mutual Fund Balanced Hybrid | best Balanced Hybrid funds | Quantum Mutual Fund Balanced Advantage Fund - Direct Plan - Growth NAV | Quantum Mutual Fund Balanced Advantage Fund - Direct Plan - Growth returns | Quantum Mutual Fund Balanced Advantage Fund - Direct Plan - Growth expense ratio | invest in Quantum Mutual Fund Balanced Advantage Fund - Direct Plan - Growth | Quantum Mutual Fund Balanced Advantage Fund - Direct Plan - Growth SIP | Balanced Hybrid investment 2025 | Quantum Mutual Fund Balanced Advantage Fund - Direct Plan - Growth vs Balanced Hybrid | top Balanced Hybrid funds India | Quantum Mutual Fund Balanced Advantage Fund - Direct Plan - Growth performance | Quantum Mutual Fund Balanced Advantage Fund - Direct Plan - Growth fund manager | Balanced Hybrid fund comparison | buy Quantum Mutual Fund Balanced Advantage Fund - Direct Plan - Growth online | Quantum Mutual Fund Balanced Advantage Fund - Direct Plan - Growth minimum investment | Balanced Hybrid fund returns India
Quantum Mutual Fund International Fund - Regular Plan - Growth,Quantum Mutual Fund,International,Fund of Funds - Overseas,200338,11.612,3396.40,2.05,500,1000,5.61,6.47,5.71,0.48,MSCI World Index,Very High,14.42,-3.46,18,Atul Kumar,3.5 years,Aims to provide capital appreciation by investing in International securities,Forgn. Eq: 95.00% | Cash & Equivalents: 5.00%,Nil,Apple Inc. (8.5%) | Microsoft Corp. (7.8%) | Alphabet Inc Class A (6.9%) | Amazon.com Inc. (5.2%) | NVIDIA Corp. (4.8%) | Meta Platforms Inc. (4.2%) | Tesla Inc. (3.9%) | Berkshire Hathaway Inc. (3.5%) | UnitedHealth Group Inc. (3.1%) | Johnson & Johnson (2.8%),25-May-2026,03-Apr-2006,0%,LTCG 12.5% after 2 years for equity,999,Quantum Mutual Fund International Fund - Regular Plan - Grow,"Detailed review and analysis of Quantum Mutual Fund International Fund - Regular Plan - Growth (International). Compare returns, expenses, holdings and risks. S",Quantum Mutual Fund International Fund - Regular Plan - Growth | Quantum Mutual Fund International Fund - Regular Plan - Growth review | International mutual fund | International fund in India | Quantum Mutual Fund International | best International funds | Quantum Mutual Fund International Fund - Regular Plan - Growth NAV | Quantum Mutual Fund International Fund - Regular Plan - Growth returns | Quantum Mutual Fund International Fund - Regular Plan - Growth expense ratio | invest in Quantum Mutual Fund International Fund - Regular Plan - Growth | Quantum Mutual Fund International Fund - Regular Plan - Growth SIP | International investment 2025 | Quantum Mutual Fund International Fund - Regular Plan - Growth vs International | top International funds India | Quantum Mutual Fund International Fund - Regular Plan - Growth performance | Quantum Mutual Fund International Fund - Regular Plan - Growth fund manager | International fund comparison | buy Quantum Mutual Fund International Fund - Regular Plan - Growth online | Quantum Mutual Fund International Fund - Regular Plan - Growth minimum investment | International fund returns India
Quantum Mutual Fund Energy Fund - Direct Plan - Growth,Quantum Mutual Fund,Equity,Focused Fund,200339,10.8119,11654.40,0.75,500,1000,-5.41,14.12,11.74,0.2,Nifty 500 TRI,Moderate,13.55,0.59,37,Atul Kumar,3.5 years,Aims to provide capital appreciation by investing in Equity securities,Equity: 97.00% | T-Bills: 3.00%,Nil,HDFC Bank Ltd. (8.8%) | ICICI Bank Ltd. (7.5%) | Reliance Industries Ltd. (6.2%) | Infosys Ltd. (5.8%) | Axis Bank Ltd. (5.1%) | Larsen & Toubro Ltd. (4.5%) | Bharti Airtel Ltd. (4.1%) | Sun Pharmaceutical Industries Ltd. (3.8%) | Tata Consultancy Services Ltd. (3.5%) | State Bank of India (3.2%),25-May-2026,03-Apr-2006,0%,LTCG 12.5% after 2 years for equity,999,Quantum Mutual Fund Energy Fund - Direct Plan - Growth - Qua,"Detailed review and analysis of Quantum Mutual Fund Energy Fund - Direct Plan - Growth (Equity). Compare returns, expenses, holdings and risks. Start investing ",Quantum Mutual Fund Energy Fund - Direct Plan - Growth | Quantum Mutual Fund Energy Fund - Direct Plan - Growth review | Equity mutual fund | Equity fund in India | Quantum Mutual Fund Equity | best Equity funds | Quantum Mutual Fund Energy Fund - Direct Plan - Growth NAV | Quantum Mutual Fund Energy Fund - Direct Plan - Growth returns | Quantum Mutual Fund Energy Fund - Direct Plan - Growth expense ratio | invest in Quantum Mutual Fund Energy Fund - Direct Plan - Growth | Quantum Mutual Fund Energy Fund - Direct Plan - Growth SIP | Equity investment 2025 | Quantum Mutual Fund Energy Fund - Direct Plan - Growth vs Equity | top Equity funds India | Quantum Mutual Fund Energy Fund - Direct Plan - Growth performance | Quantum Mutual Fund Energy Fund - Direct Plan - Growth fund manager | Equity fund comparison | buy Quantum Mutual Fund Energy Fund - Direct Plan - Growth online | Quantum Mutual Fund Energy Fund - Direct Plan - Growth minimum investment | Equity fund returns India
Quantum Mutual Fund Pharma Fund - Regular Plan - Growth,Quantum Mutual Fund,Pharma,Sectoral - Pharma & Healthcare,200340,11.612,4860.00,1.95,500,1000,5.61,6.47,5.71,0.48,Nifty Pharma TRI,Very High,15.50,-3.46,49,Atul Kumar,3.5 years,Aims to provide capital appreciation by investing in Pharma securities,Equity: 96.00% | T-Bills: 4.00%,Nil,Sun Pharmaceutical Industries Ltd. (20.5%) | Dr. Reddy's Laboratories Ltd. (12.8%) | Cipla Ltd. (10.4%) | Divi's Laboratories Ltd. (9.8%) | Torrent Pharmaceuticals Ltd. (7.2%) | Aurobindo Pharma Ltd. (5.8%) | Alkem Laboratories Ltd. (5.2%) | Lupin Ltd. (4.9%) | Ipca Laboratories Ltd. (3.8%) | Mankind Pharma Ltd. (3.5%),25-May-2026,03-Apr-2006,0%,LTCG 12.5% after 2 years for equity,999,Quantum Mutual Fund Pharma Fund - Regular Plan - Growth - Qu,"Detailed review and analysis of Quantum Mutual Fund Pharma Fund - Regular Plan - Growth (Pharma). Compare returns, expenses, holdings and risks. Start investing",Quantum Mutual Fund Pharma Fund - Regular Plan - Growth | Quantum Mutual Fund Pharma Fund - Regular Plan - Growth review | Pharma mutual fund | Pharma fund in India | Quantum Mutual Fund Pharma | best Pharma funds | Quantum Mutual Fund Pharma Fund - Regular Plan - Growth NAV | Quantum Mutual Fund Pharma Fund - Regular Plan - Growth returns | Quantum Mutual Fund Pharma Fund - Regular Plan - Growth expense ratio | invest in Quantum Mutual Fund Pharma Fund - Regular Plan - Growth | Quantum Mutual Fund Pharma Fund - Regular Plan - Growth SIP | Pharma investment 2025 | Quantum Mutual Fund Pharma Fund - Regular Plan - Growth vs Pharma | top Pharma funds India | Quantum Mutual Fund Pharma Fund - Regular Plan - Growth performance | Quantum Mutual Fund Pharma Fund - Regular Plan - Growth fund manager | Pharma fund comparison | buy Quantum Mutual Fund Pharma Fund - Regular Plan - Growth online | Quantum Mutual Fund Pharma Fund - Regular Plan - Growth minimum investment | Pharma fund returns India
Quantum Mutual Fund Auto Fund - Direct Plan - Growth,Quantum Mutual Fund,Sectoral,Sectoral - Automotive,200341,10.8119,4377.60,0.98,500,1000,-5.41,14.12,11.74,0.2,Nifty Auto TRI,Moderate,17.18,0.59,56,Atul Kumar,3.5 years,Aims to provide capital appreciation by investing in Sectoral securities,Equity: 96.00% | T-Bills: 4.00%,Nil,HDFC Bank Ltd. (8.5%) | ICICI Bank Ltd. (7.2%) | State Bank of India (5.8%) | Axis Bank Ltd. (5.2%) | Kotak Mahindra Bank Ltd. (4.9%) | IndusInd Bank Ltd. (4.5%) | Infosys Ltd. (4.1%) | TCS Ltd. (3.8%) | Bharti Airtel Ltd. (3.5%) | Reliance Industries Ltd. (3.2%),25-May-2026,03-Apr-2006,0%,LTCG 12.5% after 2 years for equity,999,Quantum Mutual Fund Auto Fund - Direct Plan - Growth - Quant,"Detailed review and analysis of Quantum Mutual Fund Auto Fund - Direct Plan - Growth (Sectoral). Compare returns, expenses, holdings and risks. Start investing ",Quantum Mutual Fund Auto Fund - Direct Plan - Growth | Quantum Mutual Fund Auto Fund - Direct Plan - Growth review | Sectoral mutual fund | Sectoral fund in India | Quantum Mutual Fund Sectoral | best Sectoral funds | Quantum Mutual Fund Auto Fund - Direct Plan - Growth NAV | Quantum Mutual Fund Auto Fund - Direct Plan - Growth returns | Quantum Mutual Fund Auto Fund - Direct Plan - Growth expense ratio | invest in Quantum Mutual Fund Auto Fund - Direct Plan - Growth | Quantum Mutual Fund Auto Fund - Direct Plan - Growth SIP | Sectoral investment 2025 | Quantum Mutual Fund Auto Fund - Direct Plan - Growth vs Sectoral | top Sectoral funds India | Quantum Mutual Fund Auto Fund - Direct Plan - Growth performance | Quantum Mutual Fund Auto Fund - Direct Plan - Growth fund manager | Sectoral fund comparison | buy Quantum Mutual Fund Auto Fund - Direct Plan - Growth online | Quantum Mutual Fund Auto Fund - Direct Plan - Growth minimum investment | Sectoral fund returns India
Quantum Mutual Fund Manufacturing Fund - Regular Plan - Growth,Quantum Mutual Fund,Equity,Focused Fund,200342,11.612,11683.20,1.75,500,1000,5.61,6.47,5.71,0.48,Nifty 500 TRI,Moderate,13.62,-3.46,38,Atul Kumar,3.5 years,Aims to provide capital appreciation by investing in Equity securities,Equity: 97.00% | T-Bills: 3.00%,Nil,HDFC Bank Ltd. (8.8%) | ICICI Bank Ltd. (7.5%) | Reliance Industries Ltd. (6.2%) | Infosys Ltd. (5.8%) | Axis Bank Ltd. (5.1%) | Larsen & Toubro Ltd. (4.5%) | Bharti Airtel Ltd. (4.1%) | Sun Pharmaceutical Industries Ltd. (3.8%) | Tata Consultancy Services Ltd. (3.5%) | State Bank of India (3.2%),25-May-2026,03-Apr-2006,0%,LTCG 12.5% after 2 years for equity,999,Quantum Mutual Fund Manufacturing Fund - Regular Plan - Grow,"Detailed review and analysis of Quantum Mutual Fund Manufacturing Fund - Regular Plan - Growth (Equity). Compare returns, expenses, holdings and risks. Start in",Quantum Mutual Fund Manufacturing Fund - Regular Plan - Growth | Quantum Mutual Fund Manufacturing Fund - Regular Plan - Growth review | Equity mutual fund | Equity fund in India | Quantum Mutual Fund Equity | best Equity funds | Quantum Mutual Fund Manufacturing Fund - Regular Plan - Growth NAV | Quantum Mutual Fund Manufacturing Fund - Regular Plan - Growth returns | Quantum Mutual Fund Manufacturing Fund - Regular Plan - Growth expense ratio | invest in Quantum Mutual Fund Manufacturing Fund - Regular Plan - Growth | Quantum Mutual Fund Manufacturing Fund - Regular Plan - Growth SIP | Equity investment 2025 | Quantum Mutual Fund Manufacturing Fund - Regular Plan - Growth vs Equity | top Equity funds India | Quantum Mutual Fund Manufacturing Fund - Regular Plan - Growth performance | Quantum Mutual Fund Manufacturing Fund - Regular Plan - Growth fund manager | Equity fund comparison | buy Quantum Mutual Fund Manufacturing Fund - Regular Plan - Growth online | Quantum Mutual Fund Manufacturing Fund - Regular Plan - Growth minimum investment | Equity fund returns India
PPFAS Mutual Fund Large Cap Fund - Direct Plan - Growth,PPFAS Mutual Fund,Large Cap,Large Cap Fund,200343,497.217,24360.00,0.52,500,1000,-4.02,14.7,12.03,11.65,Nifty 50,Very High,12.07,0.68,24,Rajeev Thakkar,3.5 years,Aims to provide capital appreciation by investing in Large Cap securities,Equity: 96.00% | T-Bills: 4.00%,Nil,HDFC Bank Ltd. (8.5%) | ICICI Bank Ltd. (7.8%) | Reliance Industries Ltd. (6.9%) | Infosys Ltd. (5.2%) | Larsen & Toubro Ltd. (4.8%) | Axis Bank Ltd. (3.9%) | Tata Consultancy Services Ltd. (3.7%) | Bharti Airtel Ltd. (3.4%) | State Bank of India (3.1%) | ITC Ltd. (2.8%),25-May-2026,02-Jan-2013,0%,LTCG 12.5% after 2 years for equity,999,PPFAS Mutual Fund Large Cap Fund - Direct Plan - Growth - PP,"Detailed review and analysis of PPFAS Mutual Fund Large Cap Fund - Direct Plan - Growth (Large Cap). Compare returns, expenses, holdings and risks. Start invest",PPFAS Mutual Fund Large Cap Fund - Direct Plan - Growth | PPFAS Mutual Fund Large Cap Fund - Direct Plan - Growth review | Large Cap mutual fund | Large Cap fund in India | PPFAS Mutual Fund Large Cap | best Large Cap funds | PPFAS Mutual Fund Large Cap Fund - Direct Plan - Growth NAV | PPFAS Mutual Fund Large Cap Fund - Direct Plan - Growth returns | PPFAS Mutual Fund Large Cap Fund - Direct Plan - Growth expense ratio | invest in PPFAS Mutual Fund Large Cap Fund - Direct Plan - Growth | PPFAS Mutual Fund Large Cap Fund - Direct Plan - Growth SIP | Large Cap investment 2025 | PPFAS Mutual Fund Large Cap Fund - Direct Plan - Growth vs Large Cap | top Large Cap funds India | PPFAS Mutual Fund Large Cap Fund - Direct Plan - Growth performance | PPFAS Mutual Fund Large Cap Fund - Direct Plan - Growth fund manager | Large Cap fund comparison | buy PPFAS Mutual Fund Large Cap Fund - Direct Plan - Growth online | PPFAS Mutual Fund Large Cap Fund - Direct Plan - Growth minimum investment | Large Cap fund returns India
PPFAS Mutual Fund Mid Cap Fund - Regular Plan - Growth,PPFAS Mutual Fund,Mid Cap,Mid Cap Fund,200344,116.77,14628.00,1.75,500,1000,-1.93,12.96,12.33,10.42,Nifty Midcap 150 TRI,Very High,15.63,0.41,33,Rajeev Thakkar,3.5 years,Aims to provide capital appreciation by investing in Mid Cap securities,Equity: 94.00% | T-Bills: 6.00%,Nil,Voltas Ltd. (3.8%) | Mphasis Ltd. (3.5%) | Coforge Ltd. (3.2%) | Sundram Fasteners Ltd. (2.9%) | Persistent Systems Ltd. (2.7%) | Zydus Lifesciences Ltd. (2.5%) | Crompton Greaves Consumer Electricals Ltd. (2.4%) | Oberoi Realty Ltd. (2.2%) | Tube Investments of India Ltd. (2.1%) | Emami Ltd. (2.0%),25-May-2026,03-Apr-2006,0%,LTCG 12.5% after 2 years for equity,999,PPFAS Mutual Fund Mid Cap Fund - Regular Plan - Growth - PPF,"Detailed review and analysis of PPFAS Mutual Fund Mid Cap Fund - Regular Plan - Growth (Mid Cap). Compare returns, expenses, holdings and risks. Start investing",PPFAS Mutual Fund Mid Cap Fund - Regular Plan - Growth | PPFAS Mutual Fund Mid Cap Fund - Regular Plan - Growth review | Mid Cap mutual fund | Mid Cap fund in India | PPFAS Mutual Fund Mid Cap | best Mid Cap funds | PPFAS Mutual Fund Mid Cap Fund - Regular Plan - Growth NAV | PPFAS Mutual Fund Mid Cap Fund - Regular Plan - Growth returns | PPFAS Mutual Fund Mid Cap Fund - Regular Plan - Growth expense ratio | invest in PPFAS Mutual Fund Mid Cap Fund - Regular Plan - Growth | PPFAS Mutual Fund Mid Cap Fund - Regular Plan - Growth SIP | Mid Cap investment 2025 | PPFAS Mutual Fund Mid Cap Fund - Regular Plan - Growth vs Mid Cap | top Mid Cap funds India | PPFAS Mutual Fund Mid Cap Fund - Regular Plan - Growth performance | PPFAS Mutual Fund Mid Cap Fund - Regular Plan - Growth fund manager | Mid Cap fund comparison | buy PPFAS Mutual Fund Mid Cap Fund - Regular Plan - Growth online | PPFAS Mutual Fund Mid Cap Fund - Regular Plan - Growth minimum investment | Mid Cap fund returns India
PPFAS Mutual Fund Small Cap Fund - Direct Plan - Growth,PPFAS Mutual Fund,Small Cap,Small Cap Fund,200345,226.029,11712.00,0.82,500,1000,9.07,20.44,18.91,20.97,Nifty Smallcap 250 TRI,Very High,18.34,0.76,27,Rajeev Thakkar,3.5 years,Aims to provide capital appreciation by investing in Small Cap securities,Equity: 91.00% | Cash & Equivalents: 9.00%,Nil,Aarti Drugs Ltd. (3.2%) | Hatsun Agro Product Ltd. (2.9%) | National Aluminium Company Ltd. (2.7%) | VST Tillers Tractors Ltd. (2.5%) | Repco Home Finance Ltd. (2.3%) | RACL Geartech Ltd. (2.1%) | Neuland Laboratories Ltd. (2.0%) | Mold-Tek Packaging Ltd. (1.9%) | NIIT Learning Systems Ltd. (1.8%) | Nuvama Wealth Management Ltd. (1.7%),25-May-2026,02-Jan-2013,0%,LTCG 12.5% after 2 years for equity,999,PPFAS Mutual Fund Small Cap Fund - Direct Plan - Growth - PP,"Detailed review and analysis of PPFAS Mutual Fund Small Cap Fund - Direct Plan - Growth (Small Cap). Compare returns, expenses, holdings and risks. Start invest",PPFAS Mutual Fund Small Cap Fund - Direct Plan - Growth | PPFAS Mutual Fund Small Cap Fund - Direct Plan - Growth review | Small Cap mutual fund | Small Cap fund in India | PPFAS Mutual Fund Small Cap | best Small Cap funds | PPFAS Mutual Fund Small Cap Fund - Direct Plan - Growth NAV | PPFAS Mutual Fund Small Cap Fund - Direct Plan - Growth returns | PPFAS Mutual Fund Small Cap Fund - Direct Plan - Growth expense ratio | invest in PPFAS Mutual Fund Small Cap Fund - Direct Plan - Growth | PPFAS Mutual Fund Small Cap Fund - Direct Plan - Growth SIP | Small Cap investment 2025 | PPFAS Mutual Fund Small Cap Fund - Direct Plan - Growth vs Small Cap | top Small Cap funds India | PPFAS Mutual Fund Small Cap Fund - Direct Plan - Growth performance | PPFAS Mutual Fund Small Cap Fund - Direct Plan - Growth fund manager | Small Cap fund comparison | buy PPFAS Mutual Fund Small Cap Fund - Direct Plan - Growth online | PPFAS Mutual Fund Small Cap Fund - Direct Plan - Growth minimum investment | Small Cap fund returns India
PPFAS Mutual Fund Multi Cap Fund - Regular Plan - Growth,PPFAS Mutual Fund,Multi Cap,Multi Cap Fund,200346,19.0138,17582.40,1.68,500,1000,5.23,20.86,14.84,21.47,Nifty 500 Multicap 50:25:25 TRI,Very High,14.10,1.02,41,Rajeev Thakkar,3.5 years,Aims to provide capital appreciation by investing in Multi Cap securities,Equity: 97.00% | T-Bills: 3.00%,Nil,HDFC Bank Ltd. (6.5%) | ICICI Bank Ltd. (5.8%) | Reliance Industries Ltd. (4.9%) | Infosys Ltd. (4.2%) | Axis Bank Ltd. (3.6%) | Larsen & Toubro Ltd. (3.2%) | Tata Consultancy Services Ltd. (2.9%) | Bharti Airtel Ltd. (2.7%) | State Bank of India (2.4%) | Sun Pharmaceutical Industries Ltd. (2.2%),25-May-2026,03-Feb-2023,0%,LTCG 12.5% after 2 years for equity,999,PPFAS Mutual Fund Multi Cap Fund - Regular Plan - Growth - P,"Detailed review and analysis of PPFAS Mutual Fund Multi Cap Fund - Regular Plan - Growth (Multi Cap). Compare returns, expenses, holdings and risks. Start inves",PPFAS Mutual Fund Multi Cap Fund - Regular Plan - Growth | PPFAS Mutual Fund Multi Cap Fund - Regular Plan - Growth review | Multi Cap mutual fund | Multi Cap fund in India | PPFAS Mutual Fund Multi Cap | best Multi Cap funds | PPFAS Mutual Fund Multi Cap Fund - Regular Plan - Growth NAV | PPFAS Mutual Fund Multi Cap Fund - Regular Plan - Growth returns | PPFAS Mutual Fund Multi Cap Fund - Regular Plan - Growth expense ratio | invest in PPFAS Mutual Fund Multi Cap Fund - Regular Plan - Growth | PPFAS Mutual Fund Multi Cap Fund - Regular Plan - Growth SIP | Multi Cap investment 2025 | PPFAS Mutual Fund Multi Cap Fund - Regular Plan - Growth vs Multi Cap | top Multi Cap funds India | PPFAS Mutual Fund Multi Cap Fund - Regular Plan - Growth performance | PPFAS Mutual Fund Multi Cap Fund - Regular Plan - Growth fund manager | Multi Cap fund comparison | buy PPFAS Mutual Fund Multi Cap Fund - Regular Plan - Growth online | PPFAS Mutual Fund Multi Cap Fund - Regular Plan - Growth minimum investment | Multi Cap fund returns India
PPFAS Mutual Fund Flexi Cap Fund - Direct Plan - Growth,PPFAS Mutual Fund,Flexi Cap,Flexi Cap Fund,200347,110.791,13686.40,0.72,500,1000,-2.38,14.63,12.31,14.46,Nifty 500 TRI,Very High,13.43,0.61,37,Rajeev Thakkar,3.5 years,Aims to provide capital appreciation by investing in Flexi Cap securities,Equity: 95.00% | T-Bills: 5.00%,Nil,HDFC Bank Ltd. (8.2%) | ICICI Bank Ltd. (6.9%) | Infosys Ltd. (5.5%) | Reliance Industries Ltd. (5.1%) | Axis Bank Ltd. (4.2%) | Larsen & Toubro Ltd. (3.8%) | Tata Consultancy Services Ltd. (3.4%) | Bharti Airtel Ltd. (3.1%) | Sun Pharmaceutical Industries Ltd. (2.8%) | Kotak Mahindra Bank Ltd. (2.5%),25-May-2026,02-Jan-2013,0%,LTCG 12.5% after 2 years for equity,999,PPFAS Mutual Fund Flexi Cap Fund - Direct Plan - Growth - PP,"Detailed review and analysis of PPFAS Mutual Fund Flexi Cap Fund - Direct Plan - Growth (Flexi Cap). Compare returns, expenses, holdings and risks. Start invest",PPFAS Mutual Fund Flexi Cap Fund - Direct Plan - Growth | PPFAS Mutual Fund Flexi Cap Fund - Direct Plan - Growth review | Flexi Cap mutual fund | Flexi Cap fund in India | PPFAS Mutual Fund Flexi Cap | best Flexi Cap funds | PPFAS Mutual Fund Flexi Cap Fund - Direct Plan - Growth NAV | PPFAS Mutual Fund Flexi Cap Fund - Direct Plan - Growth returns | PPFAS Mutual Fund Flexi Cap Fund - Direct Plan - Growth expense ratio | invest in PPFAS Mutual Fund Flexi Cap Fund - Direct Plan - Growth | PPFAS Mutual Fund Flexi Cap Fund - Direct Plan - Growth SIP | Flexi Cap investment 2025 | PPFAS Mutual Fund Flexi Cap Fund - Direct Plan - Growth vs Flexi Cap | top Flexi Cap funds India | PPFAS Mutual Fund Flexi Cap Fund - Direct Plan - Growth performance | PPFAS Mutual Fund Flexi Cap Fund - Direct Plan - Growth fund manager | Flexi Cap fund comparison | buy PPFAS Mutual Fund Flexi Cap Fund - Direct Plan - Growth online | PPFAS Mutual Fund Flexi Cap Fund - Direct Plan - Growth minimum investment | Flexi Cap fund returns India
PPFAS Mutual Fund ELSS Tax Saver Fund - Regular Plan - Growth,PPFAS Mutual Fund,ELSS,ELSS (Tax Saving),200348,134.992,9784.00,1.85,500,1000,-2.88,16.38,13.7,14.2,Nifty 500 TRI,Very High,14.45,0.68,32,Rajeev Thakkar,3.5 years,Aims to provide capital appreciation by investing in ELSS securities,Equity: 96.00% | T-Bills: 4.00%,Nil,ICICI Bank Ltd. (8.5%) | HDFC Bank Ltd. (7.2%) | Infosys Ltd. (5.8%) | Reliance Industries Ltd. (5.2%) | Axis Bank Ltd. (4.9%) | Kotak Mahindra Bank Ltd. (4.3%) | Sun Pharmaceutical Industries Ltd. (3.9%) | Bharti Airtel Ltd. (3.5%) | Larsen & Toubro Ltd. (3.2%) | Tata Consultancy Services Ltd. (2.9%),25-May-2026,22-Jan-2007,0%,LTCG 12.5% after 2 years for equity,999,PPFAS Mutual Fund ELSS Tax Saver Fund - Regular Plan - Growt,"Detailed review and analysis of PPFAS Mutual Fund ELSS Tax Saver Fund - Regular Plan - Growth (ELSS). Compare returns, expenses, holdings and risks. Start inves",PPFAS Mutual Fund ELSS Tax Saver Fund - Regular Plan - Growth | PPFAS Mutual Fund ELSS Tax Saver Fund - Regular Plan - Growth review | ELSS mutual fund | ELSS fund in India | PPFAS Mutual Fund ELSS | best ELSS funds | PPFAS Mutual Fund ELSS Tax Saver Fund - Regular Plan - Growth NAV | PPFAS Mutual Fund ELSS Tax Saver Fund - Regular Plan - Growth returns | PPFAS Mutual Fund ELSS Tax Saver Fund - Regular Plan - Growth expense ratio | invest in PPFAS Mutual Fund ELSS Tax Saver Fund - Regular Plan - Growth | PPFAS Mutual Fund ELSS Tax Saver Fund - Regular Plan - Growth SIP | ELSS investment 2025 | PPFAS Mutual Fund ELSS Tax Saver Fund - Regular Plan - Growth vs ELSS | top ELSS funds India | PPFAS Mutual Fund ELSS Tax Saver Fund - Regular Plan - Growth performance | PPFAS Mutual Fund ELSS Tax Saver Fund - Regular Plan - Growth fund manager | ELSS fund comparison | buy PPFAS Mutual Fund ELSS Tax Saver Fund - Regular Plan - Growth online | PPFAS Mutual Fund ELSS Tax Saver Fund - Regular Plan - Growth minimum investment | ELSS fund returns India
PPFAS Mutual Fund Liquid Fund - Direct Plan - Growth,PPFAS Mutual Fund,Liquid Fund,Liquid Fund,200349,5622.7852,44064.00,0.12,500,1000,6.17,6.93,6.11,50.63,NIFTY Liquid Index,Low,0.12,3.58,249,Rajeev Thakkar,3.5 years,Aims to provide capital appreciation by investing in Liquid Fund securities,T-Bills: 65.00% | CD: 20.00% | CP: 10.00% | Cash: 5.00%,Nil,State Bank of India CD (8.5%) | HDFC Bank CD (7.2%) | Reliance Industries T-Bills (6.8%) | ICICI Bank CP (5.9%) | 182-Day T-Bill (5.5%) | National Bank For Agriculture And Rural Development (5.2%) | 91-Day T-Bill (4.8%) | Kotak Mahindra Bank CD (4.5%) | Axis Bank CP (4.1%) | Power Finance Corporation (3.8%),25-May-2026,01-Jan-2013,0%,LTCG 12.5% after 2 years for equity,999,PPFAS Mutual Fund Liquid Fund - Direct Plan - Growth - PPFAS,"Detailed review and analysis of PPFAS Mutual Fund Liquid Fund - Direct Plan - Growth (Liquid Fund). Compare returns, expenses, holdings and risks. Start investi",PPFAS Mutual Fund Liquid Fund - Direct Plan - Growth | PPFAS Mutual Fund Liquid Fund - Direct Plan - Growth review | Liquid Fund mutual fund | Liquid Fund fund in India | PPFAS Mutual Fund Liquid Fund | best Liquid Fund funds | PPFAS Mutual Fund Liquid Fund - Direct Plan - Growth NAV | PPFAS Mutual Fund Liquid Fund - Direct Plan - Growth returns | PPFAS Mutual Fund Liquid Fund - Direct Plan - Growth expense ratio | invest in PPFAS Mutual Fund Liquid Fund - Direct Plan - Growth | PPFAS Mutual Fund Liquid Fund - Direct Plan - Growth SIP | Liquid Fund investment 2025 | PPFAS Mutual Fund Liquid Fund - Direct Plan - Growth vs Liquid Fund | top Liquid Fund funds India | PPFAS Mutual Fund Liquid Fund - Direct Plan - Growth performance | PPFAS Mutual Fund Liquid Fund - Direct Plan - Growth fund manager | Liquid Fund fund comparison | buy PPFAS Mutual Fund Liquid Fund - Direct Plan - Growth online | PPFAS Mutual Fund Liquid Fund - Direct Plan - Growth minimum investment | Liquid Fund fund returns India
PPFAS Mutual Fund Debt Fund - Regular Plan - Growth,PPFAS Mutual Fund,Debt,Short Duration Fund,200350,10.8119,7840.00,1.05,500,1000,,,,0.2,CRISIL Composite Bond Fund Index,Moderate,3.20,,180,Rajeev Thakkar,3.5 years,Aims to provide capital appreciation by investing in Debt securities,Debenture: 40.00% | SDL: 30.00% | T-Bills: 20.00% | GOI Sec: 10.00%,Nil,National Bank For Agriculture And Rural Development (5.8%) | Power Finance Corporation Ltd. (5.2%) | Rural Electrification Corporation Ltd. (4.9%) | 7.26% GOI 2032 (4.5%) | State Bank of India (4.1%) | National Highways Authority of India (3.8%) | Housing Development Finance Corporation Ltd. (3.5%) | Indian Railway Finance Corporation Ltd. (3.2%) | HDFC Bank Ltd. (2.9%) | Bajaj Finance Ltd. (2.5%),25-May-2026,03-Apr-2006,0%,LTCG 12.5% after 2 years for equity,999,PPFAS Mutual Fund Debt Fund - Regular Plan - Growth - PPFAS,"Detailed review and analysis of PPFAS Mutual Fund Debt Fund - Regular Plan - Growth (Debt). Compare returns, expenses, holdings and risks. Start investing today",PPFAS Mutual Fund Debt Fund - Regular Plan - Growth | PPFAS Mutual Fund Debt Fund - Regular Plan - Growth review | Debt mutual fund | Debt fund in India | PPFAS Mutual Fund Debt | best Debt funds | PPFAS Mutual Fund Debt Fund - Regular Plan - Growth NAV | PPFAS Mutual Fund Debt Fund - Regular Plan - Growth returns | PPFAS Mutual Fund Debt Fund - Regular Plan - Growth expense ratio | invest in PPFAS Mutual Fund Debt Fund - Regular Plan - Growth | PPFAS Mutual Fund Debt Fund - Regular Plan - Growth SIP | Debt investment 2025 | PPFAS Mutual Fund Debt Fund - Regular Plan - Growth vs Debt | top Debt funds India | PPFAS Mutual Fund Debt Fund - Regular Plan - Growth performance | PPFAS Mutual Fund Debt Fund - Regular Plan - Growth fund manager | Debt fund comparison | buy PPFAS Mutual Fund Debt Fund - Regular Plan - Growth online | PPFAS Mutual Fund Debt Fund - Regular Plan - Growth minimum investment | Debt fund returns India
PPFAS Mutual Fund Banking Fund - Direct Plan - Growth,PPFAS Mutual Fund,Banking,Sectoral - Banking & Financial Services,200351,10.8119,6865.60,0.92,500,1000,,,,0.2,Nifty Bank TRI,Very High,16.53,,48,Rajeev Thakkar,3.5 years,Aims to provide capital appreciation by investing in Banking securities,Equity: 97.00% | T-Bills: 3.00%,Nil,HDFC Bank Ltd. (22.5%) | ICICI Bank Ltd. (19.8%) | State Bank of India (12.4%) | Axis Bank Ltd. (10.8%) | Kotak Mahindra Bank Ltd. (8.5%) | Bank of Baroda (5.2%) | IndusInd Bank Ltd. (4.8%) | Federal Bank Ltd. (3.9%) | AU Small Finance Bank Ltd. (3.5%) | Punjab National Bank (2.8%),25-May-2026,03-Apr-2006,0%,LTCG 12.5% after 2 years for equity,999,PPFAS Mutual Fund Banking Fund - Direct Plan - Growth - PPFA,"Detailed review and analysis of PPFAS Mutual Fund Banking Fund - Direct Plan - Growth (Banking). Compare returns, expenses, holdings and risks. Start investing ",PPFAS Mutual Fund Banking Fund - Direct Plan - Growth | PPFAS Mutual Fund Banking Fund - Direct Plan - Growth review | Banking mutual fund | Banking fund in India | PPFAS Mutual Fund Banking | best Banking funds | PPFAS Mutual Fund Banking Fund - Direct Plan - Growth NAV | PPFAS Mutual Fund Banking Fund - Direct Plan - Growth returns | PPFAS Mutual Fund Banking Fund - Direct Plan - Growth expense ratio | invest in PPFAS Mutual Fund Banking Fund - Direct Plan - Growth | PPFAS Mutual Fund Banking Fund - Direct Plan - Growth SIP | Banking investment 2025 | PPFAS Mutual Fund Banking Fund - Direct Plan - Growth vs Banking | top Banking funds India | PPFAS Mutual Fund Banking Fund - Direct Plan - Growth performance | PPFAS Mutual Fund Banking Fund - Direct Plan - Growth fund manager | Banking fund comparison | buy PPFAS Mutual Fund Banking Fund - Direct Plan - Growth online | PPFAS Mutual Fund Banking Fund - Direct Plan - Growth minimum investment | Banking fund returns India
PPFAS Mutual Fund Technology Fund - Regular Plan - Growth,PPFAS Mutual Fund,Technology,Sectoral - Technology,200352,11.612,8834.40,1.98,500,1000,,,,0.48,Nifty IT TRI,Very High,19.27,,56,Rajeev Thakkar,3.5 years,Aims to provide capital appreciation by investing in Technology securities,Equity: 91.00% | Forgn. Eq: 6.00% | T-Bills: 3.00%,Nil,Infosys Ltd. (18.5%) | Tata Consultancy Services Ltd. (15.2%) | Bharti Airtel Ltd. (12.4%) | HCL Technologies Ltd. (9.8%) | Wipro Ltd. (7.5%) | Tech Mahindra Ltd. (6.2%) | Coforge Ltd. (4.8%) | Mphasis Ltd. (4.2%) | Persistent Systems Ltd. (3.9%) | LTIMindtree Ltd. (3.5%),25-May-2026,03-Apr-2006,0%,LTCG 12.5% after 2 years for equity,999,PPFAS Mutual Fund Technology Fund - Regular Plan - Growth -,"Detailed review and analysis of PPFAS Mutual Fund Technology Fund - Regular Plan - Growth (Technology). Compare returns, expenses, holdings and risks. Start inv",PPFAS Mutual Fund Technology Fund - Regular Plan - Growth | PPFAS Mutual Fund Technology Fund - Regular Plan - Growth review | Technology mutual fund | Technology fund in India | PPFAS Mutual Fund Technology | best Technology funds | PPFAS Mutual Fund Technology Fund - Regular Plan - Growth NAV | PPFAS Mutual Fund Technology Fund - Regular Plan - Growth returns | PPFAS Mutual Fund Technology Fund - Regular Plan - Growth expense ratio | invest in PPFAS Mutual Fund Technology Fund - Regular Plan - Growth | PPFAS Mutual Fund Technology Fund - Regular Plan - Growth SIP | Technology investment 2025 | PPFAS Mutual Fund Technology Fund - Regular Plan - Growth vs Technology | top Technology funds India | PPFAS Mutual Fund Technology Fund - Regular Plan - Growth performance | PPFAS Mutual Fund Technology Fund - Regular Plan - Growth fund manager | Technology fund comparison | buy PPFAS Mutual Fund Technology Fund - Regular Plan - Growth online | PPFAS Mutual Fund Technology Fund - Regular Plan - Growth minimum investment | Technology fund returns India
PPFAS Mutual Fund Infrastructure Fund - Direct Plan - Growth,PPFAS Mutual Fund,Thematic,Thematic - Infrastructure,200353,55.3541,5403.20,0.92,500,1000,3.6,20.82,20.16,14.87,Nifty Infrastructure TRI,Very High,16.29,0.88,51,Rajeev Thakkar,3.5 years,Aims to provide capital appreciation by investing in Thematic securities,Equity: 95.00% | T-Bills: 5.00%,Nil,HDFC Bank Ltd. (5.8%) | ICICI Bank Ltd. (5.2%) | Larsen & Toubro Ltd. (4.9%) | Reliance Industries Ltd. (4.5%) | Infosys Ltd. (4.1%) | Bharti Airtel Ltd. (3.8%) | Axis Bank Ltd. (3.5%) | State Bank of India (3.2%) | Tata Motors Ltd. (2.9%) | Adani Ports & SEZ Ltd. (2.6%),25-May-2026,03-Jan-2013,0%,LTCG 12.5% after 2 years for equity,999,PPFAS Mutual Fund Infrastructure Fund - Direct Plan - Growth,"Detailed review and analysis of PPFAS Mutual Fund Infrastructure Fund - Direct Plan - Growth (Thematic). Compare returns, expenses, holdings and risks. Start in",PPFAS Mutual Fund Infrastructure Fund - Direct Plan - Growth | PPFAS Mutual Fund Infrastructure Fund - Direct Plan - Growth review | Thematic mutual fund | Thematic fund in India | PPFAS Mutual Fund Thematic | best Thematic funds | PPFAS Mutual Fund Infrastructure Fund - Direct Plan - Growth NAV | PPFAS Mutual Fund Infrastructure Fund - Direct Plan - Growth returns | PPFAS Mutual Fund Infrastructure Fund - Direct Plan - Growth expense ratio | invest in PPFAS Mutual Fund Infrastructure Fund - Direct Plan - Growth | PPFAS Mutual Fund Infrastructure Fund - Direct Plan - Growth SIP | Thematic investment 2025 | PPFAS Mutual Fund Infrastructure Fund - Direct Plan - Growth vs Thematic | top Thematic funds India | PPFAS Mutual Fund Infrastructure Fund - Direct Plan - Growth performance | PPFAS Mutual Fund Infrastructure Fund - Direct Plan - Growth fund manager | Thematic fund comparison | buy PPFAS Mutual Fund Infrastructure Fund - Direct Plan - Growth online | PPFAS Mutual Fund Infrastructure Fund - Direct Plan - Growth minimum investment | Thematic fund returns India
PPFAS Mutual Fund Dividend Fund - Regular Plan - Growth,PPFAS Mutual Fund,Thematic,Thematic - Dividend Yield,200354,11.612,5407.60,1.92,500,1000,,,,0.48,Nifty Dividend Opportunities 50 TRI,Moderate,16.32,,51,Rajeev Thakkar,3.5 years,Aims to provide capital appreciation by investing in Thematic securities,Equity: 95.00% | T-Bills: 5.00%,Nil,HDFC Bank Ltd. (5.8%) | ICICI Bank Ltd. (5.2%) | Larsen & Toubro Ltd. (4.9%) | Reliance Industries Ltd. (4.5%) | Infosys Ltd. (4.1%) | Bharti Airtel Ltd. (3.8%) | Axis Bank Ltd. (3.5%) | State Bank of India (3.2%) | Tata Motors Ltd. (2.9%) | Adani Ports & SEZ Ltd. (2.6%),25-May-2026,03-Apr-2006,0%,LTCG 12.5% after 2 years for equity,999,PPFAS Mutual Fund Dividend Fund - Regular Plan - Growth - PP,"Detailed review and analysis of PPFAS Mutual Fund Dividend Fund - Regular Plan - Growth (Thematic). Compare returns, expenses, holdings and risks. Start investi",PPFAS Mutual Fund Dividend Fund - Regular Plan - Growth | PPFAS Mutual Fund Dividend Fund - Regular Plan - Growth review | Thematic mutual fund | Thematic fund in India | PPFAS Mutual Fund Thematic | best Thematic funds | PPFAS Mutual Fund Dividend Fund - Regular Plan - Growth NAV | PPFAS Mutual Fund Dividend Fund - Regular Plan - Growth returns | PPFAS Mutual Fund Dividend Fund - Regular Plan - Growth expense ratio | invest in PPFAS Mutual Fund Dividend Fund - Regular Plan - Growth | PPFAS Mutual Fund Dividend Fund - Regular Plan - Growth SIP | Thematic investment 2025 | PPFAS Mutual Fund Dividend Fund - Regular Plan - Growth vs Thematic | top Thematic funds India | PPFAS Mutual Fund Dividend Fund - Regular Plan - Growth performance | PPFAS Mutual Fund Dividend Fund - Regular Plan - Growth fund manager | Thematic fund comparison | buy PPFAS Mutual Fund Dividend Fund - Regular Plan - Growth online | PPFAS Mutual Fund Dividend Fund - Regular Plan - Growth minimum investment | Thematic fund returns India
PPFAS Mutual Fund Balanced Advantage Fund - Direct Plan - Growth,PPFAS Mutual Fund,Balanced Hybrid,Balanced Advantage Fund,200355,16.3854,14760.00,0.78,500,1000,3.08,12.3,,10.94,Nifty 50 Hybrid Composite Debt 65:35 Index,Moderately High,9.29,0.62,155,Rajeev Thakkar,3.5 years,Aims to provide capital appreciation by investing in Balanced Hybrid securities,Equity: 65.00% | Debt: 30.00% | T-Bills: 5.00%,Nil,HDFC Bank Ltd. (6.8%) | ICICI Bank Ltd. (5.5%) | Reliance Industries Ltd. (4.5%) | 8.38% GOI 2027 (4.2%) | Infosys Ltd. (3.8%) | 7.26% GOI 2032 (3.5%) | Axis Bank Ltd. (3.2%) | Bharti Airtel Ltd. (2.9%) | Larsen & Toubro Ltd. (2.6%) | Tata Consultancy Services Ltd. (2.4%),25-May-2026,07-Sep-2021,0%,LTCG 12.5% after 2 years for equity,999,PPFAS Mutual Fund Balanced Advantage Fund - Direct Plan - Gr,"Detailed review and analysis of PPFAS Mutual Fund Balanced Advantage Fund - Direct Plan - Growth (Balanced Hybrid). Compare returns, expenses, holdings and risk",PPFAS Mutual Fund Balanced Advantage Fund - Direct Plan - Growth | PPFAS Mutual Fund Balanced Advantage Fund - Direct Plan - Growth review | Balanced Hybrid mutual fund | Balanced Hybrid fund in India | PPFAS Mutual Fund Balanced Hybrid | best Balanced Hybrid funds | PPFAS Mutual Fund Balanced Advantage Fund - Direct Plan - Growth NAV | PPFAS Mutual Fund Balanced Advantage Fund - Direct Plan - Growth returns | PPFAS Mutual Fund Balanced Advantage Fund - Direct Plan - Growth expense ratio | invest in PPFAS Mutual Fund Balanced Advantage Fund - Direct Plan - Growth | PPFAS Mutual Fund Balanced Advantage Fund - Direct Plan - Growth SIP | Balanced Hybrid investment 2025 | PPFAS Mutual Fund Balanced Advantage Fund - Direct Plan - Growth vs Balanced Hybrid | top Balanced Hybrid funds India | PPFAS Mutual Fund Balanced Advantage Fund - Direct Plan - Growth performance | PPFAS Mutual Fund Balanced Advantage Fund - Direct Plan - Growth fund manager | Balanced Hybrid fund comparison | buy PPFAS Mutual Fund Balanced Advantage Fund - Direct Plan - Growth online | PPFAS Mutual Fund Balanced Advantage Fund - Direct Plan - Growth minimum investment | Balanced Hybrid fund returns India
PPFAS Mutual Fund International Fund - Regular Plan - Growth,PPFAS Mutual Fund,International,Fund of Funds - Overseas,200356,11.612,3446.80,2.05,500,1000,,,,0.48,MSCI World Index,Very High,14.99,,21,Rajeev Thakkar,3.5 years,Aims to provide capital appreciation by investing in International securities,Forgn. Eq: 95.00% | Cash & Equivalents: 5.00%,Nil,Apple Inc. (8.5%) | Microsoft Corp. (7.8%) | Alphabet Inc Class A (6.9%) | Amazon.com Inc. (5.2%) | NVIDIA Corp. (4.8%) | Meta Platforms Inc. (4.2%) | Tesla Inc. (3.9%) | Berkshire Hathaway Inc. (3.5%) | UnitedHealth Group Inc. (3.1%) | Johnson & Johnson (2.8%),25-May-2026,03-Apr-2006,0%,LTCG 12.5% after 2 years for equity,999,PPFAS Mutual Fund International Fund - Regular Plan - Growth,"Detailed review and analysis of PPFAS Mutual Fund International Fund - Regular Plan - Growth (International). Compare returns, expenses, holdings and risks. Sta",PPFAS Mutual Fund International Fund - Regular Plan - Growth | PPFAS Mutual Fund International Fund - Regular Plan - Growth review | International mutual fund | International fund in India | PPFAS Mutual Fund International | best International funds | PPFAS Mutual Fund International Fund - Regular Plan - Growth NAV | PPFAS Mutual Fund International Fund - Regular Plan - Growth returns | PPFAS Mutual Fund International Fund - Regular Plan - Growth expense ratio | invest in PPFAS Mutual Fund International Fund - Regular Plan - Growth | PPFAS Mutual Fund International Fund - Regular Plan - Growth SIP | International investment 2025 | PPFAS Mutual Fund International Fund - Regular Plan - Growth vs International | top International funds India | PPFAS Mutual Fund International Fund - Regular Plan - Growth performance | PPFAS Mutual Fund International Fund - Regular Plan - Growth fund manager | International fund comparison | buy PPFAS Mutual Fund International Fund - Regular Plan - Growth online | PPFAS Mutual Fund International Fund - Regular Plan - Growth minimum investment | International fund returns India
PPFAS Mutual Fund Energy Fund - Direct Plan - Growth,PPFAS Mutual Fund,Equity,Focused Fund,200357,10.8119,11827.20,0.75,500,1000,,,,0.2,Nifty 500 TRI,Moderate,13.96,,42,Rajeev Thakkar,3.5 years,Aims to provide capital appreciation by investing in Equity securities,Equity: 97.00% | T-Bills: 3.00%,Nil,HDFC Bank Ltd. (8.8%) | ICICI Bank Ltd. (7.5%) | Reliance Industries Ltd. (6.2%) | Infosys Ltd. (5.8%) | Axis Bank Ltd. (5.1%) | Larsen & Toubro Ltd. (4.5%) | Bharti Airtel Ltd. (4.1%) | Sun Pharmaceutical Industries Ltd. (3.8%) | Tata Consultancy Services Ltd. (3.5%) | State Bank of India (3.2%),25-May-2026,03-Apr-2006,0%,LTCG 12.5% after 2 years for equity,999,PPFAS Mutual Fund Energy Fund - Direct Plan - Growth - PPFAS,"Detailed review and analysis of PPFAS Mutual Fund Energy Fund - Direct Plan - Growth (Equity). Compare returns, expenses, holdings and risks. Start investing to",PPFAS Mutual Fund Energy Fund - Direct Plan - Growth | PPFAS Mutual Fund Energy Fund - Direct Plan - Growth review | Equity mutual fund | Equity fund in India | PPFAS Mutual Fund Equity | best Equity funds | PPFAS Mutual Fund Energy Fund - Direct Plan - Growth NAV | PPFAS Mutual Fund Energy Fund - Direct Plan - Growth returns | PPFAS Mutual Fund Energy Fund - Direct Plan - Growth expense ratio | invest in PPFAS Mutual Fund Energy Fund - Direct Plan - Growth | PPFAS Mutual Fund Energy Fund - Direct Plan - Growth SIP | Equity investment 2025 | PPFAS Mutual Fund Energy Fund - Direct Plan - Growth vs Equity | top Equity funds India | PPFAS Mutual Fund Energy Fund - Direct Plan - Growth performance | PPFAS Mutual Fund Energy Fund - Direct Plan - Growth fund manager | Equity fund comparison | buy PPFAS Mutual Fund Energy Fund - Direct Plan - Growth online | PPFAS Mutual Fund Energy Fund - Direct Plan - Growth minimum investment | Equity fund returns India
PPFAS Mutual Fund Pharma Fund - Regular Plan - Growth,PPFAS Mutual Fund,Pharma,Sectoral - Pharma & Healthcare,200358,10.8119,4932.00,1.95,500,1000,,,,0.2,Nifty Pharma TRI,Very High,16.04,,54,Rajeev Thakkar,3.5 years,Aims to provide capital appreciation by investing in Pharma securities,Equity: 96.00% | T-Bills: 4.00%,Nil,Sun Pharmaceutical Industries Ltd. (20.5%) | Dr. Reddy's Laboratories Ltd. (12.8%) | Cipla Ltd. (10.4%) | Divi's Laboratories Ltd. (9.8%) | Torrent Pharmaceuticals Ltd. (7.2%) | Aurobindo Pharma Ltd. (5.8%) | Alkem Laboratories Ltd. (5.2%) | Lupin Ltd. (4.9%) | Ipca Laboratories Ltd. (3.8%) | Mankind Pharma Ltd. (3.5%),25-May-2026,03-Apr-2006,0%,LTCG 12.5% after 2 years for equity,999,PPFAS Mutual Fund Pharma Fund - Regular Plan - Growth - PPFA,"Detailed review and analysis of PPFAS Mutual Fund Pharma Fund - Regular Plan - Growth (Pharma). Compare returns, expenses, holdings and risks. Start investing t",PPFAS Mutual Fund Pharma Fund - Regular Plan - Growth | PPFAS Mutual Fund Pharma Fund - Regular Plan - Growth review | Pharma mutual fund | Pharma fund in India | PPFAS Mutual Fund Pharma | best Pharma funds | PPFAS Mutual Fund Pharma Fund - Regular Plan - Growth NAV | PPFAS Mutual Fund Pharma Fund - Regular Plan - Growth returns | PPFAS Mutual Fund Pharma Fund - Regular Plan - Growth expense ratio | invest in PPFAS Mutual Fund Pharma Fund - Regular Plan - Growth | PPFAS Mutual Fund Pharma Fund - Regular Plan - Growth SIP | Pharma investment 2025 | PPFAS Mutual Fund Pharma Fund - Regular Plan - Growth vs Pharma | top Pharma funds India | PPFAS Mutual Fund Pharma Fund - Regular Plan - Growth performance | PPFAS Mutual Fund Pharma Fund - Regular Plan - Growth fund manager | Pharma fund comparison | buy PPFAS Mutual Fund Pharma Fund - Regular Plan - Growth online | PPFAS Mutual Fund Pharma Fund - Regular Plan - Growth minimum investment | Pharma fund returns India
PPFAS Mutual Fund Auto Fund - Direct Plan - Growth,PPFAS Mutual Fund,Sectoral,Sectoral - Automotive,200359,10,4442.40,0.98,500,1000,,,,-0.16,Nifty Auto TRI,Moderate,17.82,,64,Rajeev Thakkar,3.5 years,Aims to provide capital appreciation by investing in Sectoral securities,Equity: 96.00% | T-Bills: 4.00%,Nil,HDFC Bank Ltd. (8.5%) | ICICI Bank Ltd. (7.2%) | State Bank of India (5.8%) | Axis Bank Ltd. (5.2%) | Kotak Mahindra Bank Ltd. (4.9%) | IndusInd Bank Ltd. (4.5%) | Infosys Ltd. (4.1%) | TCS Ltd. (3.8%) | Bharti Airtel Ltd. (3.5%) | Reliance Industries Ltd. (3.2%),25-May-2026,02-Apr-2006,0%,LTCG 12.5% after 2 years for equity,999,PPFAS Mutual Fund Auto Fund - Direct Plan - Growth - PPFAS M,"Detailed review and analysis of PPFAS Mutual Fund Auto Fund - Direct Plan - Growth (Sectoral). Compare returns, expenses, holdings and risks. Start investing to",PPFAS Mutual Fund Auto Fund - Direct Plan - Growth | PPFAS Mutual Fund Auto Fund - Direct Plan - Growth review | Sectoral mutual fund | Sectoral fund in India | PPFAS Mutual Fund Sectoral | best Sectoral funds | PPFAS Mutual Fund Auto Fund - Direct Plan - Growth NAV | PPFAS Mutual Fund Auto Fund - Direct Plan - Growth returns | PPFAS Mutual Fund Auto Fund - Direct Plan - Growth expense ratio | invest in PPFAS Mutual Fund Auto Fund - Direct Plan - Growth | PPFAS Mutual Fund Auto Fund - Direct Plan - Growth SIP | Sectoral investment 2025 | PPFAS Mutual Fund Auto Fund - Direct Plan - Growth vs Sectoral | top Sectoral funds India | PPFAS Mutual Fund Auto Fund - Direct Plan - Growth performance | PPFAS Mutual Fund Auto Fund - Direct Plan - Growth fund manager | Sectoral fund comparison | buy PPFAS Mutual Fund Auto Fund - Direct Plan - Growth online | PPFAS Mutual Fund Auto Fund - Direct Plan - Growth minimum investment | Sectoral fund returns India
PPFAS Mutual Fund Manufacturing Fund - Regular Plan - Growth,PPFAS Mutual Fund,Equity,Focused Fund,200360,11.612,11856.00,1.75,500,1000,,,,0.48,Nifty 500 TRI,Moderate,14.03,,43,Rajeev Thakkar,3.5 years,Aims to provide capital appreciation by investing in Equity securities,Equity: 97.00% | T-Bills: 3.00%,Nil,HDFC Bank Ltd. (8.8%) | ICICI Bank Ltd. (7.5%) | Reliance Industries Ltd. (6.2%) | Infosys Ltd. (5.8%) | Axis Bank Ltd. (5.1%) | Larsen & Toubro Ltd. (4.5%) | Bharti Airtel Ltd. (4.1%) | Sun Pharmaceutical Industries Ltd. (3.8%) | Tata Consultancy Services Ltd. (3.5%) | State Bank of India (3.2%),25-May-2026,03-Apr-2006,0%,LTCG 12.5% after 2 years for equity,999,PPFAS Mutual Fund Manufacturing Fund - Regular Plan - Growth,"Detailed review and analysis of PPFAS Mutual Fund Manufacturing Fund - Regular Plan - Growth (Equity). Compare returns, expenses, holdings and risks. Start inve",PPFAS Mutual Fund Manufacturing Fund - Regular Plan - Growth | PPFAS Mutual Fund Manufacturing Fund - Regular Plan - Growth review | Equity mutual fund | Equity fund in India | PPFAS Mutual Fund Equity | best Equity funds | PPFAS Mutual Fund Manufacturing Fund - Regular Plan - Growth NAV | PPFAS Mutual Fund Manufacturing Fund - Regular Plan - Growth returns | PPFAS Mutual Fund Manufacturing Fund - Regular Plan - Growth expense ratio | invest in PPFAS Mutual Fund Manufacturing Fund - Regular Plan - Growth | PPFAS Mutual Fund Manufacturing Fund - Regular Plan - Growth SIP | Equity investment 2025 | PPFAS Mutual Fund Manufacturing Fund - Regular Plan - Growth vs Equity | top Equity funds India | PPFAS Mutual Fund Manufacturing Fund - Regular Plan - Growth performance | PPFAS Mutual Fund Manufacturing Fund - Regular Plan - Growth fund manager | Equity fund comparison | buy PPFAS Mutual Fund Manufacturing Fund - Regular Plan - Growth online | PPFAS Mutual Fund Manufacturing Fund - Regular Plan - Growth minimum investment | Equity fund returns India
Quant Mutual Fund Large Cap Fund - Direct Plan - Growth,Quant Mutual Fund,Large Cap,Large Cap Fund,200361,497.217,24720.00,0.52,500,1000,-4.02,14.7,12.03,11.65,Nifty 50,Very High,12.40,0.66,27,Sonam Udasi; Amey Sathe,9.2 years,Aims to provide capital appreciation by investing in Large Cap securities,Equity: 96.00% | T-Bills: 4.00%,Nil,HDFC Bank Ltd. (8.5%) | ICICI Bank Ltd. (7.8%) | Reliance Industries Ltd. (6.9%) | Infosys Ltd. (5.2%) | Larsen & Toubro Ltd. (4.8%) | Axis Bank Ltd. (3.9%) | Tata Consultancy Services Ltd. (3.7%) | Bharti Airtel Ltd. (3.4%) | State Bank of India (3.1%) | ITC Ltd. (2.8%),25-May-2026,02-Jan-2013,0%,LTCG 12.5% after 2 years for equity,999,Quant Mutual Fund Large Cap Fund - Direct Plan - Growth - Qu,"Detailed review and analysis of Quant Mutual Fund Large Cap Fund - Direct Plan - Growth (Large Cap). Compare returns, expenses, holdings and risks. Start invest",Quant Mutual Fund Large Cap Fund - Direct Plan - Growth | Quant Mutual Fund Large Cap Fund - Direct Plan - Growth review | Large Cap mutual fund | Large Cap fund in India | Quant Mutual Fund Large Cap | best Large Cap funds | Quant Mutual Fund Large Cap Fund - Direct Plan - Growth NAV | Quant Mutual Fund Large Cap Fund - Direct Plan - Growth returns | Quant Mutual Fund Large Cap Fund - Direct Plan - Growth expense ratio | invest in Quant Mutual Fund Large Cap Fund - Direct Plan - Growth | Quant Mutual Fund Large Cap Fund - Direct Plan - Growth SIP | Large Cap investment 2025 | Quant Mutual Fund Large Cap Fund - Direct Plan - Growth vs Large Cap | top Large Cap funds India | Quant Mutual Fund Large Cap Fund - Direct Plan - Growth performance | Quant Mutual Fund Large Cap Fund - Direct Plan - Growth fund manager | Large Cap fund comparison | buy Quant Mutual Fund Large Cap Fund - Direct Plan - Growth online | Quant Mutual Fund Large Cap Fund - Direct Plan - Growth minimum investment | Large Cap fund returns India
Quant Mutual Fund Mid Cap Fund - Regular Plan - Growth,Quant Mutual Fund,Mid Cap,Mid Cap Fund,200362,20.989,14844.00,1.75,500,1000,0.18,8.67,7.6,11.23,Nifty Midcap 150 TRI,Very High,16.14,0.13,38,Chirag Setalvad; Dhruv Muchhal,13.4 years,Aims to provide capital appreciation by investing in Mid Cap securities,Equity: 94.00% | T-Bills: 6.00%,Nil,Voltas Ltd. (3.8%) | Mphasis Ltd. (3.5%) | Coforge Ltd. (3.2%) | Sundram Fasteners Ltd. (2.9%) | Persistent Systems Ltd. (2.7%) | Zydus Lifesciences Ltd. (2.5%) | Crompton Greaves Consumer Electricals Ltd. (2.4%) | Oberoi Realty Ltd. (2.2%) | Tube Investments of India Ltd. (2.1%) | Emami Ltd. (2.0%),25-May-2026,11-Jun-2019,0%,LTCG 12.5% after 2 years for equity,999,Quant Mutual Fund Mid Cap Fund - Regular Plan - Growth - Qua,"Detailed review and analysis of Quant Mutual Fund Mid Cap Fund - Regular Plan - Growth (Mid Cap). Compare returns, expenses, holdings and risks. Start investing",Quant Mutual Fund Mid Cap Fund - Regular Plan - Growth | Quant Mutual Fund Mid Cap Fund - Regular Plan - Growth review | Mid Cap mutual fund | Mid Cap fund in India | Quant Mutual Fund Mid Cap | best Mid Cap funds | Quant Mutual Fund Mid Cap Fund - Regular Plan - Growth NAV | Quant Mutual Fund Mid Cap Fund - Regular Plan - Growth returns | Quant Mutual Fund Mid Cap Fund - Regular Plan - Growth expense ratio | invest in Quant Mutual Fund Mid Cap Fund - Regular Plan - Growth | Quant Mutual Fund Mid Cap Fund - Regular Plan - Growth SIP | Mid Cap investment 2025 | Quant Mutual Fund Mid Cap Fund - Regular Plan - Growth vs Mid Cap | top Mid Cap funds India | Quant Mutual Fund Mid Cap Fund - Regular Plan - Growth performance | Quant Mutual Fund Mid Cap Fund - Regular Plan - Growth fund manager | Mid Cap fund comparison | buy Quant Mutual Fund Mid Cap Fund - Regular Plan - Growth online | Quant Mutual Fund Mid Cap Fund - Regular Plan - Growth minimum investment | Mid Cap fund returns India
Quant Mutual Fund Small Cap Fund - Direct Plan - Growth,Quant Mutual Fund,Small Cap,Small Cap Fund,200363,226.029,11884.80,0.82,500,1000,9.07,20.44,18.91,20.97,Nifty Smallcap 250 TRI,Very High,18.92,0.74,31,R. Srinivasan,10.2 years,Aims to provide capital appreciation by investing in Small Cap securities,Equity: 91.00% | Cash & Equivalents: 9.00%,Nil,Aarti Drugs Ltd. (3.2%) | Hatsun Agro Product Ltd. (2.9%) | National Aluminium Company Ltd. (2.7%) | VST Tillers Tractors Ltd. (2.5%) | Repco Home Finance Ltd. (2.3%) | RACL Geartech Ltd. (2.1%) | Neuland Laboratories Ltd. (2.0%) | Mold-Tek Packaging Ltd. (1.9%) | NIIT Learning Systems Ltd. (1.8%) | Nuvama Wealth Management Ltd. (1.7%),25-May-2026,02-Jan-2013,0%,LTCG 12.5% after 2 years for equity,999,Quant Mutual Fund Small Cap Fund - Direct Plan - Growth - Qu,"Detailed review and analysis of Quant Mutual Fund Small Cap Fund - Direct Plan - Growth (Small Cap). Compare returns, expenses, holdings and risks. Start invest",Quant Mutual Fund Small Cap Fund - Direct Plan - Growth | Quant Mutual Fund Small Cap Fund - Direct Plan - Growth review | Small Cap mutual fund | Small Cap fund in India | Quant Mutual Fund Small Cap | best Small Cap funds | Quant Mutual Fund Small Cap Fund - Direct Plan - Growth NAV | Quant Mutual Fund Small Cap Fund - Direct Plan - Growth returns | Quant Mutual Fund Small Cap Fund - Direct Plan - Growth expense ratio | invest in Quant Mutual Fund Small Cap Fund - Direct Plan - Growth | Quant Mutual Fund Small Cap Fund - Direct Plan - Growth SIP | Small Cap investment 2025 | Quant Mutual Fund Small Cap Fund - Direct Plan - Growth vs Small Cap | top Small Cap funds India | Quant Mutual Fund Small Cap Fund - Direct Plan - Growth performance | Quant Mutual Fund Small Cap Fund - Direct Plan - Growth fund manager | Small Cap fund comparison | buy Quant Mutual Fund Small Cap Fund - Direct Plan - Growth online | Quant Mutual Fund Small Cap Fund - Direct Plan - Growth minimum investment | Small Cap fund returns India
Quant Mutual Fund Multi Cap Fund - Regular Plan - Growth,Quant Mutual Fund,Multi Cap,Multi Cap Fund,200364,20.989,17841.60,1.68,500,1000,0.18,8.67,7.6,11.23,Nifty 500 Multicap 50:25:25 TRI,Very High,14.55,0.15,46,Gopal Agrawal; Atul Zabhade,3.2 years,Aims to provide capital appreciation by investing in Multi Cap securities,Equity: 97.00% | T-Bills: 3.00%,Nil,HDFC Bank Ltd. (6.5%) | ICICI Bank Ltd. (5.8%) | Reliance Industries Ltd. (4.9%) | Infosys Ltd. (4.2%) | Axis Bank Ltd. (3.6%) | Larsen & Toubro Ltd. (3.2%) | Tata Consultancy Services Ltd. (2.9%) | Bharti Airtel Ltd. (2.7%) | State Bank of India (2.4%) | Sun Pharmaceutical Industries Ltd. (2.2%),25-May-2026,11-Jun-2019,0%,LTCG 12.5% after 2 years for equity,999,Quant Mutual Fund Multi Cap Fund - Regular Plan - Growth - Q,"Detailed review and analysis of Quant Mutual Fund Multi Cap Fund - Regular Plan - Growth (Multi Cap). Compare returns, expenses, holdings and risks. Start inves",Quant Mutual Fund Multi Cap Fund - Regular Plan - Growth | Quant Mutual Fund Multi Cap Fund - Regular Plan - Growth review | Multi Cap mutual fund | Multi Cap fund in India | Quant Mutual Fund Multi Cap | best Multi Cap funds | Quant Mutual Fund Multi Cap Fund - Regular Plan - Growth NAV | Quant Mutual Fund Multi Cap Fund - Regular Plan - Growth returns | Quant Mutual Fund Multi Cap Fund - Regular Plan - Growth expense ratio | invest in Quant Mutual Fund Multi Cap Fund - Regular Plan - Growth | Quant Mutual Fund Multi Cap Fund - Regular Plan - Growth SIP | Multi Cap investment 2025 | Quant Mutual Fund Multi Cap Fund - Regular Plan - Growth vs Multi Cap | top Multi Cap funds India | Quant Mutual Fund Multi Cap Fund - Regular Plan - Growth performance | Quant Mutual Fund Multi Cap Fund - Regular Plan - Growth fund manager | Multi Cap fund comparison | buy Quant Mutual Fund Multi Cap Fund - Regular Plan - Growth online | Quant Mutual Fund Multi Cap Fund - Regular Plan - Growth minimum investment | Multi Cap fund returns India
Quant Mutual Fund Flexi Cap Fund - Direct Plan - Growth,Quant Mutual Fund,Flexi Cap,Flexi Cap Fund,200365,110.791,13888.00,0.72,500,1000,-2.38,14.63,12.31,14.46,Nifty 500 TRI,Very High,13.83,0.59,42,Roshi Jain; Gopal Agrawal,3.8 years,Aims to provide capital appreciation by investing in Flexi Cap securities,Equity: 95.00% | T-Bills: 5.00%,Nil,HDFC Bank Ltd. (8.2%) | ICICI Bank Ltd. (6.9%) | Infosys Ltd. (5.5%) | Reliance Industries Ltd. (5.1%) | Axis Bank Ltd. (4.2%) | Larsen & Toubro Ltd. (3.8%) | Tata Consultancy Services Ltd. (3.4%) | Bharti Airtel Ltd. (3.1%) | Sun Pharmaceutical Industries Ltd. (2.8%) | Kotak Mahindra Bank Ltd. (2.5%),25-May-2026,02-Jan-2013,0%,LTCG 12.5% after 2 years for equity,999,Quant Mutual Fund Flexi Cap Fund - Direct Plan - Growth - Qu,"Detailed review and analysis of Quant Mutual Fund Flexi Cap Fund - Direct Plan - Growth (Flexi Cap). Compare returns, expenses, holdings and risks. Start invest",Quant Mutual Fund Flexi Cap Fund - Direct Plan - Growth | Quant Mutual Fund Flexi Cap Fund - Direct Plan - Growth review | Flexi Cap mutual fund | Flexi Cap fund in India | Quant Mutual Fund Flexi Cap | best Flexi Cap funds | Quant Mutual Fund Flexi Cap Fund - Direct Plan - Growth NAV | Quant Mutual Fund Flexi Cap Fund - Direct Plan - Growth returns | Quant Mutual Fund Flexi Cap Fund - Direct Plan - Growth expense ratio | invest in Quant Mutual Fund Flexi Cap Fund - Direct Plan - Growth | Quant Mutual Fund Flexi Cap Fund - Direct Plan - Growth SIP | Flexi Cap investment 2025 | Quant Mutual Fund Flexi Cap Fund - Direct Plan - Growth vs Flexi Cap | top Flexi Cap funds India | Quant Mutual Fund Flexi Cap Fund - Direct Plan - Growth performance | Quant Mutual Fund Flexi Cap Fund - Direct Plan - Growth fund manager | Flexi Cap fund comparison | buy Quant Mutual Fund Flexi Cap Fund - Direct Plan - Growth online | Quant Mutual Fund Flexi Cap Fund - Direct Plan - Growth minimum investment | Flexi Cap fund returns India
Quant Mutual Fund ELSS Tax Saver Fund - Regular Plan - Growth,Quant Mutual Fund,ELSS,ELSS (Tax Saving),200366,134.992,9928.00,1.85,500,1000,-2.88,16.38,13.7,14.2,Nifty 500 TRI,Very High,14.90,0.66,36,Milind Agrawal,0.4 years,Aims to provide capital appreciation by investing in ELSS securities,Equity: 96.00% | T-Bills: 4.00%,Nil,ICICI Bank Ltd. (8.5%) | HDFC Bank Ltd. (7.2%) | Infosys Ltd. (5.8%) | Reliance Industries Ltd. (5.2%) | Axis Bank Ltd. (4.9%) | Kotak Mahindra Bank Ltd. (4.3%) | Sun Pharmaceutical Industries Ltd. (3.9%) | Bharti Airtel Ltd. (3.5%) | Larsen & Toubro Ltd. (3.2%) | Tata Consultancy Services Ltd. (2.9%),25-May-2026,22-Jan-2007,0%,LTCG 12.5% after 2 years for equity,999,Quant Mutual Fund ELSS Tax Saver Fund - Regular Plan - Growt,"Detailed review and analysis of Quant Mutual Fund ELSS Tax Saver Fund - Regular Plan - Growth (ELSS). Compare returns, expenses, holdings and risks. Start inves",Quant Mutual Fund ELSS Tax Saver Fund - Regular Plan - Growth | Quant Mutual Fund ELSS Tax Saver Fund - Regular Plan - Growth review | ELSS mutual fund | ELSS fund in India | Quant Mutual Fund ELSS | best ELSS funds | Quant Mutual Fund ELSS Tax Saver Fund - Regular Plan - Growth NAV | Quant Mutual Fund ELSS Tax Saver Fund - Regular Plan - Growth returns | Quant Mutual Fund ELSS Tax Saver Fund - Regular Plan - Growth expense ratio | invest in Quant Mutual Fund ELSS Tax Saver Fund - Regular Plan - Growth | Quant Mutual Fund ELSS Tax Saver Fund - Regular Plan - Growth SIP | ELSS investment 2025 | Quant Mutual Fund ELSS Tax Saver Fund - Regular Plan - Growth vs ELSS | top ELSS funds India | Quant Mutual Fund ELSS Tax Saver Fund - Regular Plan - Growth performance | Quant Mutual Fund ELSS Tax Saver Fund - Regular Plan - Growth fund manager | ELSS fund comparison | buy Quant Mutual Fund ELSS Tax Saver Fund - Regular Plan - Growth online | Quant Mutual Fund ELSS Tax Saver Fund - Regular Plan - Growth minimum investment | ELSS fund returns India
Quant Mutual Fund Liquid Fund - Direct Plan - Growth,Quant Mutual Fund,Liquid Fund,Liquid Fund,200367,22.088,44712.00,0.12,500,1000,0.9,9.45,8.38,12.05,NIFTY Liquid Index,Low,0.13,22.69,267,,,Aims to provide capital appreciation by investing in Liquid Fund securities,T-Bills: 65.00% | CD: 20.00% | CP: 10.00% | Cash: 5.00%,Nil,State Bank of India CD (8.5%) | HDFC Bank CD (7.2%) | Reliance Industries T-Bills (6.8%) | ICICI Bank CP (5.9%) | 182-Day T-Bill (5.5%) | National Bank For Agriculture And Rural Development (5.2%) | 91-Day T-Bill (4.8%) | Kotak Mahindra Bank CD (4.5%) | Axis Bank CP (4.1%) | Power Finance Corporation (3.8%),25-May-2026,11-Jun-2019,0%,LTCG 12.5% after 2 years for equity,999,Quant Mutual Fund Liquid Fund - Direct Plan - Growth - Quant,"Detailed review and analysis of Quant Mutual Fund Liquid Fund - Direct Plan - Growth (Liquid Fund). Compare returns, expenses, holdings and risks. Start investi",Quant Mutual Fund Liquid Fund - Direct Plan - Growth | Quant Mutual Fund Liquid Fund - Direct Plan - Growth review | Liquid Fund mutual fund | Liquid Fund fund in India | Quant Mutual Fund Liquid Fund | best Liquid Fund funds | Quant Mutual Fund Liquid Fund - Direct Plan - Growth NAV | Quant Mutual Fund Liquid Fund - Direct Plan - Growth returns | Quant Mutual Fund Liquid Fund - Direct Plan - Growth expense ratio | invest in Quant Mutual Fund Liquid Fund - Direct Plan - Growth | Quant Mutual Fund Liquid Fund - Direct Plan - Growth SIP | Liquid Fund investment 2025 | Quant Mutual Fund Liquid Fund - Direct Plan - Growth vs Liquid Fund | top Liquid Fund funds India | Quant Mutual Fund Liquid Fund - Direct Plan - Growth performance | Quant Mutual Fund Liquid Fund - Direct Plan - Growth fund manager | Liquid Fund fund comparison | buy Quant Mutual Fund Liquid Fund - Direct Plan - Growth online | Quant Mutual Fund Liquid Fund - Direct Plan - Growth minimum investment | Liquid Fund fund returns India
Quant Mutual Fund Debt Fund - Regular Plan - Growth,Quant Mutual Fund,Debt,Short Duration Fund,200368,20.989,7955.20,1.05,500,1000,0.18,8.67,7.6,11.23,CRISIL Composite Bond Fund Index,Moderate,3.38,0.64,207,,,Aims to provide capital appreciation by investing in Debt securities,Debenture: 40.00% | SDL: 30.00% | T-Bills: 20.00% | GOI Sec: 10.00%,Nil,National Bank For Agriculture And Rural Development (5.8%) | Power Finance Corporation Ltd. (5.2%) | Rural Electrification Corporation Ltd. (4.9%) | 7.26% GOI 2032 (4.5%) | State Bank of India (4.1%) | National Highways Authority of India (3.8%) | Housing Development Finance Corporation Ltd. (3.5%) | Indian Railway Finance Corporation Ltd. (3.2%) | HDFC Bank Ltd. (2.9%) | Bajaj Finance Ltd. (2.5%),25-May-2026,11-Jun-2019,0%,LTCG 12.5% after 2 years for equity,999,Quant Mutual Fund Debt Fund - Regular Plan - Growth - Quant,"Detailed review and analysis of Quant Mutual Fund Debt Fund - Regular Plan - Growth (Debt). Compare returns, expenses, holdings and risks. Start investing today",Quant Mutual Fund Debt Fund - Regular Plan - Growth | Quant Mutual Fund Debt Fund - Regular Plan - Growth review | Debt mutual fund | Debt fund in India | Quant Mutual Fund Debt | best Debt funds | Quant Mutual Fund Debt Fund - Regular Plan - Growth NAV | Quant Mutual Fund Debt Fund - Regular Plan - Growth returns | Quant Mutual Fund Debt Fund - Regular Plan - Growth expense ratio | invest in Quant Mutual Fund Debt Fund - Regular Plan - Growth | Quant Mutual Fund Debt Fund - Regular Plan - Growth SIP | Debt investment 2025 | Quant Mutual Fund Debt Fund - Regular Plan - Growth vs Debt | top Debt funds India | Quant Mutual Fund Debt Fund - Regular Plan - Growth performance | Quant Mutual Fund Debt Fund - Regular Plan - Growth fund manager | Debt fund comparison | buy Quant Mutual Fund Debt Fund - Regular Plan - Growth online | Quant Mutual Fund Debt Fund - Regular Plan - Growth minimum investment | Debt fund returns India
Quant Mutual Fund Banking Fund - Direct Plan - Growth,Quant Mutual Fund,Banking,Sectoral - Banking & Financial Services,200369,22.088,6966.40,0.92,500,1000,0.9,9.45,8.38,12.05,Nifty Bank TRI,Very High,17.03,0.17,53,,,Aims to provide capital appreciation by investing in Banking securities,Equity: 97.00% | T-Bills: 3.00%,Nil,HDFC Bank Ltd. (22.5%) | ICICI Bank Ltd. (19.8%) | State Bank of India (12.4%) | Axis Bank Ltd. (10.8%) | Kotak Mahindra Bank Ltd. (8.5%) | Bank of Baroda (5.2%) | IndusInd Bank Ltd. (4.8%) | Federal Bank Ltd. (3.9%) | AU Small Finance Bank Ltd. (3.5%) | Punjab National Bank (2.8%),25-May-2026,11-Jun-2019,0%,LTCG 12.5% after 2 years for equity,999,Quant Mutual Fund Banking Fund - Direct Plan - Growth - Quan,"Detailed review and analysis of Quant Mutual Fund Banking Fund - Direct Plan - Growth (Banking). Compare returns, expenses, holdings and risks. Start investing ",Quant Mutual Fund Banking Fund - Direct Plan - Growth | Quant Mutual Fund Banking Fund - Direct Plan - Growth review | Banking mutual fund | Banking fund in India | Quant Mutual Fund Banking | best Banking funds | Quant Mutual Fund Banking Fund - Direct Plan - Growth NAV | Quant Mutual Fund Banking Fund - Direct Plan - Growth returns | Quant Mutual Fund Banking Fund - Direct Plan - Growth expense ratio | invest in Quant Mutual Fund Banking Fund - Direct Plan - Growth | Quant Mutual Fund Banking Fund - Direct Plan - Growth SIP | Banking investment 2025 | Quant Mutual Fund Banking Fund - Direct Plan - Growth vs Banking | top Banking funds India | Quant Mutual Fund Banking Fund - Direct Plan - Growth performance | Quant Mutual Fund Banking Fund - Direct Plan - Growth fund manager | Banking fund comparison | buy Quant Mutual Fund Banking Fund - Direct Plan - Growth online | Quant Mutual Fund Banking Fund - Direct Plan - Growth minimum investment | Banking fund returns India
Quant Mutual Fund Technology Fund - Regular Plan - Growth,Quant Mutual Fund,Technology,Sectoral - Technology,200370,15.38,8964.00,1.98,500,1000,-1.09,9.95,8.77,9.01,Nifty IT TRI,Very High,19.90,0.17,61,,,Aims to provide capital appreciation by investing in Technology securities,Equity: 91.00% | Forgn. Eq: 6.00% | T-Bills: 3.00%,Nil,Infosys Ltd. (18.5%) | Tata Consultancy Services Ltd. (15.2%) | Bharti Airtel Ltd. (12.4%) | HCL Technologies Ltd. (9.8%) | Wipro Ltd. (7.5%) | Tech Mahindra Ltd. (6.2%) | Coforge Ltd. (4.8%) | Mphasis Ltd. (4.2%) | Persistent Systems Ltd. (3.9%) | LTIMindtree Ltd. (3.5%),25-May-2026,07-Jul-2021,0%,LTCG 12.5% after 2 years for equity,999,Quant Mutual Fund Technology Fund - Regular Plan - Growth -,"Detailed review and analysis of Quant Mutual Fund Technology Fund - Regular Plan - Growth (Technology). Compare returns, expenses, holdings and risks. Start inv",Quant Mutual Fund Technology Fund - Regular Plan - Growth | Quant Mutual Fund Technology Fund - Regular Plan - Growth review | Technology mutual fund | Technology fund in India | Quant Mutual Fund Technology | best Technology funds | Quant Mutual Fund Technology Fund - Regular Plan - Growth NAV | Quant Mutual Fund Technology Fund - Regular Plan - Growth returns | Quant Mutual Fund Technology Fund - Regular Plan - Growth expense ratio | invest in Quant Mutual Fund Technology Fund - Regular Plan - Growth | Quant Mutual Fund Technology Fund - Regular Plan - Growth SIP | Technology investment 2025 | Quant Mutual Fund Technology Fund - Regular Plan - Growth vs Technology | top Technology funds India | Quant Mutual Fund Technology Fund - Regular Plan - Growth performance | Quant Mutual Fund Technology Fund - Regular Plan - Growth fund manager | Technology fund comparison | buy Quant Mutual Fund Technology Fund - Regular Plan - Growth online | Quant Mutual Fund Technology Fund - Regular Plan - Growth minimum investment | Technology fund returns India
Quant Mutual Fund Infrastructure Fund - Direct Plan - Growth,Quant Mutual Fund,Thematic,Thematic - Infrastructure,200371,55.3541,5482.40,0.92,500,1000,3.6,20.82,20.16,14.87,Nifty Infrastructure TRI,Very High,16.83,0.85,57,,,Aims to provide capital appreciation by investing in Thematic securities,Equity: 95.00% | T-Bills: 5.00%,Nil,HDFC Bank Ltd. (5.8%) | ICICI Bank Ltd. (5.2%) | Larsen & Toubro Ltd. (4.9%) | Reliance Industries Ltd. (4.5%) | Infosys Ltd. (4.1%) | Bharti Airtel Ltd. (3.8%) | Axis Bank Ltd. (3.5%) | State Bank of India (3.2%) | Tata Motors Ltd. (2.9%) | Adani Ports & SEZ Ltd. (2.6%),25-May-2026,03-Jan-2013,0%,LTCG 12.5% after 2 years for equity,999,Quant Mutual Fund Infrastructure Fund - Direct Plan - Growth,"Detailed review and analysis of Quant Mutual Fund Infrastructure Fund - Direct Plan - Growth (Thematic). Compare returns, expenses, holdings and risks. Start in",Quant Mutual Fund Infrastructure Fund - Direct Plan - Growth | Quant Mutual Fund Infrastructure Fund - Direct Plan - Growth review | Thematic mutual fund | Thematic fund in India | Quant Mutual Fund Thematic | best Thematic funds | Quant Mutual Fund Infrastructure Fund - Direct Plan - Growth NAV | Quant Mutual Fund Infrastructure Fund - Direct Plan - Growth returns | Quant Mutual Fund Infrastructure Fund - Direct Plan - Growth expense ratio | invest in Quant Mutual Fund Infrastructure Fund - Direct Plan - Growth | Quant Mutual Fund Infrastructure Fund - Direct Plan - Growth SIP | Thematic investment 2025 | Quant Mutual Fund Infrastructure Fund - Direct Plan - Growth vs Thematic | top Thematic funds India | Quant Mutual Fund Infrastructure Fund - Direct Plan - Growth performance | Quant Mutual Fund Infrastructure Fund - Direct Plan - Growth fund manager | Thematic fund comparison | buy Quant Mutual Fund Infrastructure Fund - Direct Plan - Growth online | Quant Mutual Fund Infrastructure Fund - Direct Plan - Growth minimum investment | Thematic fund returns India
Quant Mutual Fund Dividend Fund - Regular Plan - Growth,Quant Mutual Fund,Thematic,Thematic - Dividend Yield,200372,20.989,5486.80,1.92,500,1000,0.18,8.67,7.6,11.23,Nifty Dividend Opportunities 50 TRI,Moderate,16.86,0.13,58,,,Aims to provide capital appreciation by investing in Thematic securities,Equity: 95.00% | T-Bills: 5.00%,Nil,HDFC Bank Ltd. (5.8%) | ICICI Bank Ltd. (5.2%) | Larsen & Toubro Ltd. (4.9%) | Reliance Industries Ltd. (4.5%) | Infosys Ltd. (4.1%) | Bharti Airtel Ltd. (3.8%) | Axis Bank Ltd. (3.5%) | State Bank of India (3.2%) | Tata Motors Ltd. (2.9%) | Adani Ports & SEZ Ltd. (2.6%),25-May-2026,11-Jun-2019,0%,LTCG 12.5% after 2 years for equity,999,Quant Mutual Fund Dividend Fund - Regular Plan - Growth - Qu,"Detailed review and analysis of Quant Mutual Fund Dividend Fund - Regular Plan - Growth (Thematic). Compare returns, expenses, holdings and risks. Start investi",Quant Mutual Fund Dividend Fund - Regular Plan - Growth | Quant Mutual Fund Dividend Fund - Regular Plan - Growth review | Thematic mutual fund | Thematic fund in India | Quant Mutual Fund Thematic | best Thematic funds | Quant Mutual Fund Dividend Fund - Regular Plan - Growth NAV | Quant Mutual Fund Dividend Fund - Regular Plan - Growth returns | Quant Mutual Fund Dividend Fund - Regular Plan - Growth expense ratio | invest in Quant Mutual Fund Dividend Fund - Regular Plan - Growth | Quant Mutual Fund Dividend Fund - Regular Plan - Growth SIP | Thematic investment 2025 | Quant Mutual Fund Dividend Fund - Regular Plan - Growth vs Thematic | top Thematic funds India | Quant Mutual Fund Dividend Fund - Regular Plan - Growth performance | Quant Mutual Fund Dividend Fund - Regular Plan - Growth fund manager | Thematic fund comparison | buy Quant Mutual Fund Dividend Fund - Regular Plan - Growth online | Quant Mutual Fund Dividend Fund - Regular Plan - Growth minimum investment | Thematic fund returns India
Quant Mutual Fund Balanced Advantage Fund - Direct Plan - Growth,Quant Mutual Fund,Balanced Hybrid,Balanced Advantage Fund,200373,16.3854,14976.00,0.78,500,1000,3.08,12.3,,10.94,Nifty 50 Hybrid Composite Debt 65:35 Index,Moderately High,9.61,0.60,173,Gopal Agrawal; Srinivasan Ramamurthy,5.1 years,Aims to provide capital appreciation by investing in Balanced Hybrid securities,Equity: 65.00% | Debt: 30.00% | T-Bills: 5.00%,Nil,HDFC Bank Ltd. (6.8%) | ICICI Bank Ltd. (5.5%) | Reliance Industries Ltd. (4.5%) | 8.38% GOI 2027 (4.2%) | Infosys Ltd. (3.8%) | 7.26% GOI 2032 (3.5%) | Axis Bank Ltd. (3.2%) | Bharti Airtel Ltd. (2.9%) | Larsen & Toubro Ltd. (2.6%) | Tata Consultancy Services Ltd. (2.4%),25-May-2026,07-Sep-2021,0%,LTCG 12.5% after 2 years for equity,999,Quant Mutual Fund Balanced Advantage Fund - Direct Plan - Gr,"Detailed review and analysis of Quant Mutual Fund Balanced Advantage Fund - Direct Plan - Growth (Balanced Hybrid). Compare returns, expenses, holdings and risk",Quant Mutual Fund Balanced Advantage Fund - Direct Plan - Growth | Quant Mutual Fund Balanced Advantage Fund - Direct Plan - Growth review | Balanced Hybrid mutual fund | Balanced Hybrid fund in India | Quant Mutual Fund Balanced Hybrid | best Balanced Hybrid funds | Quant Mutual Fund Balanced Advantage Fund - Direct Plan - Growth NAV | Quant Mutual Fund Balanced Advantage Fund - Direct Plan - Growth returns | Quant Mutual Fund Balanced Advantage Fund - Direct Plan - Growth expense ratio | invest in Quant Mutual Fund Balanced Advantage Fund - Direct Plan - Growth | Quant Mutual Fund Balanced Advantage Fund - Direct Plan - Growth SIP | Balanced Hybrid investment 2025 | Quant Mutual Fund Balanced Advantage Fund - Direct Plan - Growth vs Balanced Hybrid | top Balanced Hybrid funds India | Quant Mutual Fund Balanced Advantage Fund - Direct Plan - Growth performance | Quant Mutual Fund Balanced Advantage Fund - Direct Plan - Growth fund manager | Balanced Hybrid fund comparison | buy Quant Mutual Fund Balanced Advantage Fund - Direct Plan - Growth online | Quant Mutual Fund Balanced Advantage Fund - Direct Plan - Growth minimum investment | Balanced Hybrid fund returns India
Quant Mutual Fund International Fund - Regular Plan - Growth,Quant Mutual Fund,International,Fund of Funds - Overseas,200374,11.612,3497.20,2.05,500,1000,,,,0.48,MSCI World Index,Very High,15.57,,24,,,Aims to provide capital appreciation by investing in International securities,Forgn. Eq: 95.00% | Cash & Equivalents: 5.00%,Nil,Apple Inc. (8.5%) | Microsoft Corp. (7.8%) | Alphabet Inc Class A (6.9%) | Amazon.com Inc. (5.2%) | NVIDIA Corp. (4.8%) | Meta Platforms Inc. (4.2%) | Tesla Inc. (3.9%) | Berkshire Hathaway Inc. (3.5%) | UnitedHealth Group Inc. (3.1%) | Johnson & Johnson (2.8%),25-May-2026,03-Apr-2006,0%,LTCG 12.5% after 2 years for equity,999,Quant Mutual Fund International Fund - Regular Plan - Growth,"Detailed review and analysis of Quant Mutual Fund International Fund - Regular Plan - Growth (International). Compare returns, expenses, holdings and risks. Sta",Quant Mutual Fund International Fund - Regular Plan - Growth | Quant Mutual Fund International Fund - Regular Plan - Growth review | International mutual fund | International fund in India | Quant Mutual Fund International | best International funds | Quant Mutual Fund International Fund - Regular Plan - Growth NAV | Quant Mutual Fund International Fund - Regular Plan - Growth returns | Quant Mutual Fund International Fund - Regular Plan - Growth expense ratio | invest in Quant Mutual Fund International Fund - Regular Plan - Growth | Quant Mutual Fund International Fund - Regular Plan - Growth SIP | International investment 2025 | Quant Mutual Fund International Fund - Regular Plan - Growth vs International | top International funds India | Quant Mutual Fund International Fund - Regular Plan - Growth performance | Quant Mutual Fund International Fund - Regular Plan - Growth fund manager | International fund comparison | buy Quant Mutual Fund International Fund - Regular Plan - Growth online | Quant Mutual Fund International Fund - Regular Plan - Growth minimum investment | International fund returns India
Quant Mutual Fund Energy Fund - Direct Plan - Growth,Quant Mutual Fund,Equity,Focused Fund,200375,22.088,12000.00,0.75,500,1000,0.9,9.45,8.38,12.05,Nifty 500 TRI,Moderate,14.38,0.21,48,,,Aims to provide capital appreciation by investing in Equity securities,Equity: 97.00% | T-Bills: 3.00%,Nil,HDFC Bank Ltd. (8.8%) | ICICI Bank Ltd. (7.5%) | Reliance Industries Ltd. (6.2%) | Infosys Ltd. (5.8%) | Axis Bank Ltd. (5.1%) | Larsen & Toubro Ltd. (4.5%) | Bharti Airtel Ltd. (4.1%) | Sun Pharmaceutical Industries Ltd. (3.8%) | Tata Consultancy Services Ltd. (3.5%) | State Bank of India (3.2%),25-May-2026,11-Jun-2019,0%,LTCG 12.5% after 2 years for equity,999,Quant Mutual Fund Energy Fund - Direct Plan - Growth - Quant,"Detailed review and analysis of Quant Mutual Fund Energy Fund - Direct Plan - Growth (Equity). Compare returns, expenses, holdings and risks. Start investing to",Quant Mutual Fund Energy Fund - Direct Plan - Growth | Quant Mutual Fund Energy Fund - Direct Plan - Growth review | Equity mutual fund | Equity fund in India | Quant Mutual Fund Equity | best Equity funds | Quant Mutual Fund Energy Fund - Direct Plan - Growth NAV | Quant Mutual Fund Energy Fund - Direct Plan - Growth returns | Quant Mutual Fund Energy Fund - Direct Plan - Growth expense ratio | invest in Quant Mutual Fund Energy Fund - Direct Plan - Growth | Quant Mutual Fund Energy Fund - Direct Plan - Growth SIP | Equity investment 2025 | Quant Mutual Fund Energy Fund - Direct Plan - Growth vs Equity | top Equity funds India | Quant Mutual Fund Energy Fund - Direct Plan - Growth performance | Quant Mutual Fund Energy Fund - Direct Plan - Growth fund manager | Equity fund comparison | buy Quant Mutual Fund Energy Fund - Direct Plan - Growth online | Quant Mutual Fund Energy Fund - Direct Plan - Growth minimum investment | Equity fund returns India
Quant Mutual Fund Pharma Fund - Regular Plan - Growth,Quant Mutual Fund,Pharma,Sectoral - Pharma & Healthcare,200376,20.989,5004.00,1.95,500,1000,0.18,8.67,7.6,11.23,Nifty Pharma TRI,Very High,16.58,0.13,60,,,Aims to provide capital appreciation by investing in Pharma securities,Equity: 96.00% | T-Bills: 4.00%,Nil,Sun Pharmaceutical Industries Ltd. (20.5%) | Dr. Reddy's Laboratories Ltd. (12.8%) | Cipla Ltd. (10.4%) | Divi's Laboratories Ltd. (9.8%) | Torrent Pharmaceuticals Ltd. (7.2%) | Aurobindo Pharma Ltd. (5.8%) | Alkem Laboratories Ltd. (5.2%) | Lupin Ltd. (4.9%) | Ipca Laboratories Ltd. (3.8%) | Mankind Pharma Ltd. (3.5%),25-May-2026,11-Jun-2019,0%,LTCG 12.5% after 2 years for equity,999,Quant Mutual Fund Pharma Fund - Regular Plan - Growth - Quan,"Detailed review and analysis of Quant Mutual Fund Pharma Fund - Regular Plan - Growth (Pharma). Compare returns, expenses, holdings and risks. Start investing t",Quant Mutual Fund Pharma Fund - Regular Plan - Growth | Quant Mutual Fund Pharma Fund - Regular Plan - Growth review | Pharma mutual fund | Pharma fund in India | Quant Mutual Fund Pharma | best Pharma funds | Quant Mutual Fund Pharma Fund - Regular Plan - Growth NAV | Quant Mutual Fund Pharma Fund - Regular Plan - Growth returns | Quant Mutual Fund Pharma Fund - Regular Plan - Growth expense ratio | invest in Quant Mutual Fund Pharma Fund - Regular Plan - Growth | Quant Mutual Fund Pharma Fund - Regular Plan - Growth SIP | Pharma investment 2025 | Quant Mutual Fund Pharma Fund - Regular Plan - Growth vs Pharma | top Pharma funds India | Quant Mutual Fund Pharma Fund - Regular Plan - Growth performance | Quant Mutual Fund Pharma Fund - Regular Plan - Growth fund manager | Pharma fund comparison | buy Quant Mutual Fund Pharma Fund - Regular Plan - Growth online | Quant Mutual Fund Pharma Fund - Regular Plan - Growth minimum investment | Pharma fund returns India
Quant Mutual Fund Auto Fund - Direct Plan - Growth,Quant Mutual Fund,Sectoral,Sectoral - Automotive,200377,22.088,4507.20,0.98,500,1000,0.9,9.45,8.38,12.05,Nifty Auto TRI,Moderate,18.45,0.16,71,,,Aims to provide capital appreciation by investing in Sectoral securities,Equity: 96.00% | T-Bills: 4.00%,Nil,HDFC Bank Ltd. (8.5%) | ICICI Bank Ltd. (7.2%) | State Bank of India (5.8%) | Axis Bank Ltd. (5.2%) | Kotak Mahindra Bank Ltd. (4.9%) | IndusInd Bank Ltd. (4.5%) | Infosys Ltd. (4.1%) | TCS Ltd. (3.8%) | Bharti Airtel Ltd. (3.5%) | Reliance Industries Ltd. (3.2%),25-May-2026,11-Jun-2019,0%,LTCG 12.5% after 2 years for equity,999,Quant Mutual Fund Auto Fund - Direct Plan - Growth - Quant M,"Detailed review and analysis of Quant Mutual Fund Auto Fund - Direct Plan - Growth (Sectoral). Compare returns, expenses, holdings and risks. Start investing to",Quant Mutual Fund Auto Fund - Direct Plan - Growth | Quant Mutual Fund Auto Fund - Direct Plan - Growth review | Sectoral mutual fund | Sectoral fund in India | Quant Mutual Fund Sectoral | best Sectoral funds | Quant Mutual Fund Auto Fund - Direct Plan - Growth NAV | Quant Mutual Fund Auto Fund - Direct Plan - Growth returns | Quant Mutual Fund Auto Fund - Direct Plan - Growth expense ratio | invest in Quant Mutual Fund Auto Fund - Direct Plan - Growth | Quant Mutual Fund Auto Fund - Direct Plan - Growth SIP | Sectoral investment 2025 | Quant Mutual Fund Auto Fund - Direct Plan - Growth vs Sectoral | top Sectoral funds India | Quant Mutual Fund Auto Fund - Direct Plan - Growth performance | Quant Mutual Fund Auto Fund - Direct Plan - Growth fund manager | Sectoral fund comparison | buy Quant Mutual Fund Auto Fund - Direct Plan - Growth online | Quant Mutual Fund Auto Fund - Direct Plan - Growth minimum investment | Sectoral fund returns India
Quant Mutual Fund Manufacturing Fund - Regular Plan - Growth,Quant Mutual Fund,Equity,Focused Fund,200378,15.5444,12028.80,1.75,500,1000,6.5,15.79,,17.24,Nifty 500 TRI,Moderate,14.44,0.64,48,,,Aims to provide capital appreciation by investing in Equity securities,Equity: 97.00% | T-Bills: 3.00%,Nil,HDFC Bank Ltd. (8.8%) | ICICI Bank Ltd. (7.5%) | Reliance Industries Ltd. (6.2%) | Infosys Ltd. (5.8%) | Axis Bank Ltd. (5.1%) | Larsen & Toubro Ltd. (4.5%) | Bharti Airtel Ltd. (4.1%) | Sun Pharmaceutical Industries Ltd. (3.8%) | Tata Consultancy Services Ltd. (3.5%) | State Bank of India (3.2%),25-May-2026,16-Aug-2023,0%,LTCG 12.5% after 2 years for equity,999,Quant Mutual Fund Manufacturing Fund - Regular Plan - Growth,"Detailed review and analysis of Quant Mutual Fund Manufacturing Fund - Regular Plan - Growth (Equity). Compare returns, expenses, holdings and risks. Start inve",Quant Mutual Fund Manufacturing Fund - Regular Plan - Growth | Quant Mutual Fund Manufacturing Fund - Regular Plan - Growth review | Equity mutual fund | Equity fund in India | Quant Mutual Fund Equity | best Equity funds | Quant Mutual Fund Manufacturing Fund - Regular Plan - Growth NAV | Quant Mutual Fund Manufacturing Fund - Regular Plan - Growth returns | Quant Mutual Fund Manufacturing Fund - Regular Plan - Growth expense ratio | invest in Quant Mutual Fund Manufacturing Fund - Regular Plan - Growth | Quant Mutual Fund Manufacturing Fund - Regular Plan - Growth SIP | Equity investment 2025 | Quant Mutual Fund Manufacturing Fund - Regular Plan - Growth vs Equity | top Equity funds India | Quant Mutual Fund Manufacturing Fund - Regular Plan - Growth performance | Quant Mutual Fund Manufacturing Fund - Regular Plan - Growth fund manager | Equity fund comparison | buy Quant Mutual Fund Manufacturing Fund - Regular Plan - Growth online | Quant Mutual Fund Manufacturing Fund - Regular Plan - Growth minimum investment | Equity fund returns India
Navi Mutual Fund Large Cap Fund - Direct Plan - Growth,Navi Mutual Fund,Large Cap,Large Cap Fund,200379,497.217,25080.00,0.52,500,1000,-4.02,14.7,12.03,11.65,Nifty 50,Very High,12.72,0.64,30,Sonam Udasi; Amey Sathe,9.2 years,Aims to provide capital appreciation by investing in Large Cap securities,Equity: 96.00% | T-Bills: 4.00%,Nil,HDFC Bank Ltd. (8.5%) | ICICI Bank Ltd. (7.8%) | Reliance Industries Ltd. (6.9%) | Infosys Ltd. (5.2%) | Larsen & Toubro Ltd. (4.8%) | Axis Bank Ltd. (3.9%) | Tata Consultancy Services Ltd. (3.7%) | Bharti Airtel Ltd. (3.4%) | State Bank of India (3.1%) | ITC Ltd. (2.8%),25-May-2026,02-Jan-2013,0%,LTCG 12.5% after 2 years for equity,999,Navi Mutual Fund Large Cap Fund - Direct Plan - Growth - Nav,"Detailed review and analysis of Navi Mutual Fund Large Cap Fund - Direct Plan - Growth (Large Cap). Compare returns, expenses, holdings and risks. Start investi",Navi Mutual Fund Large Cap Fund - Direct Plan - Growth | Navi Mutual Fund Large Cap Fund - Direct Plan - Growth review | Large Cap mutual fund | Large Cap fund in India | Navi Mutual Fund Large Cap | best Large Cap funds | Navi Mutual Fund Large Cap Fund - Direct Plan - Growth NAV | Navi Mutual Fund Large Cap Fund - Direct Plan - Growth returns | Navi Mutual Fund Large Cap Fund - Direct Plan - Growth expense ratio | invest in Navi Mutual Fund Large Cap Fund - Direct Plan - Growth | Navi Mutual Fund Large Cap Fund - Direct Plan - Growth SIP | Large Cap investment 2025 | Navi Mutual Fund Large Cap Fund - Direct Plan - Growth vs Large Cap | top Large Cap funds India | Navi Mutual Fund Large Cap Fund - Direct Plan - Growth performance | Navi Mutual Fund Large Cap Fund - Direct Plan - Growth fund manager | Large Cap fund comparison | buy Navi Mutual Fund Large Cap Fund - Direct Plan - Growth online | Navi Mutual Fund Large Cap Fund - Direct Plan - Growth minimum investment | Large Cap fund returns India
Navi Mutual Fund Mid Cap Fund - Regular Plan - Growth,Navi Mutual Fund,Mid Cap,Mid Cap Fund,200380,23.4744,15060.00,1.75,500,1000,5.27,11.57,11.45,11.43,Nifty Midcap 150 TRI,Very High,16.64,0.30,43,Chirag Setalvad; Dhruv Muchhal,13.4 years,Aims to provide capital appreciation by investing in Mid Cap securities,Equity: 94.00% | T-Bills: 6.00%,Nil,Voltas Ltd. (3.8%) | Mphasis Ltd. (3.5%) | Coforge Ltd. (3.2%) | Sundram Fasteners Ltd. (2.9%) | Persistent Systems Ltd. (2.7%) | Zydus Lifesciences Ltd. (2.5%) | Crompton Greaves Consumer Electricals Ltd. (2.4%) | Oberoi Realty Ltd. (2.2%) | Tube Investments of India Ltd. (2.1%) | Emami Ltd. (2.0%),25-May-2026,10-Jul-2018,0%,LTCG 12.5% after 2 years for equity,999,Navi Mutual Fund Mid Cap Fund - Regular Plan - Growth - Navi,"Detailed review and analysis of Navi Mutual Fund Mid Cap Fund - Regular Plan - Growth (Mid Cap). Compare returns, expenses, holdings and risks. Start investing ",Navi Mutual Fund Mid Cap Fund - Regular Plan - Growth | Navi Mutual Fund Mid Cap Fund - Regular Plan - Growth review | Mid Cap mutual fund | Mid Cap fund in India | Navi Mutual Fund Mid Cap | best Mid Cap funds | Navi Mutual Fund Mid Cap Fund - Regular Plan - Growth NAV | Navi Mutual Fund Mid Cap Fund - Regular Plan - Growth returns | Navi Mutual Fund Mid Cap Fund - Regular Plan - Growth expense ratio | invest in Navi Mutual Fund Mid Cap Fund - Regular Plan - Growth | Navi Mutual Fund Mid Cap Fund - Regular Plan - Growth SIP | Mid Cap investment 2025 | Navi Mutual Fund Mid Cap Fund - Regular Plan - Growth vs Mid Cap | top Mid Cap funds India | Navi Mutual Fund Mid Cap Fund - Regular Plan - Growth performance | Navi Mutual Fund Mid Cap Fund - Regular Plan - Growth fund manager | Mid Cap fund comparison | buy Navi Mutual Fund Mid Cap Fund - Regular Plan - Growth online | Navi Mutual Fund Mid Cap Fund - Regular Plan - Growth minimum investment | Mid Cap fund returns India
Navi Mutual Fund Small Cap Fund - Direct Plan - Growth,Navi Mutual Fund,Small Cap,Small Cap Fund,200381,226.029,12057.60,0.82,500,1000,9.07,20.44,18.91,20.97,Nifty Smallcap 250 TRI,Very High,19.49,0.72,35,R. Srinivasan,10.2 years,Aims to provide capital appreciation by investing in Small Cap securities,Equity: 91.00% | Cash & Equivalents: 9.00%,Nil,Aarti Drugs Ltd. (3.2%) | Hatsun Agro Product Ltd. (2.9%) | National Aluminium Company Ltd. (2.7%) | VST Tillers Tractors Ltd. (2.5%) | Repco Home Finance Ltd. (2.3%) | RACL Geartech Ltd. (2.1%) | Neuland Laboratories Ltd. (2.0%) | Mold-Tek Packaging Ltd. (1.9%) | NIIT Learning Systems Ltd. (1.8%) | Nuvama Wealth Management Ltd. (1.7%),25-May-2026,02-Jan-2013,0%,LTCG 12.5% after 2 years for equity,999,Navi Mutual Fund Small Cap Fund - Direct Plan - Growth - Nav,"Detailed review and analysis of Navi Mutual Fund Small Cap Fund - Direct Plan - Growth (Small Cap). Compare returns, expenses, holdings and risks. Start investi",Navi Mutual Fund Small Cap Fund - Direct Plan - Growth | Navi Mutual Fund Small Cap Fund - Direct Plan - Growth review | Small Cap mutual fund | Small Cap fund in India | Navi Mutual Fund Small Cap | best Small Cap funds | Navi Mutual Fund Small Cap Fund - Direct Plan - Growth NAV | Navi Mutual Fund Small Cap Fund - Direct Plan - Growth returns | Navi Mutual Fund Small Cap Fund - Direct Plan - Growth expense ratio | invest in Navi Mutual Fund Small Cap Fund - Direct Plan - Growth | Navi Mutual Fund Small Cap Fund - Direct Plan - Growth SIP | Small Cap investment 2025 | Navi Mutual Fund Small Cap Fund - Direct Plan - Growth vs Small Cap | top Small Cap funds India | Navi Mutual Fund Small Cap Fund - Direct Plan - Growth performance | Navi Mutual Fund Small Cap Fund - Direct Plan - Growth fund manager | Small Cap fund comparison | buy Navi Mutual Fund Small Cap Fund - Direct Plan - Growth online | Navi Mutual Fund Small Cap Fund - Direct Plan - Growth minimum investment | Small Cap fund returns India
Navi Mutual Fund Multi Cap Fund - Regular Plan - Growth,Navi Mutual Fund,Multi Cap,Multi Cap Fund,200382,19.0138,18100.80,1.68,500,1000,5.23,20.86,11.52,21.47,Nifty 500 Multicap 50:25:25 TRI,Very High,15.00,0.96,52,Gopal Agrawal; Atul Zabhade,3.2 years,Aims to provide capital appreciation by investing in Multi Cap securities,Equity: 97.00% | T-Bills: 3.00%,Nil,HDFC Bank Ltd. (6.5%) | ICICI Bank Ltd. (5.8%) | Reliance Industries Ltd. (4.9%) | Infosys Ltd. (4.2%) | Axis Bank Ltd. (3.6%) | Larsen & Toubro Ltd. (3.2%) | Tata Consultancy Services Ltd. (2.9%) | Bharti Airtel Ltd. (2.7%) | State Bank of India (2.4%) | Sun Pharmaceutical Industries Ltd. (2.2%),25-May-2026,03-Feb-2023,0%,LTCG 12.5% after 2 years for equity,999,Navi Mutual Fund Multi Cap Fund - Regular Plan - Growth - Na,"Detailed review and analysis of Navi Mutual Fund Multi Cap Fund - Regular Plan - Growth (Multi Cap). Compare returns, expenses, holdings and risks. Start invest",Navi Mutual Fund Multi Cap Fund - Regular Plan - Growth | Navi Mutual Fund Multi Cap Fund - Regular Plan - Growth review | Multi Cap mutual fund | Multi Cap fund in India | Navi Mutual Fund Multi Cap | best Multi Cap funds | Navi Mutual Fund Multi Cap Fund - Regular Plan - Growth NAV | Navi Mutual Fund Multi Cap Fund - Regular Plan - Growth returns | Navi Mutual Fund Multi Cap Fund - Regular Plan - Growth expense ratio | invest in Navi Mutual Fund Multi Cap Fund - Regular Plan - Growth | Navi Mutual Fund Multi Cap Fund - Regular Plan - Growth SIP | Multi Cap investment 2025 | Navi Mutual Fund Multi Cap Fund - Regular Plan - Growth vs Multi Cap | top Multi Cap funds India | Navi Mutual Fund Multi Cap Fund - Regular Plan - Growth performance | Navi Mutual Fund Multi Cap Fund - Regular Plan - Growth fund manager | Multi Cap fund comparison | buy Navi Mutual Fund Multi Cap Fund - Regular Plan - Growth online | Navi Mutual Fund Multi Cap Fund - Regular Plan - Growth minimum investment | Multi Cap fund returns India
Navi Mutual Fund Flexi Cap Fund - Direct Plan - Growth,Navi Mutual Fund,Flexi Cap,Flexi Cap Fund,200383,27.3633,14089.60,0.72,500,1000,7.09,13.61,13.53,13.62,Nifty 500 TRI,Very High,14.23,0.50,47,Roshi Jain; Gopal Agrawal,3.8 years,Aims to provide capital appreciation by investing in Flexi Cap securities,Equity: 95.00% | T-Bills: 5.00%,Nil,HDFC Bank Ltd. (8.2%) | ICICI Bank Ltd. (6.9%) | Infosys Ltd. (5.5%) | Reliance Industries Ltd. (5.1%) | Axis Bank Ltd. (4.2%) | Larsen & Toubro Ltd. (3.8%) | Tata Consultancy Services Ltd. (3.4%) | Bharti Airtel Ltd. (3.1%) | Sun Pharmaceutical Industries Ltd. (2.8%) | Kotak Mahindra Bank Ltd. (2.5%),25-May-2026,10-Jul-2018,0%,LTCG 12.5% after 2 years for equity,999,Navi Mutual Fund Flexi Cap Fund - Direct Plan - Growth - Nav,"Detailed review and analysis of Navi Mutual Fund Flexi Cap Fund - Direct Plan - Growth (Flexi Cap). Compare returns, expenses, holdings and risks. Start investi",Navi Mutual Fund Flexi Cap Fund - Direct Plan - Growth | Navi Mutual Fund Flexi Cap Fund - Direct Plan - Growth review | Flexi Cap mutual fund | Flexi Cap fund in India | Navi Mutual Fund Flexi Cap | best Flexi Cap funds | Navi Mutual Fund Flexi Cap Fund - Direct Plan - Growth NAV | Navi Mutual Fund Flexi Cap Fund - Direct Plan - Growth returns | Navi Mutual Fund Flexi Cap Fund - Direct Plan - Growth expense ratio | invest in Navi Mutual Fund Flexi Cap Fund - Direct Plan - Growth | Navi Mutual Fund Flexi Cap Fund - Direct Plan - Growth SIP | Flexi Cap investment 2025 | Navi Mutual Fund Flexi Cap Fund - Direct Plan - Growth vs Flexi Cap | top Flexi Cap funds India | Navi Mutual Fund Flexi Cap Fund - Direct Plan - Growth performance | Navi Mutual Fund Flexi Cap Fund - Direct Plan - Growth fund manager | Flexi Cap fund comparison | buy Navi Mutual Fund Flexi Cap Fund - Direct Plan - Growth online | Navi Mutual Fund Flexi Cap Fund - Direct Plan - Growth minimum investment | Flexi Cap fund returns India
Navi Mutual Fund ELSS Tax Saver Fund - Regular Plan - Growth,Navi Mutual Fund,ELSS,ELSS (Tax Saving),200384,134.992,10072.00,1.85,500,1000,-2.88,16.38,13.7,14.2,Nifty 500 TRI,Very High,15.35,0.64,39,Milind Agrawal,0.4 years,Aims to provide capital appreciation by investing in ELSS securities,Equity: 96.00% | T-Bills: 4.00%,Nil,ICICI Bank Ltd. (8.5%) | HDFC Bank Ltd. (7.2%) | Infosys Ltd. (5.8%) | Reliance Industries Ltd. (5.2%) | Axis Bank Ltd. (4.9%) | Kotak Mahindra Bank Ltd. (4.3%) | Sun Pharmaceutical Industries Ltd. (3.9%) | Bharti Airtel Ltd. (3.5%) | Larsen & Toubro Ltd. (3.2%) | Tata Consultancy Services Ltd. (2.9%),25-May-2026,22-Jan-2007,0%,LTCG 12.5% after 2 years for equity,999,Navi Mutual Fund ELSS Tax Saver Fund - Regular Plan - Growth,"Detailed review and analysis of Navi Mutual Fund ELSS Tax Saver Fund - Regular Plan - Growth (ELSS). Compare returns, expenses, holdings and risks. Start invest",Navi Mutual Fund ELSS Tax Saver Fund - Regular Plan - Growth | Navi Mutual Fund ELSS Tax Saver Fund - Regular Plan - Growth review | ELSS mutual fund | ELSS fund in India | Navi Mutual Fund ELSS | best ELSS funds | Navi Mutual Fund ELSS Tax Saver Fund - Regular Plan - Growth NAV | Navi Mutual Fund ELSS Tax Saver Fund - Regular Plan - Growth returns | Navi Mutual Fund ELSS Tax Saver Fund - Regular Plan - Growth expense ratio | invest in Navi Mutual Fund ELSS Tax Saver Fund - Regular Plan - Growth | Navi Mutual Fund ELSS Tax Saver Fund - Regular Plan - Growth SIP | ELSS investment 2025 | Navi Mutual Fund ELSS Tax Saver Fund - Regular Plan - Growth vs ELSS | top ELSS funds India | Navi Mutual Fund ELSS Tax Saver Fund - Regular Plan - Growth performance | Navi Mutual Fund ELSS Tax Saver Fund - Regular Plan - Growth fund manager | ELSS fund comparison | buy Navi Mutual Fund ELSS Tax Saver Fund - Regular Plan - Growth online | Navi Mutual Fund ELSS Tax Saver Fund - Regular Plan - Growth minimum investment | ELSS fund returns India
Navi Mutual Fund Liquid Fund - Direct Plan - Growth,Navi Mutual Fund,Liquid Fund,Liquid Fund,200385,5622.7852,45360.00,0.12,500,1000,6.17,6.93,6.11,50.63,NIFTY Liquid Index,Low,0.13,3.31,285,,,Aims to provide capital appreciation by investing in Liquid Fund securities,T-Bills: 65.00% | CD: 20.00% | CP: 10.00% | Cash: 5.00%,Nil,State Bank of India CD (8.5%) | HDFC Bank CD (7.2%) | Reliance Industries T-Bills (6.8%) | ICICI Bank CP (5.9%) | 182-Day T-Bill (5.5%) | National Bank For Agriculture And Rural Development (5.2%) | 91-Day T-Bill (4.8%) | Kotak Mahindra Bank CD (4.5%) | Axis Bank CP (4.1%) | Power Finance Corporation (3.8%),25-May-2026,01-Jan-2013,0%,LTCG 12.5% after 2 years for equity,999,Navi Mutual Fund Liquid Fund - Direct Plan - Growth - Navi M,"Detailed review and analysis of Navi Mutual Fund Liquid Fund - Direct Plan - Growth (Liquid Fund). Compare returns, expenses, holdings and risks. Start investin",Navi Mutual Fund Liquid Fund - Direct Plan - Growth | Navi Mutual Fund Liquid Fund - Direct Plan - Growth review | Liquid Fund mutual fund | Liquid Fund fund in India | Navi Mutual Fund Liquid Fund | best Liquid Fund funds | Navi Mutual Fund Liquid Fund - Direct Plan - Growth NAV | Navi Mutual Fund Liquid Fund - Direct Plan - Growth returns | Navi Mutual Fund Liquid Fund - Direct Plan - Growth expense ratio | invest in Navi Mutual Fund Liquid Fund - Direct Plan - Growth | Navi Mutual Fund Liquid Fund - Direct Plan - Growth SIP | Liquid Fund investment 2025 | Navi Mutual Fund Liquid Fund - Direct Plan - Growth vs Liquid Fund | top Liquid Fund funds India | Navi Mutual Fund Liquid Fund - Direct Plan - Growth performance | Navi Mutual Fund Liquid Fund - Direct Plan - Growth fund manager | Liquid Fund fund comparison | buy Navi Mutual Fund Liquid Fund - Direct Plan - Growth online | Navi Mutual Fund Liquid Fund - Direct Plan - Growth minimum investment | Liquid Fund fund returns India
Navi Mutual Fund Debt Fund - Regular Plan - Growth,Navi Mutual Fund,Debt,Short Duration Fund,200386,10,8070.40,1.05,500,1000,0,0,0.02,-0.16,CRISIL Composite Bond Fund Index,Moderate,3.56,-2.9,234,,,Aims to provide capital appreciation by investing in Debt securities,Debenture: 40.00% | SDL: 30.00% | T-Bills: 20.00% | GOI Sec: 10.00%,Nil,National Bank For Agriculture And Rural Development (5.8%) | Power Finance Corporation Ltd. (5.2%) | Rural Electrification Corporation Ltd. (4.9%) | 7.26% GOI 2032 (4.5%) | State Bank of India (4.1%) | National Highways Authority of India (3.8%) | Housing Development Finance Corporation Ltd. (3.5%) | Indian Railway Finance Corporation Ltd. (3.2%) | HDFC Bank Ltd. (2.9%) | Bajaj Finance Ltd. (2.5%),25-May-2026,02-Apr-2006,0%,LTCG 12.5% after 2 years for equity,999,Navi Mutual Fund Debt Fund - Regular Plan - Growth - Navi Mu,"Detailed review and analysis of Navi Mutual Fund Debt Fund - Regular Plan - Growth (Debt). Compare returns, expenses, holdings and risks. Start investing today.",Navi Mutual Fund Debt Fund - Regular Plan - Growth | Navi Mutual Fund Debt Fund - Regular Plan - Growth review | Debt mutual fund | Debt fund in India | Navi Mutual Fund Debt | best Debt funds | Navi Mutual Fund Debt Fund - Regular Plan - Growth NAV | Navi Mutual Fund Debt Fund - Regular Plan - Growth returns | Navi Mutual Fund Debt Fund - Regular Plan - Growth expense ratio | invest in Navi Mutual Fund Debt Fund - Regular Plan - Growth | Navi Mutual Fund Debt Fund - Regular Plan - Growth SIP | Debt investment 2025 | Navi Mutual Fund Debt Fund - Regular Plan - Growth vs Debt | top Debt funds India | Navi Mutual Fund Debt Fund - Regular Plan - Growth performance | Navi Mutual Fund Debt Fund - Regular Plan - Growth fund manager | Debt fund comparison | buy Navi Mutual Fund Debt Fund - Regular Plan - Growth online | Navi Mutual Fund Debt Fund - Regular Plan - Growth minimum investment | Debt fund returns India
Navi Mutual Fund Banking Fund - Direct Plan - Growth,Navi Mutual Fund,Banking,Sectoral - Banking & Financial Services,200387,10.8119,7067.20,0.92,500,1000,0,0,0.05,0.2,Nifty Bank TRI,Very High,17.54,-2.43,58,,,Aims to provide capital appreciation by investing in Banking securities,Equity: 97.00% | T-Bills: 3.00%,Nil,HDFC Bank Ltd. (22.5%) | ICICI Bank Ltd. (19.8%) | State Bank of India (12.4%) | Axis Bank Ltd. (10.8%) | Kotak Mahindra Bank Ltd. (8.5%) | Bank of Baroda (5.2%) | IndusInd Bank Ltd. (4.8%) | Federal Bank Ltd. (3.9%) | AU Small Finance Bank Ltd. (3.5%) | Punjab National Bank (2.8%),25-May-2026,03-Apr-2006,0%,LTCG 12.5% after 2 years for equity,999,Navi Mutual Fund Banking Fund - Direct Plan - Growth - Navi,"Detailed review and analysis of Navi Mutual Fund Banking Fund - Direct Plan - Growth (Banking). Compare returns, expenses, holdings and risks. Start investing t",Navi Mutual Fund Banking Fund - Direct Plan - Growth | Navi Mutual Fund Banking Fund - Direct Plan - Growth review | Banking mutual fund | Banking fund in India | Navi Mutual Fund Banking | best Banking funds | Navi Mutual Fund Banking Fund - Direct Plan - Growth NAV | Navi Mutual Fund Banking Fund - Direct Plan - Growth returns | Navi Mutual Fund Banking Fund - Direct Plan - Growth expense ratio | invest in Navi Mutual Fund Banking Fund - Direct Plan - Growth | Navi Mutual Fund Banking Fund - Direct Plan - Growth SIP | Banking investment 2025 | Navi Mutual Fund Banking Fund - Direct Plan - Growth vs Banking | top Banking funds India | Navi Mutual Fund Banking Fund - Direct Plan - Growth performance | Navi Mutual Fund Banking Fund - Direct Plan - Growth fund manager | Banking fund comparison | buy Navi Mutual Fund Banking Fund - Direct Plan - Growth online | Navi Mutual Fund Banking Fund - Direct Plan - Growth minimum investment | Banking fund returns India
Navi Mutual Fund Technology Fund - Regular Plan - Growth,Navi Mutual Fund,Technology,Sectoral - Technology,200388,11.612,9093.60,1.98,500,1000,0,0,0.02,0.48,Nifty IT TRI,Very High,20.53,-2.9,66,,,Aims to provide capital appreciation by investing in Technology securities,Equity: 91.00% | Forgn. Eq: 6.00% | T-Bills: 3.00%,Nil,Infosys Ltd. (18.5%) | Tata Consultancy Services Ltd. (15.2%) | Bharti Airtel Ltd. (12.4%) | HCL Technologies Ltd. (9.8%) | Wipro Ltd. (7.5%) | Tech Mahindra Ltd. (6.2%) | Coforge Ltd. (4.8%) | Mphasis Ltd. (4.2%) | Persistent Systems Ltd. (3.9%) | LTIMindtree Ltd. (3.5%),25-May-2026,03-Apr-2006,0%,LTCG 12.5% after 2 years for equity,999,Navi Mutual Fund Technology Fund - Regular Plan - Growth - N,"Detailed review and analysis of Navi Mutual Fund Technology Fund - Regular Plan - Growth (Technology). Compare returns, expenses, holdings and risks. Start inve",Navi Mutual Fund Technology Fund - Regular Plan - Growth | Navi Mutual Fund Technology Fund - Regular Plan - Growth review | Technology mutual fund | Technology fund in India | Navi Mutual Fund Technology | best Technology funds | Navi Mutual Fund Technology Fund - Regular Plan - Growth NAV | Navi Mutual Fund Technology Fund - Regular Plan - Growth returns | Navi Mutual Fund Technology Fund - Regular Plan - Growth expense ratio | invest in Navi Mutual Fund Technology Fund - Regular Plan - Growth | Navi Mutual Fund Technology Fund - Regular Plan - Growth SIP | Technology investment 2025 | Navi Mutual Fund Technology Fund - Regular Plan - Growth vs Technology | top Technology funds India | Navi Mutual Fund Technology Fund - Regular Plan - Growth performance | Navi Mutual Fund Technology Fund - Regular Plan - Growth fund manager | Technology fund comparison | buy Navi Mutual Fund Technology Fund - Regular Plan - Growth online | Navi Mutual Fund Technology Fund - Regular Plan - Growth minimum investment | Technology fund returns India
Navi Mutual Fund Infrastructure Fund - Direct Plan - Growth,Navi Mutual Fund,Thematic,Thematic - Infrastructure,200389,55.3541,5561.60,0.92,500,1000,3.6,20.82,20.16,14.87,Nifty Infrastructure TRI,Very High,17.37,0.82,64,,,Aims to provide capital appreciation by investing in Thematic securities,Equity: 95.00% | T-Bills: 5.00%,Nil,HDFC Bank Ltd. (5.8%) | ICICI Bank Ltd. (5.2%) | Larsen & Toubro Ltd. (4.9%) | Reliance Industries Ltd. (4.5%) | Infosys Ltd. (4.1%) | Bharti Airtel Ltd. (3.8%) | Axis Bank Ltd. (3.5%) | State Bank of India (3.2%) | Tata Motors Ltd. (2.9%) | Adani Ports & SEZ Ltd. (2.6%),25-May-2026,03-Jan-2013,0%,LTCG 12.5% after 2 years for equity,999,Navi Mutual Fund Infrastructure Fund - Direct Plan - Growth,"Detailed review and analysis of Navi Mutual Fund Infrastructure Fund - Direct Plan - Growth (Thematic). Compare returns, expenses, holdings and risks. Start inv",Navi Mutual Fund Infrastructure Fund - Direct Plan - Growth | Navi Mutual Fund Infrastructure Fund - Direct Plan - Growth review | Thematic mutual fund | Thematic fund in India | Navi Mutual Fund Thematic | best Thematic funds | Navi Mutual Fund Infrastructure Fund - Direct Plan - Growth NAV | Navi Mutual Fund Infrastructure Fund - Direct Plan - Growth returns | Navi Mutual Fund Infrastructure Fund - Direct Plan - Growth expense ratio | invest in Navi Mutual Fund Infrastructure Fund - Direct Plan - Growth | Navi Mutual Fund Infrastructure Fund - Direct Plan - Growth SIP | Thematic investment 2025 | Navi Mutual Fund Infrastructure Fund - Direct Plan - Growth vs Thematic | top Thematic funds India | Navi Mutual Fund Infrastructure Fund - Direct Plan - Growth performance | Navi Mutual Fund Infrastructure Fund - Direct Plan - Growth fund manager | Thematic fund comparison | buy Navi Mutual Fund Infrastructure Fund - Direct Plan - Growth online | Navi Mutual Fund Infrastructure Fund - Direct Plan - Growth minimum investment | Thematic fund returns India
Navi Mutual Fund Dividend Fund - Regular Plan - Growth,Navi Mutual Fund,Thematic,Thematic - Dividend Yield,200390,10.8119,5566.00,1.92,500,1000,0,0,0.02,0.2,Nifty Dividend Opportunities 50 TRI,Moderate,17.40,-2.9,64,,,Aims to provide capital appreciation by investing in Thematic securities,Equity: 95.00% | T-Bills: 5.00%,Nil,HDFC Bank Ltd. (5.8%) | ICICI Bank Ltd. (5.2%) | Larsen & Toubro Ltd. (4.9%) | Reliance Industries Ltd. (4.5%) | Infosys Ltd. (4.1%) | Bharti Airtel Ltd. (3.8%) | Axis Bank Ltd. (3.5%) | State Bank of India (3.2%) | Tata Motors Ltd. (2.9%) | Adani Ports & SEZ Ltd. (2.6%),25-May-2026,03-Apr-2006,0%,LTCG 12.5% after 2 years for equity,999,Navi Mutual Fund Dividend Fund - Regular Plan - Growth - Nav,"Detailed review and analysis of Navi Mutual Fund Dividend Fund - Regular Plan - Growth (Thematic). Compare returns, expenses, holdings and risks. Start investin",Navi Mutual Fund Dividend Fund - Regular Plan - Growth | Navi Mutual Fund Dividend Fund - Regular Plan - Growth review | Thematic mutual fund | Thematic fund in India | Navi Mutual Fund Thematic | best Thematic funds | Navi Mutual Fund Dividend Fund - Regular Plan - Growth NAV | Navi Mutual Fund Dividend Fund - Regular Plan - Growth returns | Navi Mutual Fund Dividend Fund - Regular Plan - Growth expense ratio | invest in Navi Mutual Fund Dividend Fund - Regular Plan - Growth | Navi Mutual Fund Dividend Fund - Regular Plan - Growth SIP | Thematic investment 2025 | Navi Mutual Fund Dividend Fund - Regular Plan - Growth vs Thematic | top Thematic funds India | Navi Mutual Fund Dividend Fund - Regular Plan - Growth performance | Navi Mutual Fund Dividend Fund - Regular Plan - Growth fund manager | Thematic fund comparison | buy Navi Mutual Fund Dividend Fund - Regular Plan - Growth online | Navi Mutual Fund Dividend Fund - Regular Plan - Growth minimum investment | Thematic fund returns India
Navi Mutual Fund Balanced Advantage Fund - Direct Plan - Growth,Navi Mutual Fund,Balanced Hybrid,Balanced Advantage Fund,200391,16.3854,15192.00,0.78,500,1000,3.08,12.3,0.05,10.94,Nifty 50 Hybrid Composite Debt 65:35 Index,Moderately High,9.94,0.58,191,Gopal Agrawal; Srinivasan Ramamurthy,5.1 years,Aims to provide capital appreciation by investing in Balanced Hybrid securities,Equity: 65.00% | Debt: 30.00% | T-Bills: 5.00%,Nil,HDFC Bank Ltd. (6.8%) | ICICI Bank Ltd. (5.5%) | Reliance Industries Ltd. (4.5%) | 8.38% GOI 2027 (4.2%) | Infosys Ltd. (3.8%) | 7.26% GOI 2032 (3.5%) | Axis Bank Ltd. (3.2%) | Bharti Airtel Ltd. (2.9%) | Larsen & Toubro Ltd. (2.6%) | Tata Consultancy Services Ltd. (2.4%),25-May-2026,07-Sep-2021,0%,LTCG 12.5% after 2 years for equity,999,Navi Mutual Fund Balanced Advantage Fund - Direct Plan - Gro,"Detailed review and analysis of Navi Mutual Fund Balanced Advantage Fund - Direct Plan - Growth (Balanced Hybrid). Compare returns, expenses, holdings and risks",Navi Mutual Fund Balanced Advantage Fund - Direct Plan - Growth | Navi Mutual Fund Balanced Advantage Fund - Direct Plan - Growth review | Balanced Hybrid mutual fund | Balanced Hybrid fund in India | Navi Mutual Fund Balanced Hybrid | best Balanced Hybrid funds | Navi Mutual Fund Balanced Advantage Fund - Direct Plan - Growth NAV | Navi Mutual Fund Balanced Advantage Fund - Direct Plan - Growth returns | Navi Mutual Fund Balanced Advantage Fund - Direct Plan - Growth expense ratio | invest in Navi Mutual Fund Balanced Advantage Fund - Direct Plan - Growth | Navi Mutual Fund Balanced Advantage Fund - Direct Plan - Growth SIP | Balanced Hybrid investment 2025 | Navi Mutual Fund Balanced Advantage Fund - Direct Plan - Growth vs Balanced Hybrid | top Balanced Hybrid funds India | Navi Mutual Fund Balanced Advantage Fund - Direct Plan - Growth performance | Navi Mutual Fund Balanced Advantage Fund - Direct Plan - Growth fund manager | Balanced Hybrid fund comparison | buy Navi Mutual Fund Balanced Advantage Fund - Direct Plan - Growth online | Navi Mutual Fund Balanced Advantage Fund - Direct Plan - Growth minimum investment | Balanced Hybrid fund returns India
Navi Mutual Fund International Fund - Regular Plan - Growth,Navi Mutual Fund,International,Fund of Funds - Overseas,200392,11.612,3547.60,2.05,500,1000,0,0,0.02,0.48,MSCI World Index,Very High,16.14,-2.9,26,,,Aims to provide capital appreciation by investing in International securities,Forgn. Eq: 95.00% | Cash & Equivalents: 5.00%,Nil,Apple Inc. (8.5%) | Microsoft Corp. (7.8%) | Alphabet Inc Class A (6.9%) | Amazon.com Inc. (5.2%) | NVIDIA Corp. (4.8%) | Meta Platforms Inc. (4.2%) | Tesla Inc. (3.9%) | Berkshire Hathaway Inc. (3.5%) | UnitedHealth Group Inc. (3.1%) | Johnson & Johnson (2.8%),25-May-2026,03-Apr-2006,0%,LTCG 12.5% after 2 years for equity,999,Navi Mutual Fund International Fund - Regular Plan - Growth,"Detailed review and analysis of Navi Mutual Fund International Fund - Regular Plan - Growth (International). Compare returns, expenses, holdings and risks. Star",Navi Mutual Fund International Fund - Regular Plan - Growth | Navi Mutual Fund International Fund - Regular Plan - Growth review | International mutual fund | International fund in India | Navi Mutual Fund International | best International funds | Navi Mutual Fund International Fund - Regular Plan - Growth NAV | Navi Mutual Fund International Fund - Regular Plan - Growth returns | Navi Mutual Fund International Fund - Regular Plan - Growth expense ratio | invest in Navi Mutual Fund International Fund - Regular Plan - Growth | Navi Mutual Fund International Fund - Regular Plan - Growth SIP | International investment 2025 | Navi Mutual Fund International Fund - Regular Plan - Growth vs International | top International funds India | Navi Mutual Fund International Fund - Regular Plan - Growth performance | Navi Mutual Fund International Fund - Regular Plan - Growth fund manager | International fund comparison | buy Navi Mutual Fund International Fund - Regular Plan - Growth online | Navi Mutual Fund International Fund - Regular Plan - Growth minimum investment | International fund returns India
Navi Mutual Fund Energy Fund - Direct Plan - Growth,Navi Mutual Fund,Equity,Focused Fund,200393,10.8119,12172.80,0.75,500,1000,0,0,0.05,0.2,Nifty 500 TRI,Moderate,14.79,-2.43,53,,,Aims to provide capital appreciation by investing in Equity securities,Equity: 97.00% | T-Bills: 3.00%,Nil,HDFC Bank Ltd. (8.8%) | ICICI Bank Ltd. (7.5%) | Reliance Industries Ltd. (6.2%) | Infosys Ltd. (5.8%) | Axis Bank Ltd. (5.1%) | Larsen & Toubro Ltd. (4.5%) | Bharti Airtel Ltd. (4.1%) | Sun Pharmaceutical Industries Ltd. (3.8%) | Tata Consultancy Services Ltd. (3.5%) | State Bank of India (3.2%),25-May-2026,03-Apr-2006,0%,LTCG 12.5% after 2 years for equity,999,Navi Mutual Fund Energy Fund - Direct Plan - Growth - Navi M,"Detailed review and analysis of Navi Mutual Fund Energy Fund - Direct Plan - Growth (Equity). Compare returns, expenses, holdings and risks. Start investing tod",Navi Mutual Fund Energy Fund - Direct Plan - Growth | Navi Mutual Fund Energy Fund - Direct Plan - Growth review | Equity mutual fund | Equity fund in India | Navi Mutual Fund Equity | best Equity funds | Navi Mutual Fund Energy Fund - Direct Plan - Growth NAV | Navi Mutual Fund Energy Fund - Direct Plan - Growth returns | Navi Mutual Fund Energy Fund - Direct Plan - Growth expense ratio | invest in Navi Mutual Fund Energy Fund - Direct Plan - Growth | Navi Mutual Fund Energy Fund - Direct Plan - Growth SIP | Equity investment 2025 | Navi Mutual Fund Energy Fund - Direct Plan - Growth vs Equity | top Equity funds India | Navi Mutual Fund Energy Fund - Direct Plan - Growth performance | Navi Mutual Fund Energy Fund - Direct Plan - Growth fund manager | Equity fund comparison | buy Navi Mutual Fund Energy Fund - Direct Plan - Growth online | Navi Mutual Fund Energy Fund - Direct Plan - Growth minimum investment | Equity fund returns India
Navi Mutual Fund Pharma Fund - Regular Plan - Growth,Navi Mutual Fund,Pharma,Sectoral - Pharma & Healthcare,200394,10.8119,5076.00,1.95,500,1000,0,0,0.02,0.2,Nifty Pharma TRI,Very High,17.12,-2.9,65,,,Aims to provide capital appreciation by investing in Pharma securities,Equity: 96.00% | T-Bills: 4.00%,Nil,Sun Pharmaceutical Industries Ltd. (20.5%) | Dr. Reddy's Laboratories Ltd. (12.8%) | Cipla Ltd. (10.4%) | Divi's Laboratories Ltd. (9.8%) | Torrent Pharmaceuticals Ltd. (7.2%) | Aurobindo Pharma Ltd. (5.8%) | Alkem Laboratories Ltd. (5.2%) | Lupin Ltd. (4.9%) | Ipca Laboratories Ltd. (3.8%) | Mankind Pharma Ltd. (3.5%),25-May-2026,03-Apr-2006,0%,LTCG 12.5% after 2 years for equity,999,Navi Mutual Fund Pharma Fund - Regular Plan - Growth - Navi,"Detailed review and analysis of Navi Mutual Fund Pharma Fund - Regular Plan - Growth (Pharma). Compare returns, expenses, holdings and risks. Start investing to",Navi Mutual Fund Pharma Fund - Regular Plan - Growth | Navi Mutual Fund Pharma Fund - Regular Plan - Growth review | Pharma mutual fund | Pharma fund in India | Navi Mutual Fund Pharma | best Pharma funds | Navi Mutual Fund Pharma Fund - Regular Plan - Growth NAV | Navi Mutual Fund Pharma Fund - Regular Plan - Growth returns | Navi Mutual Fund Pharma Fund - Regular Plan - Growth expense ratio | invest in Navi Mutual Fund Pharma Fund - Regular Plan - Growth | Navi Mutual Fund Pharma Fund - Regular Plan - Growth SIP | Pharma investment 2025 | Navi Mutual Fund Pharma Fund - Regular Plan - Growth vs Pharma | top Pharma funds India | Navi Mutual Fund Pharma Fund - Regular Plan - Growth performance | Navi Mutual Fund Pharma Fund - Regular Plan - Growth fund manager | Pharma fund comparison | buy Navi Mutual Fund Pharma Fund - Regular Plan - Growth online | Navi Mutual Fund Pharma Fund - Regular Plan - Growth minimum investment | Pharma fund returns India
Navi Mutual Fund Auto Fund - Direct Plan - Growth,Navi Mutual Fund,Sectoral,Sectoral - Automotive,200395,10,4572.00,0.98,500,1000,0,0,0.05,-0.16,Nifty Auto TRI,Moderate,19.07,-2.43,78,,,Aims to provide capital appreciation by investing in Sectoral securities,Equity: 96.00% | T-Bills: 4.00%,Nil,HDFC Bank Ltd. (8.5%) | ICICI Bank Ltd. (7.2%) | State Bank of India (5.8%) | Axis Bank Ltd. (5.2%) | Kotak Mahindra Bank Ltd. (4.9%) | IndusInd Bank Ltd. (4.5%) | Infosys Ltd. (4.1%) | TCS Ltd. (3.8%) | Bharti Airtel Ltd. (3.5%) | Reliance Industries Ltd. (3.2%),25-May-2026,02-Apr-2006,0%,LTCG 12.5% after 2 years for equity,999,Navi Mutual Fund Auto Fund - Direct Plan - Growth - Navi Mut,"Detailed review and analysis of Navi Mutual Fund Auto Fund - Direct Plan - Growth (Sectoral). Compare returns, expenses, holdings and risks. Start investing tod",Navi Mutual Fund Auto Fund - Direct Plan - Growth | Navi Mutual Fund Auto Fund - Direct Plan - Growth review | Sectoral mutual fund | Sectoral fund in India | Navi Mutual Fund Sectoral | best Sectoral funds | Navi Mutual Fund Auto Fund - Direct Plan - Growth NAV | Navi Mutual Fund Auto Fund - Direct Plan - Growth returns | Navi Mutual Fund Auto Fund - Direct Plan - Growth expense ratio | invest in Navi Mutual Fund Auto Fund - Direct Plan - Growth | Navi Mutual Fund Auto Fund - Direct Plan - Growth SIP | Sectoral investment 2025 | Navi Mutual Fund Auto Fund - Direct Plan - Growth vs Sectoral | top Sectoral funds India | Navi Mutual Fund Auto Fund - Direct Plan - Growth performance | Navi Mutual Fund Auto Fund - Direct Plan - Growth fund manager | Sectoral fund comparison | buy Navi Mutual Fund Auto Fund - Direct Plan - Growth online | Navi Mutual Fund Auto Fund - Direct Plan - Growth minimum investment | Sectoral fund returns India
Navi Mutual Fund Manufacturing Fund - Regular Plan - Growth,Navi Mutual Fund,Equity,Focused Fund,200396,14.86,12201.60,1.75,500,1000,10.24,22.11,13.39,17.3,Nifty 500 TRI,Moderate,14.86,0.95,54,,,Aims to provide capital appreciation by investing in Equity securities,Equity: 97.00% | T-Bills: 3.00%,Nil,HDFC Bank Ltd. (8.8%) | ICICI Bank Ltd. (7.5%) | Reliance Industries Ltd. (6.2%) | Infosys Ltd. (5.8%) | Axis Bank Ltd. (5.1%) | Larsen & Toubro Ltd. (4.5%) | Bharti Airtel Ltd. (4.1%) | Sun Pharmaceutical Industries Ltd. (3.8%) | Tata Consultancy Services Ltd. (3.5%) | State Bank of India (3.2%),25-May-2026,27-Dec-2023,0%,LTCG 12.5% after 2 years for equity,999,Navi Mutual Fund Manufacturing Fund - Regular Plan - Growth,"Detailed review and analysis of Navi Mutual Fund Manufacturing Fund - Regular Plan - Growth (Equity). Compare returns, expenses, holdings and risks. Start inves",Navi Mutual Fund Manufacturing Fund - Regular Plan - Growth | Navi Mutual Fund Manufacturing Fund - Regular Plan - Growth review | Equity mutual fund | Equity fund in India | Navi Mutual Fund Equity | best Equity funds | Navi Mutual Fund Manufacturing Fund - Regular Plan - Growth NAV | Navi Mutual Fund Manufacturing Fund - Regular Plan - Growth returns | Navi Mutual Fund Manufacturing Fund - Regular Plan - Growth expense ratio | invest in Navi Mutual Fund Manufacturing Fund - Regular Plan - Growth | Navi Mutual Fund Manufacturing Fund - Regular Plan - Growth SIP | Equity investment 2025 | Navi Mutual Fund Manufacturing Fund - Regular Plan - Growth vs Equity | top Equity funds India | Navi Mutual Fund Manufacturing Fund - Regular Plan - Growth performance | Navi Mutual Fund Manufacturing Fund - Regular Plan - Growth fund manager | Equity fund comparison | buy Navi Mutual Fund Manufacturing Fund - Regular Plan - Growth online | Navi Mutual Fund Manufacturing Fund - Regular Plan - Growth minimum investment | Equity fund returns India
Groww Mutual Fund Large Cap Fund - Direct Plan - Growth,Groww Mutual Fund,Large Cap,Large Cap Fund,200397,497.217,25440.00,0.52,500,1000,-4.02,14.7,12.03,11.65,Nifty 50,Very High,13.05,0.63,33,Sonam Udasi; Amey Sathe,9.2 years,Aims to provide capital appreciation by investing in Large Cap securities,Equity: 96.00% | T-Bills: 4.00%,Nil,HDFC Bank Ltd. (8.5%) | ICICI Bank Ltd. (7.8%) | Reliance Industries Ltd. (6.9%) | Infosys Ltd. (5.2%) | Larsen & Toubro Ltd. (4.8%) | Axis Bank Ltd. (3.9%) | Tata Consultancy Services Ltd. (3.7%) | Bharti Airtel Ltd. (3.4%) | State Bank of India (3.1%) | ITC Ltd. (2.8%),25-May-2026,02-Jan-2013,0%,LTCG 12.5% after 2 years for equity,999,Groww Mutual Fund Large Cap Fund - Direct Plan - Growth - Gr,"Detailed review and analysis of Groww Mutual Fund Large Cap Fund - Direct Plan - Growth (Large Cap). Compare returns, expenses, holdings and risks. Start invest",Groww Mutual Fund Large Cap Fund - Direct Plan - Growth | Groww Mutual Fund Large Cap Fund - Direct Plan - Growth review | Large Cap mutual fund | Large Cap fund in India | Groww Mutual Fund Large Cap | best Large Cap funds | Groww Mutual Fund Large Cap Fund - Direct Plan - Growth NAV | Groww Mutual Fund Large Cap Fund - Direct Plan - Growth returns | Groww Mutual Fund Large Cap Fund - Direct Plan - Growth expense ratio | invest in Groww Mutual Fund Large Cap Fund - Direct Plan - Growth | Groww Mutual Fund Large Cap Fund - Direct Plan - Growth SIP | Large Cap investment 2025 | Groww Mutual Fund Large Cap Fund - Direct Plan - Growth vs Large Cap | top Large Cap funds India | Groww Mutual Fund Large Cap Fund - Direct Plan - Growth performance | Groww Mutual Fund Large Cap Fund - Direct Plan - Growth fund manager | Large Cap fund comparison | buy Groww Mutual Fund Large Cap Fund - Direct Plan - Growth online | Groww Mutual Fund Large Cap Fund - Direct Plan - Growth minimum investment | Large Cap fund returns India
Groww Mutual Fund Mid Cap Fund - Regular Plan - Growth,Groww Mutual Fund,Mid Cap,Mid Cap Fund,200398,116.77,15276.00,1.75,500,1000,-1.93,12.96,12.33,10.42,Nifty Midcap 150 TRI,Very High,17.14,0.38,48,Chirag Setalvad; Dhruv Muchhal,13.4 years,Aims to provide capital appreciation by investing in Mid Cap securities,Equity: 94.00% | T-Bills: 6.00%,Nil,Voltas Ltd. (3.8%) | Mphasis Ltd. (3.5%) | Coforge Ltd. (3.2%) | Sundram Fasteners Ltd. (2.9%) | Persistent Systems Ltd. (2.7%) | Zydus Lifesciences Ltd. (2.5%) | Crompton Greaves Consumer Electricals Ltd. (2.4%) | Oberoi Realty Ltd. (2.2%) | Tube Investments of India Ltd. (2.1%) | Emami Ltd. (2.0%),25-May-2026,03-Apr-2006,0%,LTCG 12.5% after 2 years for equity,999,Groww Mutual Fund Mid Cap Fund - Regular Plan - Growth - Gro,"Detailed review and analysis of Groww Mutual Fund Mid Cap Fund - Regular Plan - Growth (Mid Cap). Compare returns, expenses, holdings and risks. Start investing",Groww Mutual Fund Mid Cap Fund - Regular Plan - Growth | Groww Mutual Fund Mid Cap Fund - Regular Plan - Growth review | Mid Cap mutual fund | Mid Cap fund in India | Groww Mutual Fund Mid Cap | best Mid Cap funds | Groww Mutual Fund Mid Cap Fund - Regular Plan - Growth NAV | Groww Mutual Fund Mid Cap Fund - Regular Plan - Growth returns | Groww Mutual Fund Mid Cap Fund - Regular Plan - Growth expense ratio | invest in Groww Mutual Fund Mid Cap Fund - Regular Plan - Growth | Groww Mutual Fund Mid Cap Fund - Regular Plan - Growth SIP | Mid Cap investment 2025 | Groww Mutual Fund Mid Cap Fund - Regular Plan - Growth vs Mid Cap | top Mid Cap funds India | Groww Mutual Fund Mid Cap Fund - Regular Plan - Growth performance | Groww Mutual Fund Mid Cap Fund - Regular Plan - Growth fund manager | Mid Cap fund comparison | buy Groww Mutual Fund Mid Cap Fund - Regular Plan - Growth online | Groww Mutual Fund Mid Cap Fund - Regular Plan - Growth minimum investment | Mid Cap fund returns India
Groww Mutual Fund Small Cap Fund - Direct Plan - Growth,Groww Mutual Fund,Small Cap,Small Cap Fund,200399,226.029,12230.40,0.82,500,1000,9.07,20.44,18.91,20.97,Nifty Smallcap 250 TRI,Very High,20.07,0.69,39,R. Srinivasan,10.2 years,Aims to provide capital appreciation by investing in Small Cap securities,Equity: 91.00% | Cash & Equivalents: 9.00%,Nil,Aarti Drugs Ltd. (3.2%) | Hatsun Agro Product Ltd. (2.9%) | National Aluminium Company Ltd. (2.7%) | VST Tillers Tractors Ltd. (2.5%) | Repco Home Finance Ltd. (2.3%) | RACL Geartech Ltd. (2.1%) | Neuland Laboratories Ltd. (2.0%) | Mold-Tek Packaging Ltd. (1.9%) | NIIT Learning Systems Ltd. (1.8%) | Nuvama Wealth Management Ltd. (1.7%),25-May-2026,02-Jan-2013,0%,LTCG 12.5% after 2 years for equity,999,Groww Mutual Fund Small Cap Fund - Direct Plan - Growth - Gr,"Detailed review and analysis of Groww Mutual Fund Small Cap Fund - Direct Plan - Growth (Small Cap). Compare returns, expenses, holdings and risks. Start invest",Groww Mutual Fund Small Cap Fund - Direct Plan - Growth | Groww Mutual Fund Small Cap Fund - Direct Plan - Growth review | Small Cap mutual fund | Small Cap fund in India | Groww Mutual Fund Small Cap | best Small Cap funds | Groww Mutual Fund Small Cap Fund - Direct Plan - Growth NAV | Groww Mutual Fund Small Cap Fund - Direct Plan - Growth returns | Groww Mutual Fund Small Cap Fund - Direct Plan - Growth expense ratio | invest in Groww Mutual Fund Small Cap Fund - Direct Plan - Growth | Groww Mutual Fund Small Cap Fund - Direct Plan - Growth SIP | Small Cap investment 2025 | Groww Mutual Fund Small Cap Fund - Direct Plan - Growth vs Small Cap | top Small Cap funds India | Groww Mutual Fund Small Cap Fund - Direct Plan - Growth performance | Groww Mutual Fund Small Cap Fund - Direct Plan - Growth fund manager | Small Cap fund comparison | buy Groww Mutual Fund Small Cap Fund - Direct Plan - Growth online | Groww Mutual Fund Small Cap Fund - Direct Plan - Growth minimum investment | Small Cap fund returns India
Groww Mutual Fund Multi Cap Fund - Regular Plan - Growth,Groww Mutual Fund,Multi Cap,Multi Cap Fund,200400,19.0138,18360.00,1.68,500,1000,5.23,20.86,0.27,21.47,Nifty 500 Multicap 50:25:25 TRI,Very High,12.95,1.11,26,Gopal Agrawal; Atul Zabhade,3.2 years,Aims to provide capital appreciation by investing in Multi Cap securities,Equity: 97.00% | T-Bills: 3.00%,Nil,HDFC Bank Ltd. (6.5%) | ICICI Bank Ltd. (5.8%) | Reliance Industries Ltd. (4.9%) | Infosys Ltd. (4.2%) | Axis Bank Ltd. (3.6%) | Larsen & Toubro Ltd. (3.2%) | Tata Consultancy Services Ltd. (2.9%) | Bharti Airtel Ltd. (2.7%) | State Bank of India (2.4%) | Sun Pharmaceutical Industries Ltd. (2.2%),25-May-2026,03-Feb-2023,0%,LTCG 12.5% after 2 years for equity,999,Groww Mutual Fund Multi Cap Fund - Regular Plan - Growth - G,"Detailed review and analysis of Groww Mutual Fund Multi Cap Fund - Regular Plan - Growth (Multi Cap). Compare returns, expenses, holdings and risks. Start inves",Groww Mutual Fund Multi Cap Fund - Regular Plan - Growth | Groww Mutual Fund Multi Cap Fund - Regular Plan - Growth review | Multi Cap mutual fund | Multi Cap fund in India | Groww Mutual Fund Multi Cap | best Multi Cap funds | Groww Mutual Fund Multi Cap Fund - Regular Plan - Growth NAV | Groww Mutual Fund Multi Cap Fund - Regular Plan - Growth returns | Groww Mutual Fund Multi Cap Fund - Regular Plan - Growth expense ratio | invest in Groww Mutual Fund Multi Cap Fund - Regular Plan - Growth | Groww Mutual Fund Multi Cap Fund - Regular Plan - Growth SIP | Multi Cap investment 2025 | Groww Mutual Fund Multi Cap Fund - Regular Plan - Growth vs Multi Cap | top Multi Cap funds India | Groww Mutual Fund Multi Cap Fund - Regular Plan - Growth performance | Groww Mutual Fund Multi Cap Fund - Regular Plan - Growth fund manager | Multi Cap fund comparison | buy Groww Mutual Fund Multi Cap Fund - Regular Plan - Growth online | Groww Mutual Fund Multi Cap Fund - Regular Plan - Growth minimum investment | Multi Cap fund returns India
Groww Mutual Fund Flexi Cap Fund - Direct Plan - Growth,Groww Mutual Fund,Flexi Cap,Flexi Cap Fund,200401,110.791,14291.20,0.72,500,1000,-2.38,14.63,12.31,14.46,Nifty 500 TRI,Very High,12.42,0.65,24,Roshi Jain; Gopal Agrawal,3.8 years,Aims to provide capital appreciation by investing in Flexi Cap securities,Equity: 95.00% | T-Bills: 5.00%,Nil,HDFC Bank Ltd. (8.2%) | ICICI Bank Ltd. (6.9%) | Infosys Ltd. (5.5%) | Reliance Industries Ltd. (5.1%) | Axis Bank Ltd. (4.2%) | Larsen & Toubro Ltd. (3.8%) | Tata Consultancy Services Ltd. (3.4%) | Bharti Airtel Ltd. (3.1%) | Sun Pharmaceutical Industries Ltd. (2.8%) | Kotak Mahindra Bank Ltd. (2.5%),25-May-2026,02-Jan-2013,0%,LTCG 12.5% after 2 years for equity,999,Groww Mutual Fund Flexi Cap Fund - Direct Plan - Growth - Gr,"Detailed review and analysis of Groww Mutual Fund Flexi Cap Fund - Direct Plan - Growth (Flexi Cap). Compare returns, expenses, holdings and risks. Start invest",Groww Mutual Fund Flexi Cap Fund - Direct Plan - Growth | Groww Mutual Fund Flexi Cap Fund - Direct Plan - Growth review | Flexi Cap mutual fund | Flexi Cap fund in India | Groww Mutual Fund Flexi Cap | best Flexi Cap funds | Groww Mutual Fund Flexi Cap Fund - Direct Plan - Growth NAV | Groww Mutual Fund Flexi Cap Fund - Direct Plan - Growth returns | Groww Mutual Fund Flexi Cap Fund - Direct Plan - Growth expense ratio | invest in Groww Mutual Fund Flexi Cap Fund - Direct Plan - Growth | Groww Mutual Fund Flexi Cap Fund - Direct Plan - Growth SIP | Flexi Cap investment 2025 | Groww Mutual Fund Flexi Cap Fund - Direct Plan - Growth vs Flexi Cap | top Flexi Cap funds India | Groww Mutual Fund Flexi Cap Fund - Direct Plan - Growth performance | Groww Mutual Fund Flexi Cap Fund - Direct Plan - Growth fund manager | Flexi Cap fund comparison | buy Groww Mutual Fund Flexi Cap Fund - Direct Plan - Growth online | Groww Mutual Fund Flexi Cap Fund - Direct Plan - Growth minimum investment | Flexi Cap fund returns India
Groww Mutual Fund ELSS Tax Saver Fund - Regular Plan - Growth,Groww Mutual Fund,ELSS,ELSS (Tax Saving),200402,134.992,10216.00,1.85,500,1000,-2.88,16.38,13.7,14.2,Nifty 500 TRI,Very High,13.30,0.74,21,Milind Agrawal,0.4 years,Aims to provide capital appreciation by investing in ELSS securities,Equity: 96.00% | T-Bills: 4.00%,Nil,ICICI Bank Ltd. (8.5%) | HDFC Bank Ltd. (7.2%) | Infosys Ltd. (5.8%) | Reliance Industries Ltd. (5.2%) | Axis Bank Ltd. (4.9%) | Kotak Mahindra Bank Ltd. (4.3%) | Sun Pharmaceutical Industries Ltd. (3.9%) | Bharti Airtel Ltd. (3.5%) | Larsen & Toubro Ltd. (3.2%) | Tata Consultancy Services Ltd. (2.9%),25-May-2026,22-Jan-2007,0%,LTCG 12.5% after 2 years for equity,999,Groww Mutual Fund ELSS Tax Saver Fund - Regular Plan - Growt,"Detailed review and analysis of Groww Mutual Fund ELSS Tax Saver Fund - Regular Plan - Growth (ELSS). Compare returns, expenses, holdings and risks. Start inves",Groww Mutual Fund ELSS Tax Saver Fund - Regular Plan - Growth | Groww Mutual Fund ELSS Tax Saver Fund - Regular Plan - Growth review | ELSS mutual fund | ELSS fund in India | Groww Mutual Fund ELSS | best ELSS funds | Groww Mutual Fund ELSS Tax Saver Fund - Regular Plan - Growth NAV | Groww Mutual Fund ELSS Tax Saver Fund - Regular Plan - Growth returns | Groww Mutual Fund ELSS Tax Saver Fund - Regular Plan - Growth expense ratio | invest in Groww Mutual Fund ELSS Tax Saver Fund - Regular Plan - Growth | Groww Mutual Fund ELSS Tax Saver Fund - Regular Plan - Growth SIP | ELSS investment 2025 | Groww Mutual Fund ELSS Tax Saver Fund - Regular Plan - Growth vs ELSS | top ELSS funds India | Groww Mutual Fund ELSS Tax Saver Fund - Regular Plan - Growth performance | Groww Mutual Fund ELSS Tax Saver Fund - Regular Plan - Growth fund manager | ELSS fund comparison | buy Groww Mutual Fund ELSS Tax Saver Fund - Regular Plan - Growth online | Groww Mutual Fund ELSS Tax Saver Fund - Regular Plan - Growth minimum investment | ELSS fund returns India
Groww Mutual Fund Liquid Fund - Direct Plan - Growth,Groww Mutual Fund,Liquid Fund,Liquid Fund,200403,5622.7852,46008.00,0.12,500,1000,6.17,6.93,6.11,50.63,NIFTY Liquid Index,Low,0.11,3.91,203,,,Aims to provide capital appreciation by investing in Liquid Fund securities,T-Bills: 65.00% | CD: 20.00% | CP: 10.00% | Cash: 5.00%,Nil,State Bank of India CD (8.5%) | HDFC Bank CD (7.2%) | Reliance Industries T-Bills (6.8%) | ICICI Bank CP (5.9%) | 182-Day T-Bill (5.5%) | National Bank For Agriculture And Rural Development (5.2%) | 91-Day T-Bill (4.8%) | Kotak Mahindra Bank CD (4.5%) | Axis Bank CP (4.1%) | Power Finance Corporation (3.8%),25-May-2026,01-Jan-2013,0%,LTCG 12.5% after 2 years for equity,999,Groww Mutual Fund Liquid Fund - Direct Plan - Growth - Groww,"Detailed review and analysis of Groww Mutual Fund Liquid Fund - Direct Plan - Growth (Liquid Fund). Compare returns, expenses, holdings and risks. Start investi",Groww Mutual Fund Liquid Fund - Direct Plan - Growth | Groww Mutual Fund Liquid Fund - Direct Plan - Growth review | Liquid Fund mutual fund | Liquid Fund fund in India | Groww Mutual Fund Liquid Fund | best Liquid Fund funds | Groww Mutual Fund Liquid Fund - Direct Plan - Growth NAV | Groww Mutual Fund Liquid Fund - Direct Plan - Growth returns | Groww Mutual Fund Liquid Fund - Direct Plan - Growth expense ratio | invest in Groww Mutual Fund Liquid Fund - Direct Plan - Growth | Groww Mutual Fund Liquid Fund - Direct Plan - Growth SIP | Liquid Fund investment 2025 | Groww Mutual Fund Liquid Fund - Direct Plan - Growth vs Liquid Fund | top Liquid Fund funds India | Groww Mutual Fund Liquid Fund - Direct Plan - Growth performance | Groww Mutual Fund Liquid Fund - Direct Plan - Growth fund manager | Liquid Fund fund comparison | buy Groww Mutual Fund Liquid Fund - Direct Plan - Growth online | Groww Mutual Fund Liquid Fund - Direct Plan - Growth minimum investment | Liquid Fund fund returns India
Groww Mutual Fund Debt Fund - Regular Plan - Growth,Groww Mutual Fund,Debt,Short Duration Fund,200404,10.8119,8185.60,1.05,500,1000,12.28,3.27,1.95,0.2,CRISIL Composite Bond Fund Index,Moderate,2.74,0.11,111,,,Aims to provide capital appreciation by investing in Debt securities,Debenture: 40.00% | SDL: 30.00% | T-Bills: 20.00% | GOI Sec: 10.00%,Nil,National Bank For Agriculture And Rural Development (5.8%) | Power Finance Corporation Ltd. (5.2%) | Rural Electrification Corporation Ltd. (4.9%) | 7.26% GOI 2032 (4.5%) | State Bank of India (4.1%) | National Highways Authority of India (3.8%) | Housing Development Finance Corporation Ltd. (3.5%) | Indian Railway Finance Corporation Ltd. (3.2%) | HDFC Bank Ltd. (2.9%) | Bajaj Finance Ltd. (2.5%),25-May-2026,03-Apr-2006,0%,LTCG 12.5% after 2 years for equity,999,Groww Mutual Fund Debt Fund - Regular Plan - Growth - Groww,"Detailed review and analysis of Groww Mutual Fund Debt Fund - Regular Plan - Growth (Debt). Compare returns, expenses, holdings and risks. Start investing today",Groww Mutual Fund Debt Fund - Regular Plan - Growth | Groww Mutual Fund Debt Fund - Regular Plan - Growth review | Debt mutual fund | Debt fund in India | Groww Mutual Fund Debt | best Debt funds | Groww Mutual Fund Debt Fund - Regular Plan - Growth NAV | Groww Mutual Fund Debt Fund - Regular Plan - Growth returns | Groww Mutual Fund Debt Fund - Regular Plan - Growth expense ratio | invest in Groww Mutual Fund Debt Fund - Regular Plan - Growth | Groww Mutual Fund Debt Fund - Regular Plan - Growth SIP | Debt investment 2025 | Groww Mutual Fund Debt Fund - Regular Plan - Growth vs Debt | top Debt funds India | Groww Mutual Fund Debt Fund - Regular Plan - Growth performance | Groww Mutual Fund Debt Fund - Regular Plan - Growth fund manager | Debt fund comparison | buy Groww Mutual Fund Debt Fund - Regular Plan - Growth online | Groww Mutual Fund Debt Fund - Regular Plan - Growth minimum investment | Debt fund returns India
Groww Mutual Fund Banking Fund - Direct Plan - Growth,Groww Mutual Fund,Banking,Sectoral - Banking & Financial Services,200405,12.5687,7168.00,0.92,500,1000,7.26,8.07,4.77,10.73,Nifty Bank TRI,Very High,15.24,0.33,35,,,Aims to provide capital appreciation by investing in Banking securities,Equity: 97.00% | T-Bills: 3.00%,Nil,HDFC Bank Ltd. (22.5%) | ICICI Bank Ltd. (19.8%) | State Bank of India (12.4%) | Axis Bank Ltd. (10.8%) | Kotak Mahindra Bank Ltd. (8.5%) | Bank of Baroda (5.2%) | IndusInd Bank Ltd. (4.8%) | Federal Bank Ltd. (3.9%) | AU Small Finance Bank Ltd. (3.5%) | Punjab National Bank (2.8%),25-May-2026,07-Feb-2024,0%,LTCG 12.5% after 2 years for equity,999,Groww Mutual Fund Banking Fund - Direct Plan - Growth - Grow,"Detailed review and analysis of Groww Mutual Fund Banking Fund - Direct Plan - Growth (Banking). Compare returns, expenses, holdings and risks. Start investing ",Groww Mutual Fund Banking Fund - Direct Plan - Growth | Groww Mutual Fund Banking Fund - Direct Plan - Growth review | Banking mutual fund | Banking fund in India | Groww Mutual Fund Banking | best Banking funds | Groww Mutual Fund Banking Fund - Direct Plan - Growth NAV | Groww Mutual Fund Banking Fund - Direct Plan - Growth returns | Groww Mutual Fund Banking Fund - Direct Plan - Growth expense ratio | invest in Groww Mutual Fund Banking Fund - Direct Plan - Growth | Groww Mutual Fund Banking Fund - Direct Plan - Growth SIP | Banking investment 2025 | Groww Mutual Fund Banking Fund - Direct Plan - Growth vs Banking | top Banking funds India | Groww Mutual Fund Banking Fund - Direct Plan - Growth performance | Groww Mutual Fund Banking Fund - Direct Plan - Growth fund manager | Banking fund comparison | buy Groww Mutual Fund Banking Fund - Direct Plan - Growth online | Groww Mutual Fund Banking Fund - Direct Plan - Growth minimum investment | Banking fund returns India
Groww Mutual Fund Technology Fund - Regular Plan - Growth,Groww Mutual Fund,Technology,Sectoral - Technology,200406,11.612,9223.20,1.98,500,1000,12.28,3.27,1.95,0.48,Nifty IT TRI,Very High,17.66,0.11,42,,,Aims to provide capital appreciation by investing in Technology securities,Equity: 91.00% | Forgn. Eq: 6.00% | T-Bills: 3.00%,Nil,Infosys Ltd. (18.5%) | Tata Consultancy Services Ltd. (15.2%) | Bharti Airtel Ltd. (12.4%) | HCL Technologies Ltd. (9.8%) | Wipro Ltd. (7.5%) | Tech Mahindra Ltd. (6.2%) | Coforge Ltd. (4.8%) | Mphasis Ltd. (4.2%) | Persistent Systems Ltd. (3.9%) | LTIMindtree Ltd. (3.5%),25-May-2026,03-Apr-2006,0%,LTCG 12.5% after 2 years for equity,999,Groww Mutual Fund Technology Fund - Regular Plan - Growth -,"Detailed review and analysis of Groww Mutual Fund Technology Fund - Regular Plan - Growth (Technology). Compare returns, expenses, holdings and risks. Start inv",Groww Mutual Fund Technology Fund - Regular Plan - Growth | Groww Mutual Fund Technology Fund - Regular Plan - Growth review | Technology mutual fund | Technology fund in India | Groww Mutual Fund Technology | best Technology funds | Groww Mutual Fund Technology Fund - Regular Plan - Growth NAV | Groww Mutual Fund Technology Fund - Regular Plan - Growth returns | Groww Mutual Fund Technology Fund - Regular Plan - Growth expense ratio | invest in Groww Mutual Fund Technology Fund - Regular Plan - Growth | Groww Mutual Fund Technology Fund - Regular Plan - Growth SIP | Technology investment 2025 | Groww Mutual Fund Technology Fund - Regular Plan - Growth vs Technology | top Technology funds India | Groww Mutual Fund Technology Fund - Regular Plan - Growth performance | Groww Mutual Fund Technology Fund - Regular Plan - Growth fund manager | Technology fund comparison | buy Groww Mutual Fund Technology Fund - Regular Plan - Growth online | Groww Mutual Fund Technology Fund - Regular Plan - Growth minimum investment | Technology fund returns India
Groww Mutual Fund Infrastructure Fund - Direct Plan - Growth,Groww Mutual Fund,Thematic,Thematic - Infrastructure,200407,55.3541,5640.80,0.92,500,1000,3.6,20.82,20.16,14.87,Nifty Infrastructure TRI,Very High,14.91,0.96,35,,,Aims to provide capital appreciation by investing in Thematic securities,Equity: 95.00% | T-Bills: 5.00%,Nil,HDFC Bank Ltd. (5.8%) | ICICI Bank Ltd. (5.2%) | Larsen & Toubro Ltd. (4.9%) | Reliance Industries Ltd. (4.5%) | Infosys Ltd. (4.1%) | Bharti Airtel Ltd. (3.8%) | Axis Bank Ltd. (3.5%) | State Bank of India (3.2%) | Tata Motors Ltd. (2.9%) | Adani Ports & SEZ Ltd. (2.6%),25-May-2026,03-Jan-2013,0%,LTCG 12.5% after 2 years for equity,999,Groww Mutual Fund Infrastructure Fund - Direct Plan - Growth,"Detailed review and analysis of Groww Mutual Fund Infrastructure Fund - Direct Plan - Growth (Thematic). Compare returns, expenses, holdings and risks. Start in",Groww Mutual Fund Infrastructure Fund - Direct Plan - Growth | Groww Mutual Fund Infrastructure Fund - Direct Plan - Growth review | Thematic mutual fund | Thematic fund in India | Groww Mutual Fund Thematic | best Thematic funds | Groww Mutual Fund Infrastructure Fund - Direct Plan - Growth NAV | Groww Mutual Fund Infrastructure Fund - Direct Plan - Growth returns | Groww Mutual Fund Infrastructure Fund - Direct Plan - Growth expense ratio | invest in Groww Mutual Fund Infrastructure Fund - Direct Plan - Growth | Groww Mutual Fund Infrastructure Fund - Direct Plan - Growth SIP | Thematic investment 2025 | Groww Mutual Fund Infrastructure Fund - Direct Plan - Growth vs Thematic | top Thematic funds India | Groww Mutual Fund Infrastructure Fund - Direct Plan - Growth performance | Groww Mutual Fund Infrastructure Fund - Direct Plan - Growth fund manager | Thematic fund comparison | buy Groww Mutual Fund Infrastructure Fund - Direct Plan - Growth online | Groww Mutual Fund Infrastructure Fund - Direct Plan - Growth minimum investment | Thematic fund returns India
Groww Mutual Fund Dividend Fund - Regular Plan - Growth,Groww Mutual Fund,Thematic,Thematic - Dividend Yield,200408,11.612,5645.20,1.92,500,1000,12.28,3.27,1.95,0.48,Nifty Dividend Opportunities 50 TRI,Moderate,14.94,0.11,35,,,Aims to provide capital appreciation by investing in Thematic securities,Equity: 95.00% | T-Bills: 5.00%,Nil,HDFC Bank Ltd. (5.8%) | ICICI Bank Ltd. (5.2%) | Larsen & Toubro Ltd. (4.9%) | Reliance Industries Ltd. (4.5%) | Infosys Ltd. (4.1%) | Bharti Airtel Ltd. (3.8%) | Axis Bank Ltd. (3.5%) | State Bank of India (3.2%) | Tata Motors Ltd. (2.9%) | Adani Ports & SEZ Ltd. (2.6%),25-May-2026,03-Apr-2006,0%,LTCG 12.5% after 2 years for equity,999,Groww Mutual Fund Dividend Fund - Regular Plan - Growth - Gr,"Detailed review and analysis of Groww Mutual Fund Dividend Fund - Regular Plan - Growth (Thematic). Compare returns, expenses, holdings and risks. Start investi",Groww Mutual Fund Dividend Fund - Regular Plan - Growth | Groww Mutual Fund Dividend Fund - Regular Plan - Growth review | Thematic mutual fund | Thematic fund in India | Groww Mutual Fund Thematic | best Thematic funds | Groww Mutual Fund Dividend Fund - Regular Plan - Growth NAV | Groww Mutual Fund Dividend Fund - Regular Plan - Growth returns | Groww Mutual Fund Dividend Fund - Regular Plan - Growth expense ratio | invest in Groww Mutual Fund Dividend Fund - Regular Plan - Growth | Groww Mutual Fund Dividend Fund - Regular Plan - Growth SIP | Thematic investment 2025 | Groww Mutual Fund Dividend Fund - Regular Plan - Growth vs Thematic | top Thematic funds India | Groww Mutual Fund Dividend Fund - Regular Plan - Growth performance | Groww Mutual Fund Dividend Fund - Regular Plan - Growth fund manager | Thematic fund comparison | buy Groww Mutual Fund Dividend Fund - Regular Plan - Growth online | Groww Mutual Fund Dividend Fund - Regular Plan - Growth minimum investment | Thematic fund returns India
Groww Mutual Fund Balanced Advantage Fund - Direct Plan - Growth,Groww Mutual Fund,Balanced Hybrid,Balanced Advantage Fund,200409,16.3854,15408.00,0.78,500,1000,3.08,12.3,2.48,10.94,Nifty 50 Hybrid Composite Debt 65:35 Index,Moderately High,8.46,0.69,109,Gopal Agrawal; Srinivasan Ramamurthy,5.1 years,Aims to provide capital appreciation by investing in Balanced Hybrid securities,Equity: 65.00% | Debt: 30.00% | T-Bills: 5.00%,Nil,HDFC Bank Ltd. (6.8%) | ICICI Bank Ltd. (5.5%) | Reliance Industries Ltd. (4.5%) | 8.38% GOI 2027 (4.2%) | Infosys Ltd. (3.8%) | 7.26% GOI 2032 (3.5%) | Axis Bank Ltd. (3.2%) | Bharti Airtel Ltd. (2.9%) | Larsen & Toubro Ltd. (2.6%) | Tata Consultancy Services Ltd. (2.4%),25-May-2026,07-Sep-2021,0%,LTCG 12.5% after 2 years for equity,999,Groww Mutual Fund Balanced Advantage Fund - Direct Plan - Gr,"Detailed review and analysis of Groww Mutual Fund Balanced Advantage Fund - Direct Plan - Growth (Balanced Hybrid). Compare returns, expenses, holdings and risk",Groww Mutual Fund Balanced Advantage Fund - Direct Plan - Growth | Groww Mutual Fund Balanced Advantage Fund - Direct Plan - Growth review | Balanced Hybrid mutual fund | Balanced Hybrid fund in India | Groww Mutual Fund Balanced Hybrid | best Balanced Hybrid funds | Groww Mutual Fund Balanced Advantage Fund - Direct Plan - Growth NAV | Groww Mutual Fund Balanced Advantage Fund - Direct Plan - Growth returns | Groww Mutual Fund Balanced Advantage Fund - Direct Plan - Growth expense ratio | invest in Groww Mutual Fund Balanced Advantage Fund - Direct Plan - Growth | Groww Mutual Fund Balanced Advantage Fund - Direct Plan - Growth SIP | Balanced Hybrid investment 2025 | Groww Mutual Fund Balanced Advantage Fund - Direct Plan - Growth vs Balanced Hybrid | top Balanced Hybrid funds India | Groww Mutual Fund Balanced Advantage Fund - Direct Plan - Growth performance | Groww Mutual Fund Balanced Advantage Fund - Direct Plan - Growth fund manager | Balanced Hybrid fund comparison | buy Groww Mutual Fund Balanced Advantage Fund - Direct Plan - Growth online | Groww Mutual Fund Balanced Advantage Fund - Direct Plan - Growth minimum investment | Balanced Hybrid fund returns India
Groww Mutual Fund International Fund - Regular Plan - Growth,Groww Mutual Fund,International,Fund of Funds - Overseas,200410,11.612,3598.00,2.05,500,1000,12.28,3.27,1.95,0.48,MSCI World Index,Very High,13.52,0.11,14,,,Aims to provide capital appreciation by investing in International securities,Forgn. Eq: 95.00% | Cash & Equivalents: 5.00%,Nil,Apple Inc. (8.5%) | Microsoft Corp. (7.8%) | Alphabet Inc Class A (6.9%) | Amazon.com Inc. (5.2%) | NVIDIA Corp. (4.8%) | Meta Platforms Inc. (4.2%) | Tesla Inc. (3.9%) | Berkshire Hathaway Inc. (3.5%) | UnitedHealth Group Inc. (3.1%) | Johnson & Johnson (2.8%),25-May-2026,03-Apr-2006,0%,LTCG 12.5% after 2 years for equity,999,Groww Mutual Fund International Fund - Regular Plan - Growth,"Detailed review and analysis of Groww Mutual Fund International Fund - Regular Plan - Growth (International). Compare returns, expenses, holdings and risks. Sta",Groww Mutual Fund International Fund - Regular Plan - Growth | Groww Mutual Fund International Fund - Regular Plan - Growth review | International mutual fund | International fund in India | Groww Mutual Fund International | best International funds | Groww Mutual Fund International Fund - Regular Plan - Growth NAV | Groww Mutual Fund International Fund - Regular Plan - Growth returns | Groww Mutual Fund International Fund - Regular Plan - Growth expense ratio | invest in Groww Mutual Fund International Fund - Regular Plan - Growth | Groww Mutual Fund International Fund - Regular Plan - Growth SIP | International investment 2025 | Groww Mutual Fund International Fund - Regular Plan - Growth vs International | top International funds India | Groww Mutual Fund International Fund - Regular Plan - Growth performance | Groww Mutual Fund International Fund - Regular Plan - Growth fund manager | International fund comparison | buy Groww Mutual Fund International Fund - Regular Plan - Growth online | Groww Mutual Fund International Fund - Regular Plan - Growth minimum investment | International fund returns India
Groww Mutual Fund Energy Fund - Direct Plan - Growth,Groww Mutual Fund,Equity,Focused Fund,200411,10.8119,12345.60,0.75,500,1000,14.35,4.18,2.48,0.2,Nifty 500 TRI,Moderate,12.90,0.23,28,,,Aims to provide capital appreciation by investing in Equity securities,Equity: 97.00% | T-Bills: 3.00%,Nil,HDFC Bank Ltd. (8.8%) | ICICI Bank Ltd. (7.5%) | Reliance Industries Ltd. (6.2%) | Infosys Ltd. (5.8%) | Axis Bank Ltd. (5.1%) | Larsen & Toubro Ltd. (4.5%) | Bharti Airtel Ltd. (4.1%) | Sun Pharmaceutical Industries Ltd. (3.8%) | Tata Consultancy Services Ltd. (3.5%) | State Bank of India (3.2%),25-May-2026,03-Apr-2006,0%,LTCG 12.5% after 2 years for equity,999,Groww Mutual Fund Energy Fund - Direct Plan - Growth - Groww,"Detailed review and analysis of Groww Mutual Fund Energy Fund - Direct Plan - Growth (Equity). Compare returns, expenses, holdings and risks. Start investing to",Groww Mutual Fund Energy Fund - Direct Plan - Growth | Groww Mutual Fund Energy Fund - Direct Plan - Growth review | Equity mutual fund | Equity fund in India | Groww Mutual Fund Equity | best Equity funds | Groww Mutual Fund Energy Fund - Direct Plan - Growth NAV | Groww Mutual Fund Energy Fund - Direct Plan - Growth returns | Groww Mutual Fund Energy Fund - Direct Plan - Growth expense ratio | invest in Groww Mutual Fund Energy Fund - Direct Plan - Growth | Groww Mutual Fund Energy Fund - Direct Plan - Growth SIP | Equity investment 2025 | Groww Mutual Fund Energy Fund - Direct Plan - Growth vs Equity | top Equity funds India | Groww Mutual Fund Energy Fund - Direct Plan - Growth performance | Groww Mutual Fund Energy Fund - Direct Plan - Growth fund manager | Equity fund comparison | buy Groww Mutual Fund Energy Fund - Direct Plan - Growth online | Groww Mutual Fund Energy Fund - Direct Plan - Growth minimum investment | Equity fund returns India
Groww Mutual Fund Pharma Fund - Regular Plan - Growth,Groww Mutual Fund,Pharma,Sectoral - Pharma & Healthcare,200412,10.8119,5148.00,1.95,500,1000,12.28,3.27,1.95,0.2,Nifty Pharma TRI,Very High,14.66,0.11,41,,,Aims to provide capital appreciation by investing in Pharma securities,Equity: 96.00% | T-Bills: 4.00%,Nil,Sun Pharmaceutical Industries Ltd. (20.5%) | Dr. Reddy's Laboratories Ltd. (12.8%) | Cipla Ltd. (10.4%) | Divi's Laboratories Ltd. (9.8%) | Torrent Pharmaceuticals Ltd. (7.2%) | Aurobindo Pharma Ltd. (5.8%) | Alkem Laboratories Ltd. (5.2%) | Lupin Ltd. (4.9%) | Ipca Laboratories Ltd. (3.8%) | Mankind Pharma Ltd. (3.5%),25-May-2026,03-Apr-2006,0%,LTCG 12.5% after 2 years for equity,999,Groww Mutual Fund Pharma Fund - Regular Plan - Growth - Grow,"Detailed review and analysis of Groww Mutual Fund Pharma Fund - Regular Plan - Growth (Pharma). Compare returns, expenses, holdings and risks. Start investing t",Groww Mutual Fund Pharma Fund - Regular Plan - Growth | Groww Mutual Fund Pharma Fund - Regular Plan - Growth review | Pharma mutual fund | Pharma fund in India | Groww Mutual Fund Pharma | best Pharma funds | Groww Mutual Fund Pharma Fund - Regular Plan - Growth NAV | Groww Mutual Fund Pharma Fund - Regular Plan - Growth returns | Groww Mutual Fund Pharma Fund - Regular Plan - Growth expense ratio | invest in Groww Mutual Fund Pharma Fund - Regular Plan - Growth | Groww Mutual Fund Pharma Fund - Regular Plan - Growth SIP | Pharma investment 2025 | Groww Mutual Fund Pharma Fund - Regular Plan - Growth vs Pharma | top Pharma funds India | Groww Mutual Fund Pharma Fund - Regular Plan - Growth performance | Groww Mutual Fund Pharma Fund - Regular Plan - Growth fund manager | Pharma fund comparison | buy Groww Mutual Fund Pharma Fund - Regular Plan - Growth online | Groww Mutual Fund Pharma Fund - Regular Plan - Growth minimum investment | Pharma fund returns India
Groww Mutual Fund Auto Fund - Direct Plan - Growth,Groww Mutual Fund,Sectoral,Sectoral - Automotive,200413,10,4636.80,0.98,500,1000,14.35,4.18,2.48,-0.16,Nifty Auto TRI,Moderate,16.20,0.23,45,,,Aims to provide capital appreciation by investing in Sectoral securities,Equity: 96.00% | T-Bills: 4.00%,Nil,HDFC Bank Ltd. (8.5%) | ICICI Bank Ltd. (7.2%) | State Bank of India (5.8%) | Axis Bank Ltd. (5.2%) | Kotak Mahindra Bank Ltd. (4.9%) | IndusInd Bank Ltd. (4.5%) | Infosys Ltd. (4.1%) | TCS Ltd. (3.8%) | Bharti Airtel Ltd. (3.5%) | Reliance Industries Ltd. (3.2%),25-May-2026,02-Apr-2006,0%,LTCG 12.5% after 2 years for equity,999,Groww Mutual Fund Auto Fund - Direct Plan - Growth - Groww M,"Detailed review and analysis of Groww Mutual Fund Auto Fund - Direct Plan - Growth (Sectoral). Compare returns, expenses, holdings and risks. Start investing to",Groww Mutual Fund Auto Fund - Direct Plan - Growth | Groww Mutual Fund Auto Fund - Direct Plan - Growth review | Sectoral mutual fund | Sectoral fund in India | Groww Mutual Fund Sectoral | best Sectoral funds | Groww Mutual Fund Auto Fund - Direct Plan - Growth NAV | Groww Mutual Fund Auto Fund - Direct Plan - Growth returns | Groww Mutual Fund Auto Fund - Direct Plan - Growth expense ratio | invest in Groww Mutual Fund Auto Fund - Direct Plan - Growth | Groww Mutual Fund Auto Fund - Direct Plan - Growth SIP | Sectoral investment 2025 | Groww Mutual Fund Auto Fund - Direct Plan - Growth vs Sectoral | top Sectoral funds India | Groww Mutual Fund Auto Fund - Direct Plan - Growth performance | Groww Mutual Fund Auto Fund - Direct Plan - Growth fund manager | Sectoral fund comparison | buy Groww Mutual Fund Auto Fund - Direct Plan - Growth online | Groww Mutual Fund Auto Fund - Direct Plan - Growth minimum investment | Sectoral fund returns India
Groww Mutual Fund Manufacturing Fund - Regular Plan - Growth,Groww Mutual Fund,Equity,Focused Fund,200414,11.612,12374.40,1.75,500,1000,12.28,3.27,1.95,0.48,Nifty 500 TRI,Moderate,12.97,0.11,29,,,Aims to provide capital appreciation by investing in Equity securities,Equity: 97.00% | T-Bills: 3.00%,Nil,HDFC Bank Ltd. (8.8%) | ICICI Bank Ltd. (7.5%) | Reliance Industries Ltd. (6.2%) | Infosys Ltd. (5.8%) | Axis Bank Ltd. (5.1%) | Larsen & Toubro Ltd. (4.5%) | Bharti Airtel Ltd. (4.1%) | Sun Pharmaceutical Industries Ltd. (3.8%) | Tata Consultancy Services Ltd. (3.5%) | State Bank of India (3.2%),25-May-2026,03-Apr-2006,0%,LTCG 12.5% after 2 years for equity,999,Groww Mutual Fund Manufacturing Fund - Regular Plan - Growth,"Detailed review and analysis of Groww Mutual Fund Manufacturing Fund - Regular Plan - Growth (Equity). Compare returns, expenses, holdings and risks. Start inve",Groww Mutual Fund Manufacturing Fund - Regular Plan - Growth | Groww Mutual Fund Manufacturing Fund - Regular Plan - Growth review | Equity mutual fund | Equity fund in India | Groww Mutual Fund Equity | best Equity funds | Groww Mutual Fund Manufacturing Fund - Regular Plan - Growth NAV | Groww Mutual Fund Manufacturing Fund - Regular Plan - Growth returns | Groww Mutual Fund Manufacturing Fund - Regular Plan - Growth expense ratio | invest in Groww Mutual Fund Manufacturing Fund - Regular Plan - Growth | Groww Mutual Fund Manufacturing Fund - Regular Plan - Growth SIP | Equity investment 2025 | Groww Mutual Fund Manufacturing Fund - Regular Plan - Growth vs Equity | top Equity funds India | Groww Mutual Fund Manufacturing Fund - Regular Plan - Growth performance | Groww Mutual Fund Manufacturing Fund - Regular Plan - Growth fund manager | Equity fund comparison | buy Groww Mutual Fund Manufacturing Fund - Regular Plan - Growth online | Groww Mutual Fund Manufacturing Fund - Regular Plan - Growth minimum investment | Equity fund returns India
Angel One Mutual Fund Large Cap Fund - Direct Plan - Growth,Angel One Mutual Fund,Large Cap,Large Cap Fund,200415,497.217,25800.00,0.52,500,1000,-4.02,14.7,12.03,11.65,Nifty 50,Very High,11.57,0.71,19,Sonam Udasi; Amey Sathe,9.2 years,Aims to provide capital appreciation by investing in Large Cap securities,Equity: 96.00% | T-Bills: 4.00%,Nil,HDFC Bank Ltd. (8.5%) | ICICI Bank Ltd. (7.8%) | Reliance Industries Ltd. (6.9%) | Infosys Ltd. (5.2%) | Larsen & Toubro Ltd. (4.8%) | Axis Bank Ltd. (3.9%) | Tata Consultancy Services Ltd. (3.7%) | Bharti Airtel Ltd. (3.4%) | State Bank of India (3.1%) | ITC Ltd. (2.8%),25-May-2026,02-Jan-2013,0%,LTCG 12.5% after 2 years for equity,999,Angel One Mutual Fund Large Cap Fund - Direct Plan - Growth,"Detailed review and analysis of Angel One Mutual Fund Large Cap Fund - Direct Plan - Growth (Large Cap). Compare returns, expenses, holdings and risks. Start in",Angel One Mutual Fund Large Cap Fund - Direct Plan - Growth | Angel One Mutual Fund Large Cap Fund - Direct Plan - Growth review | Large Cap mutual fund | Large Cap fund in India | Angel One Mutual Fund Large Cap | best Large Cap funds | Angel One Mutual Fund Large Cap Fund - Direct Plan - Growth NAV | Angel One Mutual Fund Large Cap Fund - Direct Plan - Growth returns | Angel One Mutual Fund Large Cap Fund - Direct Plan - Growth expense ratio | invest in Angel One Mutual Fund Large Cap Fund - Direct Plan - Growth | Angel One Mutual Fund Large Cap Fund - Direct Plan - Growth SIP | Large Cap investment 2025 | Angel One Mutual Fund Large Cap Fund - Direct Plan - Growth vs Large Cap | top Large Cap funds India | Angel One Mutual Fund Large Cap Fund - Direct Plan - Growth performance | Angel One Mutual Fund Large Cap Fund - Direct Plan - Growth fund manager | Large Cap fund comparison | buy Angel One Mutual Fund Large Cap Fund - Direct Plan - Growth online | Angel One Mutual Fund Large Cap Fund - Direct Plan - Growth minimum investment | Large Cap fund returns India
Angel One Mutual Fund Mid Cap Fund - Regular Plan - Growth,Angel One Mutual Fund,Mid Cap,Mid Cap Fund,200416,116.77,15492.00,1.75,500,1000,-1.93,12.96,12.33,10.42,Nifty Midcap 150 TRI,Very High,14.85,0.44,25,Chirag Setalvad; Dhruv Muchhal,13.4 years,Aims to provide capital appreciation by investing in Mid Cap securities,Equity: 94.00% | T-Bills: 6.00%,Nil,Voltas Ltd. (3.8%) | Mphasis Ltd. (3.5%) | Coforge Ltd. (3.2%) | Sundram Fasteners Ltd. (2.9%) | Persistent Systems Ltd. (2.7%) | Zydus Lifesciences Ltd. (2.5%) | Crompton Greaves Consumer Electricals Ltd. (2.4%) | Oberoi Realty Ltd. (2.2%) | Tube Investments of India Ltd. (2.1%) | Emami Ltd. (2.0%),25-May-2026,03-Apr-2006,0%,LTCG 12.5% after 2 years for equity,999,Angel One Mutual Fund Mid Cap Fund - Regular Plan - Growth -,"Detailed review and analysis of Angel One Mutual Fund Mid Cap Fund - Regular Plan - Growth (Mid Cap). Compare returns, expenses, holdings and risks. Start inves",Angel One Mutual Fund Mid Cap Fund - Regular Plan - Growth | Angel One Mutual Fund Mid Cap Fund - Regular Plan - Growth review | Mid Cap mutual fund | Mid Cap fund in India | Angel One Mutual Fund Mid Cap | best Mid Cap funds | Angel One Mutual Fund Mid Cap Fund - Regular Plan - Growth NAV | Angel One Mutual Fund Mid Cap Fund - Regular Plan - Growth returns | Angel One Mutual Fund Mid Cap Fund - Regular Plan - Growth expense ratio | invest in Angel One Mutual Fund Mid Cap Fund - Regular Plan - Growth | Angel One Mutual Fund Mid Cap Fund - Regular Plan - Growth SIP | Mid Cap investment 2025 | Angel One Mutual Fund Mid Cap Fund - Regular Plan - Growth vs Mid Cap | top Mid Cap funds India | Angel One Mutual Fund Mid Cap Fund - Regular Plan - Growth performance | Angel One Mutual Fund Mid Cap Fund - Regular Plan - Growth fund manager | Mid Cap fund comparison | buy Angel One Mutual Fund Mid Cap Fund - Regular Plan - Growth online | Angel One Mutual Fund Mid Cap Fund - Regular Plan - Growth minimum investment | Mid Cap fund returns India
Angel One Mutual Fund Small Cap Fund - Direct Plan - Growth,Angel One Mutual Fund,Small Cap,Small Cap Fund,200417,226.029,12403.20,0.82,500,1000,9.07,20.44,18.91,20.97,Nifty Smallcap 250 TRI,Very High,17.44,0.80,21,R. Srinivasan,10.2 years,Aims to provide capital appreciation by investing in Small Cap securities,Equity: 91.00% | Cash & Equivalents: 9.00%,Nil,Aarti Drugs Ltd. (3.2%) | Hatsun Agro Product Ltd. (2.9%) | National Aluminium Company Ltd. (2.7%) | VST Tillers Tractors Ltd. (2.5%) | Repco Home Finance Ltd. (2.3%) | RACL Geartech Ltd. (2.1%) | Neuland Laboratories Ltd. (2.0%) | Mold-Tek Packaging Ltd. (1.9%) | NIIT Learning Systems Ltd. (1.8%) | Nuvama Wealth Management Ltd. (1.7%),25-May-2026,02-Jan-2013,0%,LTCG 12.5% after 2 years for equity,999,Angel One Mutual Fund Small Cap Fund - Direct Plan - Growth,"Detailed review and analysis of Angel One Mutual Fund Small Cap Fund - Direct Plan - Growth (Small Cap). Compare returns, expenses, holdings and risks. Start in",Angel One Mutual Fund Small Cap Fund - Direct Plan - Growth | Angel One Mutual Fund Small Cap Fund - Direct Plan - Growth review | Small Cap mutual fund | Small Cap fund in India | Angel One Mutual Fund Small Cap | best Small Cap funds | Angel One Mutual Fund Small Cap Fund - Direct Plan - Growth NAV | Angel One Mutual Fund Small Cap Fund - Direct Plan - Growth returns | Angel One Mutual Fund Small Cap Fund - Direct Plan - Growth expense ratio | invest in Angel One Mutual Fund Small Cap Fund - Direct Plan - Growth | Angel One Mutual Fund Small Cap Fund - Direct Plan - Growth SIP | Small Cap investment 2025 | Angel One Mutual Fund Small Cap Fund - Direct Plan - Growth vs Small Cap | top Small Cap funds India | Angel One Mutual Fund Small Cap Fund - Direct Plan - Growth performance | Angel One Mutual Fund Small Cap Fund - Direct Plan - Growth fund manager | Small Cap fund comparison | buy Angel One Mutual Fund Small Cap Fund - Direct Plan - Growth online | Angel One Mutual Fund Small Cap Fund - Direct Plan - Growth minimum investment | Small Cap fund returns India
Angel One Mutual Fund Multi Cap Fund - Regular Plan - Growth,Angel One Mutual Fund,Multi Cap,Multi Cap Fund,200418,8.38,18619.20,1.68,500,1000,-11.42,12.7,7.44,-11.2,Nifty 500 Multicap 50:25:25 TRI,Very High,13.40,1.52,32,Gopal Agrawal; Atul Zabhade,3.2 years,Aims to provide capital appreciation by investing in Multi Cap securities,Equity: 97.00% | T-Bills: 3.00%,Nil,HDFC Bank Ltd. (6.5%) | ICICI Bank Ltd. (5.8%) | Reliance Industries Ltd. (4.9%) | Infosys Ltd. (4.2%) | Axis Bank Ltd. (3.6%) | Larsen & Toubro Ltd. (3.2%) | Tata Consultancy Services Ltd. (2.9%) | Bharti Airtel Ltd. (2.7%) | State Bank of India (2.4%) | Sun Pharmaceutical Industries Ltd. (2.2%),25-May-2026,06-Nov-2024,0%,LTCG 12.5% after 2 years for equity,999,Angel One Mutual Fund Multi Cap Fund - Regular Plan - Growth,"Detailed review and analysis of Angel One Mutual Fund Multi Cap Fund - Regular Plan - Growth (Multi Cap). Compare returns, expenses, holdings and risks. Start i",Angel One Mutual Fund Multi Cap Fund - Regular Plan - Growth | Angel One Mutual Fund Multi Cap Fund - Regular Plan - Growth review | Multi Cap mutual fund | Multi Cap fund in India | Angel One Mutual Fund Multi Cap | best Multi Cap funds | Angel One Mutual Fund Multi Cap Fund - Regular Plan - Growth NAV | Angel One Mutual Fund Multi Cap Fund - Regular Plan - Growth returns | Angel One Mutual Fund Multi Cap Fund - Regular Plan - Growth expense ratio | invest in Angel One Mutual Fund Multi Cap Fund - Regular Plan - Growth | Angel One Mutual Fund Multi Cap Fund - Regular Plan - Growth SIP | Multi Cap investment 2025 | Angel One Mutual Fund Multi Cap Fund - Regular Plan - Growth vs Multi Cap | top Multi Cap funds India | Angel One Mutual Fund Multi Cap Fund - Regular Plan - Growth performance | Angel One Mutual Fund Multi Cap Fund - Regular Plan - Growth fund manager | Multi Cap fund comparison | buy Angel One Mutual Fund Multi Cap Fund - Regular Plan - Growth online | Angel One Mutual Fund Multi Cap Fund - Regular Plan - Growth minimum investment | Multi Cap fund returns India
Angel One Mutual Fund Flexi Cap Fund - Direct Plan - Growth,Angel One Mutual Fund,Flexi Cap,Flexi Cap Fund,200419,110.791,14492.80,0.72,500,1000,-2.38,14.63,12.31,14.46,Nifty 500 TRI,Very High,12.82,0.63,29,Roshi Jain; Gopal Agrawal,3.8 years,Aims to provide capital appreciation by investing in Flexi Cap securities,Equity: 95.00% | T-Bills: 5.00%,Nil,HDFC Bank Ltd. (8.2%) | ICICI Bank Ltd. (6.9%) | Infosys Ltd. (5.5%) | Reliance Industries Ltd. (5.1%) | Axis Bank Ltd. (4.2%) | Larsen & Toubro Ltd. (3.8%) | Tata Consultancy Services Ltd. (3.4%) | Bharti Airtel Ltd. (3.1%) | Sun Pharmaceutical Industries Ltd. (2.8%) | Kotak Mahindra Bank Ltd. (2.5%),25-May-2026,02-Jan-2013,0%,LTCG 12.5% after 2 years for equity,999,Angel One Mutual Fund Flexi Cap Fund - Direct Plan - Growth,"Detailed review and analysis of Angel One Mutual Fund Flexi Cap Fund - Direct Plan - Growth (Flexi Cap). Compare returns, expenses, holdings and risks. Start in",Angel One Mutual Fund Flexi Cap Fund - Direct Plan - Growth | Angel One Mutual Fund Flexi Cap Fund - Direct Plan - Growth review | Flexi Cap mutual fund | Flexi Cap fund in India | Angel One Mutual Fund Flexi Cap | best Flexi Cap funds | Angel One Mutual Fund Flexi Cap Fund - Direct Plan - Growth NAV | Angel One Mutual Fund Flexi Cap Fund - Direct Plan - Growth returns | Angel One Mutual Fund Flexi Cap Fund - Direct Plan - Growth expense ratio | invest in Angel One Mutual Fund Flexi Cap Fund - Direct Plan - Growth | Angel One Mutual Fund Flexi Cap Fund - Direct Plan - Growth SIP | Flexi Cap investment 2025 | Angel One Mutual Fund Flexi Cap Fund - Direct Plan - Growth vs Flexi Cap | top Flexi Cap funds India | Angel One Mutual Fund Flexi Cap Fund - Direct Plan - Growth performance | Angel One Mutual Fund Flexi Cap Fund - Direct Plan - Growth fund manager | Flexi Cap fund comparison | buy Angel One Mutual Fund Flexi Cap Fund - Direct Plan - Growth online | Angel One Mutual Fund Flexi Cap Fund - Direct Plan - Growth minimum investment | Flexi Cap fund returns India
Angel One Mutual Fund ELSS Tax Saver Fund - Regular Plan - Growth,Angel One Mutual Fund,ELSS,ELSS (Tax Saving),200420,134.992,10360.00,1.85,500,1000,-2.88,16.38,13.7,14.2,Nifty 500 TRI,Very High,13.75,0.72,25,Milind Agrawal,0.4 years,Aims to provide capital appreciation by investing in ELSS securities,Equity: 96.00% | T-Bills: 4.00%,Nil,ICICI Bank Ltd. (8.5%) | HDFC Bank Ltd. (7.2%) | Infosys Ltd. (5.8%) | Reliance Industries Ltd. (5.2%) | Axis Bank Ltd. (4.9%) | Kotak Mahindra Bank Ltd. (4.3%) | Sun Pharmaceutical Industries Ltd. (3.9%) | Bharti Airtel Ltd. (3.5%) | Larsen & Toubro Ltd. (3.2%) | Tata Consultancy Services Ltd. (2.9%),25-May-2026,22-Jan-2007,0%,LTCG 12.5% after 2 years for equity,999,Angel One Mutual Fund ELSS Tax Saver Fund - Regular Plan - G,"Detailed review and analysis of Angel One Mutual Fund ELSS Tax Saver Fund - Regular Plan - Growth (ELSS). Compare returns, expenses, holdings and risks. Start i",Angel One Mutual Fund ELSS Tax Saver Fund - Regular Plan - Growth | Angel One Mutual Fund ELSS Tax Saver Fund - Regular Plan - Growth review | ELSS mutual fund | ELSS fund in India | Angel One Mutual Fund ELSS | best ELSS funds | Angel One Mutual Fund ELSS Tax Saver Fund - Regular Plan - Growth NAV | Angel One Mutual Fund ELSS Tax Saver Fund - Regular Plan - Growth returns | Angel One Mutual Fund ELSS Tax Saver Fund - Regular Plan - Growth expense ratio | invest in Angel One Mutual Fund ELSS Tax Saver Fund - Regular Plan - Growth | Angel One Mutual Fund ELSS Tax Saver Fund - Regular Plan - Growth SIP | ELSS investment 2025 | Angel One Mutual Fund ELSS Tax Saver Fund - Regular Plan - Growth vs ELSS | top ELSS funds India | Angel One Mutual Fund ELSS Tax Saver Fund - Regular Plan - Growth performance | Angel One Mutual Fund ELSS Tax Saver Fund - Regular Plan - Growth fund manager | ELSS fund comparison | buy Angel One Mutual Fund ELSS Tax Saver Fund - Regular Plan - Growth online | Angel One Mutual Fund ELSS Tax Saver Fund - Regular Plan - Growth minimum investment | ELSS fund returns India
Angel One Mutual Fund Liquid Fund - Direct Plan - Growth,Angel One Mutual Fund,Liquid Fund,Liquid Fund,200421,2132.0404,46656.00,0.12,500,1000,6.03,6.76,5.95,6.23,NIFTY Liquid Index,Low,0.11,2.36,221,,,Aims to provide capital appreciation by investing in Liquid Fund securities,T-Bills: 65.00% | CD: 20.00% | CP: 10.00% | Cash: 5.00%,Nil,State Bank of India CD (8.5%) | HDFC Bank CD (7.2%) | Reliance Industries T-Bills (6.8%) | ICICI Bank CP (5.9%) | 182-Day T-Bill (5.5%) | National Bank For Agriculture And Rural Development (5.2%) | 91-Day T-Bill (4.8%) | Kotak Mahindra Bank CD (4.5%) | Axis Bank CP (4.1%) | Power Finance Corporation (3.8%),25-May-2026,13-Nov-2013,0%,LTCG 12.5% after 2 years for equity,999,Angel One Mutual Fund Liquid Fund - Direct Plan - Growth - A,"Detailed review and analysis of Angel One Mutual Fund Liquid Fund - Direct Plan - Growth (Liquid Fund). Compare returns, expenses, holdings and risks. Start inv",Angel One Mutual Fund Liquid Fund - Direct Plan - Growth | Angel One Mutual Fund Liquid Fund - Direct Plan - Growth review | Liquid Fund mutual fund | Liquid Fund fund in India | Angel One Mutual Fund Liquid Fund | best Liquid Fund funds | Angel One Mutual Fund Liquid Fund - Direct Plan - Growth NAV | Angel One Mutual Fund Liquid Fund - Direct Plan - Growth returns | Angel One Mutual Fund Liquid Fund - Direct Plan - Growth expense ratio | invest in Angel One Mutual Fund Liquid Fund - Direct Plan - Growth | Angel One Mutual Fund Liquid Fund - Direct Plan - Growth SIP | Liquid Fund investment 2025 | Angel One Mutual Fund Liquid Fund - Direct Plan - Growth vs Liquid Fund | top Liquid Fund funds India | Angel One Mutual Fund Liquid Fund - Direct Plan - Growth performance | Angel One Mutual Fund Liquid Fund - Direct Plan - Growth fund manager | Liquid Fund fund comparison | buy Angel One Mutual Fund Liquid Fund - Direct Plan - Growth online | Angel One Mutual Fund Liquid Fund - Direct Plan - Growth minimum investment | Liquid Fund fund returns India
Angel One Mutual Fund Debt Fund - Regular Plan - Growth,Angel One Mutual Fund,Debt,Short Duration Fund,200422,11.612,8300.80,1.05,500,1000,43.15,12.7,7.44,0.48,CRISIL Composite Bond Fund Index,Moderate,2.92,1.52,138,,,Aims to provide capital appreciation by investing in Debt securities,Debenture: 40.00% | SDL: 30.00% | T-Bills: 20.00% | GOI Sec: 10.00%,Nil,National Bank For Agriculture And Rural Development (5.8%) | Power Finance Corporation Ltd. (5.2%) | Rural Electrification Corporation Ltd. (4.9%) | 7.26% GOI 2032 (4.5%) | State Bank of India (4.1%) | National Highways Authority of India (3.8%) | Housing Development Finance Corporation Ltd. (3.5%) | Indian Railway Finance Corporation Ltd. (3.2%) | HDFC Bank Ltd. (2.9%) | Bajaj Finance Ltd. (2.5%),25-May-2026,03-Apr-2006,0%,LTCG 12.5% after 2 years for equity,999,Angel One Mutual Fund Debt Fund - Regular Plan - Growth - An,"Detailed review and analysis of Angel One Mutual Fund Debt Fund - Regular Plan - Growth (Debt). Compare returns, expenses, holdings and risks. Start investing t",Angel One Mutual Fund Debt Fund - Regular Plan - Growth | Angel One Mutual Fund Debt Fund - Regular Plan - Growth review | Debt mutual fund | Debt fund in India | Angel One Mutual Fund Debt | best Debt funds | Angel One Mutual Fund Debt Fund - Regular Plan - Growth NAV | Angel One Mutual Fund Debt Fund - Regular Plan - Growth returns | Angel One Mutual Fund Debt Fund - Regular Plan - Growth expense ratio | invest in Angel One Mutual Fund Debt Fund - Regular Plan - Growth | Angel One Mutual Fund Debt Fund - Regular Plan - Growth SIP | Debt investment 2025 | Angel One Mutual Fund Debt Fund - Regular Plan - Growth vs Debt | top Debt funds India | Angel One Mutual Fund Debt Fund - Regular Plan - Growth performance | Angel One Mutual Fund Debt Fund - Regular Plan - Growth fund manager | Debt fund comparison | buy Angel One Mutual Fund Debt Fund - Regular Plan - Growth online | Angel One Mutual Fund Debt Fund - Regular Plan - Growth minimum investment | Debt fund returns India
Angel One Mutual Fund Banking Fund - Direct Plan - Growth,Angel One Mutual Fund,Banking,Sectoral - Banking & Financial Services,200423,11.612,7268.80,0.92,500,1000,43.65,12.83,7.51,0.48,Nifty Bank TRI,Very High,15.74,1.54,40,,,Aims to provide capital appreciation by investing in Banking securities,Equity: 97.00% | T-Bills: 3.00%,Nil,HDFC Bank Ltd. (22.5%) | ICICI Bank Ltd. (19.8%) | State Bank of India (12.4%) | Axis Bank Ltd. (10.8%) | Kotak Mahindra Bank Ltd. (8.5%) | Bank of Baroda (5.2%) | IndusInd Bank Ltd. (4.8%) | Federal Bank Ltd. (3.9%) | AU Small Finance Bank Ltd. (3.5%) | Punjab National Bank (2.8%),25-May-2026,03-Apr-2006,0%,LTCG 12.5% after 2 years for equity,999,Angel One Mutual Fund Banking Fund - Direct Plan - Growth -,"Detailed review and analysis of Angel One Mutual Fund Banking Fund - Direct Plan - Growth (Banking). Compare returns, expenses, holdings and risks. Start invest",Angel One Mutual Fund Banking Fund - Direct Plan - Growth | Angel One Mutual Fund Banking Fund - Direct Plan - Growth review | Banking mutual fund | Banking fund in India | Angel One Mutual Fund Banking | best Banking funds | Angel One Mutual Fund Banking Fund - Direct Plan - Growth NAV | Angel One Mutual Fund Banking Fund - Direct Plan - Growth returns | Angel One Mutual Fund Banking Fund - Direct Plan - Growth expense ratio | invest in Angel One Mutual Fund Banking Fund - Direct Plan - Growth | Angel One Mutual Fund Banking Fund - Direct Plan - Growth SIP | Banking investment 2025 | Angel One Mutual Fund Banking Fund - Direct Plan - Growth vs Banking | top Banking funds India | Angel One Mutual Fund Banking Fund - Direct Plan - Growth performance | Angel One Mutual Fund Banking Fund - Direct Plan - Growth fund manager | Banking fund comparison | buy Angel One Mutual Fund Banking Fund - Direct Plan - Growth online | Angel One Mutual Fund Banking Fund - Direct Plan - Growth minimum investment | Banking fund returns India
Angel One Mutual Fund Technology Fund - Regular Plan - Growth,Angel One Mutual Fund,Technology,Sectoral - Technology,200424,11.612,9352.80,1.98,500,1000,43.15,12.7,7.44,0.48,Nifty IT TRI,Very High,18.29,1.52,47,,,Aims to provide capital appreciation by investing in Technology securities,Equity: 91.00% | Forgn. Eq: 6.00% | T-Bills: 3.00%,Nil,Infosys Ltd. (18.5%) | Tata Consultancy Services Ltd. (15.2%) | Bharti Airtel Ltd. (12.4%) | HCL Technologies Ltd. (9.8%) | Wipro Ltd. (7.5%) | Tech Mahindra Ltd. (6.2%) | Coforge Ltd. (4.8%) | Mphasis Ltd. (4.2%) | Persistent Systems Ltd. (3.9%) | LTIMindtree Ltd. (3.5%),25-May-2026,03-Apr-2006,0%,LTCG 12.5% after 2 years for equity,999,Angel One Mutual Fund Technology Fund - Regular Plan - Growt,"Detailed review and analysis of Angel One Mutual Fund Technology Fund - Regular Plan - Growth (Technology). Compare returns, expenses, holdings and risks. Start",Angel One Mutual Fund Technology Fund - Regular Plan - Growth | Angel One Mutual Fund Technology Fund - Regular Plan - Growth review | Technology mutual fund | Technology fund in India | Angel One Mutual Fund Technology | best Technology funds | Angel One Mutual Fund Technology Fund - Regular Plan - Growth NAV | Angel One Mutual Fund Technology Fund - Regular Plan - Growth returns | Angel One Mutual Fund Technology Fund - Regular Plan - Growth expense ratio | invest in Angel One Mutual Fund Technology Fund - Regular Plan - Growth | Angel One Mutual Fund Technology Fund - Regular Plan - Growth SIP | Technology investment 2025 | Angel One Mutual Fund Technology Fund - Regular Plan - Growth vs Technology | top Technology funds India | Angel One Mutual Fund Technology Fund - Regular Plan - Growth performance | Angel One Mutual Fund Technology Fund - Regular Plan - Growth fund manager | Technology fund comparison | buy Angel One Mutual Fund Technology Fund - Regular Plan - Growth online | Angel One Mutual Fund Technology Fund - Regular Plan - Growth minimum investment | Technology fund returns India
Angel One Mutual Fund Infrastructure Fund - Direct Plan - Growth,Angel One Mutual Fund,Thematic,Thematic - Infrastructure,200425,55.3541,5720.00,0.92,500,1000,3.6,20.82,20.16,14.87,Nifty Infrastructure TRI,Very High,15.45,0.93,41,,,Aims to provide capital appreciation by investing in Thematic securities,Equity: 95.00% | T-Bills: 5.00%,Nil,HDFC Bank Ltd. (5.8%) | ICICI Bank Ltd. (5.2%) | Larsen & Toubro Ltd. (4.9%) | Reliance Industries Ltd. (4.5%) | Infosys Ltd. (4.1%) | Bharti Airtel Ltd. (3.8%) | Axis Bank Ltd. (3.5%) | State Bank of India (3.2%) | Tata Motors Ltd. (2.9%) | Adani Ports & SEZ Ltd. (2.6%),25-May-2026,03-Jan-2013,0%,LTCG 12.5% after 2 years for equity,999,Angel One Mutual Fund Infrastructure Fund - Direct Plan - Gr,"Detailed review and analysis of Angel One Mutual Fund Infrastructure Fund - Direct Plan - Growth (Thematic). Compare returns, expenses, holdings and risks. Star",Angel One Mutual Fund Infrastructure Fund - Direct Plan - Growth | Angel One Mutual Fund Infrastructure Fund - Direct Plan - Growth review | Thematic mutual fund | Thematic fund in India | Angel One Mutual Fund Thematic | best Thematic funds | Angel One Mutual Fund Infrastructure Fund - Direct Plan - Growth NAV | Angel One Mutual Fund Infrastructure Fund - Direct Plan - Growth returns | Angel One Mutual Fund Infrastructure Fund - Direct Plan - Growth expense ratio | invest in Angel One Mutual Fund Infrastructure Fund - Direct Plan - Growth | Angel One Mutual Fund Infrastructure Fund - Direct Plan - Growth SIP | Thematic investment 2025 | Angel One Mutual Fund Infrastructure Fund - Direct Plan - Growth vs Thematic | top Thematic funds India | Angel One Mutual Fund Infrastructure Fund - Direct Plan - Growth performance | Angel One Mutual Fund Infrastructure Fund - Direct Plan - Growth fund manager | Thematic fund comparison | buy Angel One Mutual Fund Infrastructure Fund - Direct Plan - Growth online | Angel One Mutual Fund Infrastructure Fund - Direct Plan - Growth minimum investment | Thematic fund returns India
Angel One Mutual Fund Dividend Fund - Regular Plan - Growth,Angel One Mutual Fund,Thematic,Thematic - Dividend Yield,200426,11.612,5724.40,1.92,500,1000,43.15,12.7,7.44,0.48,Nifty Dividend Opportunities 50 TRI,Moderate,15.48,1.52,42,,,Aims to provide capital appreciation by investing in Thematic securities,Equity: 95.00% | T-Bills: 5.00%,Nil,HDFC Bank Ltd. (5.8%) | ICICI Bank Ltd. (5.2%) | Larsen & Toubro Ltd. (4.9%) | Reliance Industries Ltd. (4.5%) | Infosys Ltd. (4.1%) | Bharti Airtel Ltd. (3.8%) | Axis Bank Ltd. (3.5%) | State Bank of India (3.2%) | Tata Motors Ltd. (2.9%) | Adani Ports & SEZ Ltd. (2.6%),25-May-2026,03-Apr-2006,0%,LTCG 12.5% after 2 years for equity,999,Angel One Mutual Fund Dividend Fund - Regular Plan - Growth,"Detailed review and analysis of Angel One Mutual Fund Dividend Fund - Regular Plan - Growth (Thematic). Compare returns, expenses, holdings and risks. Start inv",Angel One Mutual Fund Dividend Fund - Regular Plan - Growth | Angel One Mutual Fund Dividend Fund - Regular Plan - Growth review | Thematic mutual fund | Thematic fund in India | Angel One Mutual Fund Thematic | best Thematic funds | Angel One Mutual Fund Dividend Fund - Regular Plan - Growth NAV | Angel One Mutual Fund Dividend Fund - Regular Plan - Growth returns | Angel One Mutual Fund Dividend Fund - Regular Plan - Growth expense ratio | invest in Angel One Mutual Fund Dividend Fund - Regular Plan - Growth | Angel One Mutual Fund Dividend Fund - Regular Plan - Growth SIP | Thematic investment 2025 | Angel One Mutual Fund Dividend Fund - Regular Plan - Growth vs Thematic | top Thematic funds India | Angel One Mutual Fund Dividend Fund - Regular Plan - Growth performance | Angel One Mutual Fund Dividend Fund - Regular Plan - Growth fund manager | Thematic fund comparison | buy Angel One Mutual Fund Dividend Fund - Regular Plan - Growth online | Angel One Mutual Fund Dividend Fund - Regular Plan - Growth minimum investment | Thematic fund returns India
Angel One Mutual Fund Balanced Advantage Fund - Direct Plan - Growth,Angel One Mutual Fund,Balanced Hybrid,Balanced Advantage Fund,200427,16.3854,15624.00,0.78,500,1000,3.08,12.3,7.51,10.94,Nifty 50 Hybrid Composite Debt 65:35 Index,Moderately High,8.79,0.66,127,Gopal Agrawal; Srinivasan Ramamurthy,5.1 years,Aims to provide capital appreciation by investing in Balanced Hybrid securities,Equity: 65.00% | Debt: 30.00% | T-Bills: 5.00%,Nil,HDFC Bank Ltd. (6.8%) | ICICI Bank Ltd. (5.5%) | Reliance Industries Ltd. (4.5%) | 8.38% GOI 2027 (4.2%) | Infosys Ltd. (3.8%) | 7.26% GOI 2032 (3.5%) | Axis Bank Ltd. (3.2%) | Bharti Airtel Ltd. (2.9%) | Larsen & Toubro Ltd. (2.6%) | Tata Consultancy Services Ltd. (2.4%),25-May-2026,07-Sep-2021,0%,LTCG 12.5% after 2 years for equity,999,Angel One Mutual Fund Balanced Advantage Fund - Direct Plan,"Detailed review and analysis of Angel One Mutual Fund Balanced Advantage Fund - Direct Plan - Growth (Balanced Hybrid). Compare returns, expenses, holdings and ",Angel One Mutual Fund Balanced Advantage Fund - Direct Plan - Growth | Angel One Mutual Fund Balanced Advantage Fund - Direct Plan - Growth review | Balanced Hybrid mutual fund | Balanced Hybrid fund in India | Angel One Mutual Fund Balanced Hybrid | best Balanced Hybrid funds | Angel One Mutual Fund Balanced Advantage Fund - Direct Plan - Growth NAV | Angel One Mutual Fund Balanced Advantage Fund - Direct Plan - Growth returns | Angel One Mutual Fund Balanced Advantage Fund - Direct Plan - Growth expense ratio | invest in Angel One Mutual Fund Balanced Advantage Fund - Direct Plan - Growth | Angel One Mutual Fund Balanced Advantage Fund - Direct Plan - Growth SIP | Balanced Hybrid investment 2025 | Angel One Mutual Fund Balanced Advantage Fund - Direct Plan - Growth vs Balanced Hybrid | top Balanced Hybrid funds India | Angel One Mutual Fund Balanced Advantage Fund - Direct Plan - Growth performance | Angel One Mutual Fund Balanced Advantage Fund - Direct Plan - Growth fund manager | Balanced Hybrid fund comparison | buy Angel One Mutual Fund Balanced Advantage Fund - Direct Plan - Growth online | Angel One Mutual Fund Balanced Advantage Fund - Direct Plan - Growth minimum investment | Balanced Hybrid fund returns India
Angel One Mutual Fund International Fund - Regular Plan - Growth,Angel One Mutual Fund,International,Fund of Funds - Overseas,200428,443.7671,3648.40,2.05,500,1000,6.09,6.85,6.05,20.09,MSCI World Index,Very High,14.10,0.02,17,,,Aims to provide capital appreciation by investing in International securities,Forgn. Eq: 95.00% | Cash & Equivalents: 5.00%,Nil,Apple Inc. (8.5%) | Microsoft Corp. (7.8%) | Alphabet Inc Class A (6.9%) | Amazon.com Inc. (5.2%) | NVIDIA Corp. (4.8%) | Meta Platforms Inc. (4.2%) | Tesla Inc. (3.9%) | Berkshire Hathaway Inc. (3.5%) | UnitedHealth Group Inc. (3.1%) | Johnson & Johnson (2.8%),25-May-2026,02-Apr-2006,0%,LTCG 12.5% after 2 years for equity,999,Angel One Mutual Fund International Fund - Regular Plan - Gr,"Detailed review and analysis of Angel One Mutual Fund International Fund - Regular Plan - Growth (International). Compare returns, expenses, holdings and risks.",Angel One Mutual Fund International Fund - Regular Plan - Growth | Angel One Mutual Fund International Fund - Regular Plan - Growth review | International mutual fund | International fund in India | Angel One Mutual Fund International | best International funds | Angel One Mutual Fund International Fund - Regular Plan - Growth NAV | Angel One Mutual Fund International Fund - Regular Plan - Growth returns | Angel One Mutual Fund International Fund - Regular Plan - Growth expense ratio | invest in Angel One Mutual Fund International Fund - Regular Plan - Growth | Angel One Mutual Fund International Fund - Regular Plan - Growth SIP | International investment 2025 | Angel One Mutual Fund International Fund - Regular Plan - Growth vs International | top International funds India | Angel One Mutual Fund International Fund - Regular Plan - Growth performance | Angel One Mutual Fund International Fund - Regular Plan - Growth fund manager | International fund comparison | buy Angel One Mutual Fund International Fund - Regular Plan - Growth online | Angel One Mutual Fund International Fund - Regular Plan - Growth minimum investment | International fund returns India
Angel One Mutual Fund Energy Fund - Direct Plan - Growth,Angel One Mutual Fund,Equity,Focused Fund,200429,11.612,12518.40,0.75,500,1000,43.65,12.83,7.51,0.48,Nifty 500 TRI,Moderate,13.32,1.54,34,,,Aims to provide capital appreciation by investing in Equity securities,Equity: 97.00% | T-Bills: 3.00%,Nil,HDFC Bank Ltd. (8.8%) | ICICI Bank Ltd. (7.5%) | Reliance Industries Ltd. (6.2%) | Infosys Ltd. (5.8%) | Axis Bank Ltd. (5.1%) | Larsen & Toubro Ltd. (4.5%) | Bharti Airtel Ltd. (4.1%) | Sun Pharmaceutical Industries Ltd. (3.8%) | Tata Consultancy Services Ltd. (3.5%) | State Bank of India (3.2%),25-May-2026,03-Apr-2006,0%,LTCG 12.5% after 2 years for equity,999,Angel One Mutual Fund Energy Fund - Direct Plan - Growth - A,"Detailed review and analysis of Angel One Mutual Fund Energy Fund - Direct Plan - Growth (Equity). Compare returns, expenses, holdings and risks. Start investin",Angel One Mutual Fund Energy Fund - Direct Plan - Growth | Angel One Mutual Fund Energy Fund - Direct Plan - Growth review | Equity mutual fund | Equity fund in India | Angel One Mutual Fund Equity | best Equity funds | Angel One Mutual Fund Energy Fund - Direct Plan - Growth NAV | Angel One Mutual Fund Energy Fund - Direct Plan - Growth returns | Angel One Mutual Fund Energy Fund - Direct Plan - Growth expense ratio | invest in Angel One Mutual Fund Energy Fund - Direct Plan - Growth | Angel One Mutual Fund Energy Fund - Direct Plan - Growth SIP | Equity investment 2025 | Angel One Mutual Fund Energy Fund - Direct Plan - Growth vs Equity | top Equity funds India | Angel One Mutual Fund Energy Fund - Direct Plan - Growth performance | Angel One Mutual Fund Energy Fund - Direct Plan - Growth fund manager | Equity fund comparison | buy Angel One Mutual Fund Energy Fund - Direct Plan - Growth online | Angel One Mutual Fund Energy Fund - Direct Plan - Growth minimum investment | Equity fund returns India
Angel One Mutual Fund Pharma Fund - Regular Plan - Growth,Angel One Mutual Fund,Pharma,Sectoral - Pharma & Healthcare,200430,11.612,5220.00,1.95,500,1000,43.15,12.7,7.44,0.48,Nifty Pharma TRI,Very High,15.20,1.52,46,,,Aims to provide capital appreciation by investing in Pharma securities,Equity: 96.00% | T-Bills: 4.00%,Nil,Sun Pharmaceutical Industries Ltd. (20.5%) | Dr. Reddy's Laboratories Ltd. (12.8%) | Cipla Ltd. (10.4%) | Divi's Laboratories Ltd. (9.8%) | Torrent Pharmaceuticals Ltd. (7.2%) | Aurobindo Pharma Ltd. (5.8%) | Alkem Laboratories Ltd. (5.2%) | Lupin Ltd. (4.9%) | Ipca Laboratories Ltd. (3.8%) | Mankind Pharma Ltd. (3.5%),25-May-2026,03-Apr-2006,0%,LTCG 12.5% after 2 years for equity,999,Angel One Mutual Fund Pharma Fund - Regular Plan - Growth -,"Detailed review and analysis of Angel One Mutual Fund Pharma Fund - Regular Plan - Growth (Pharma). Compare returns, expenses, holdings and risks. Start investi",Angel One Mutual Fund Pharma Fund - Regular Plan - Growth | Angel One Mutual Fund Pharma Fund - Regular Plan - Growth review | Pharma mutual fund | Pharma fund in India | Angel One Mutual Fund Pharma | best Pharma funds | Angel One Mutual Fund Pharma Fund - Regular Plan - Growth NAV | Angel One Mutual Fund Pharma Fund - Regular Plan - Growth returns | Angel One Mutual Fund Pharma Fund - Regular Plan - Growth expense ratio | invest in Angel One Mutual Fund Pharma Fund - Regular Plan - Growth | Angel One Mutual Fund Pharma Fund - Regular Plan - Growth SIP | Pharma investment 2025 | Angel One Mutual Fund Pharma Fund - Regular Plan - Growth vs Pharma | top Pharma funds India | Angel One Mutual Fund Pharma Fund - Regular Plan - Growth performance | Angel One Mutual Fund Pharma Fund - Regular Plan - Growth fund manager | Pharma fund comparison | buy Angel One Mutual Fund Pharma Fund - Regular Plan - Growth online | Angel One Mutual Fund Pharma Fund - Regular Plan - Growth minimum investment | Pharma fund returns India
Angel One Mutual Fund Auto Fund - Direct Plan - Growth,Angel One Mutual Fund,Sectoral,Sectoral - Automotive,200431,10.8119,4701.60,0.98,500,1000,43.65,12.83,7.51,0.2,Nifty Auto TRI,Moderate,16.84,1.54,52,,,Aims to provide capital appreciation by investing in Sectoral securities,Equity: 96.00% | T-Bills: 4.00%,Nil,HDFC Bank Ltd. (8.5%) | ICICI Bank Ltd. (7.2%) | State Bank of India (5.8%) | Axis Bank Ltd. (5.2%) | Kotak Mahindra Bank Ltd. (4.9%) | IndusInd Bank Ltd. (4.5%) | Infosys Ltd. (4.1%) | TCS Ltd. (3.8%) | Bharti Airtel Ltd. (3.5%) | Reliance Industries Ltd. (3.2%),25-May-2026,03-Apr-2006,0%,LTCG 12.5% after 2 years for equity,999,Angel One Mutual Fund Auto Fund - Direct Plan - Growth - Ang,"Detailed review and analysis of Angel One Mutual Fund Auto Fund - Direct Plan - Growth (Sectoral). Compare returns, expenses, holdings and risks. Start investin",Angel One Mutual Fund Auto Fund - Direct Plan - Growth | Angel One Mutual Fund Auto Fund - Direct Plan - Growth review | Sectoral mutual fund | Sectoral fund in India | Angel One Mutual Fund Sectoral | best Sectoral funds | Angel One Mutual Fund Auto Fund - Direct Plan - Growth NAV | Angel One Mutual Fund Auto Fund - Direct Plan - Growth returns | Angel One Mutual Fund Auto Fund - Direct Plan - Growth expense ratio | invest in Angel One Mutual Fund Auto Fund - Direct Plan - Growth | Angel One Mutual Fund Auto Fund - Direct Plan - Growth SIP | Sectoral investment 2025 | Angel One Mutual Fund Auto Fund - Direct Plan - Growth vs Sectoral | top Sectoral funds India | Angel One Mutual Fund Auto Fund - Direct Plan - Growth performance | Angel One Mutual Fund Auto Fund - Direct Plan - Growth fund manager | Sectoral fund comparison | buy Angel One Mutual Fund Auto Fund - Direct Plan - Growth online | Angel One Mutual Fund Auto Fund - Direct Plan - Growth minimum investment | Sectoral fund returns India
Angel One Mutual Fund Manufacturing Fund - Regular Plan - Growth,Angel One Mutual Fund,Equity,Focused Fund,200432,443.7671,12547.20,1.75,500,1000,6.09,6.85,6.05,20.09,Nifty 500 TRI,Moderate,13.39,0.03,35,,,Aims to provide capital appreciation by investing in Equity securities,Equity: 97.00% | T-Bills: 3.00%,Nil,HDFC Bank Ltd. (8.8%) | ICICI Bank Ltd. (7.5%) | Reliance Industries Ltd. (6.2%) | Infosys Ltd. (5.8%) | Axis Bank Ltd. (5.1%) | Larsen & Toubro Ltd. (4.5%) | Bharti Airtel Ltd. (4.1%) | Sun Pharmaceutical Industries Ltd. (3.8%) | Tata Consultancy Services Ltd. (3.5%) | State Bank of India (3.2%),25-May-2026,02-Apr-2006,0%,LTCG 12.5% after 2 years for equity,999,Angel One Mutual Fund Manufacturing Fund - Regular Plan - Gr,"Detailed review and analysis of Angel One Mutual Fund Manufacturing Fund - Regular Plan - Growth (Equity). Compare returns, expenses, holdings and risks. Start ",Angel One Mutual Fund Manufacturing Fund - Regular Plan - Growth | Angel One Mutual Fund Manufacturing Fund - Regular Plan - Growth review | Equity mutual fund | Equity fund in India | Angel One Mutual Fund Equity | best Equity funds | Angel One Mutual Fund Manufacturing Fund - Regular Plan - Growth NAV | Angel One Mutual Fund Manufacturing Fund - Regular Plan - Growth returns | Angel One Mutual Fund Manufacturing Fund - Regular Plan - Growth expense ratio | invest in Angel One Mutual Fund Manufacturing Fund - Regular Plan - Growth | Angel One Mutual Fund Manufacturing Fund - Regular Plan - Growth SIP | Equity investment 2025 | Angel One Mutual Fund Manufacturing Fund - Regular Plan - Growth vs Equity | top Equity funds India | Angel One Mutual Fund Manufacturing Fund - Regular Plan - Growth performance | Angel One Mutual Fund Manufacturing Fund - Regular Plan - Growth fund manager | Equity fund comparison | buy Angel One Mutual Fund Manufacturing Fund - Regular Plan - Growth online | Angel One Mutual Fund Manufacturing Fund - Regular Plan - Growth minimum investment | Equity fund returns India
Old Bridge Mutual Fund Large Cap Fund - Direct Plan - Growth,Old Bridge Mutual Fund,Large Cap,Large Cap Fund,200433,497.217,26160.00,0.52,500,1000,-4.02,14.7,12.03,11.65,Nifty 50,Very High,11.89,0.69,22,Sonam Udasi; Amey Sathe,9.2 years,Aims to provide capital appreciation by investing in Large Cap securities,Equity: 96.00% | T-Bills: 4.00%,Nil,HDFC Bank Ltd. (8.5%) | ICICI Bank Ltd. (7.8%) | Reliance Industries Ltd. (6.9%) | Infosys Ltd. (5.2%) | Larsen & Toubro Ltd. (4.8%) | Axis Bank Ltd. (3.9%) | Tata Consultancy Services Ltd. (3.7%) | Bharti Airtel Ltd. (3.4%) | State Bank of India (3.1%) | ITC Ltd. (2.8%),25-May-2026,02-Jan-2013,0%,LTCG 12.5% after 2 years for equity,999,Old Bridge Mutual Fund Large Cap Fund - Direct Plan - Growth,"Detailed review and analysis of Old Bridge Mutual Fund Large Cap Fund - Direct Plan - Growth (Large Cap). Compare returns, expenses, holdings and risks. Start i",Old Bridge Mutual Fund Large Cap Fund - Direct Plan - Growth | Old Bridge Mutual Fund Large Cap Fund - Direct Plan - Growth review | Large Cap mutual fund | Large Cap fund in India | Old Bridge Mutual Fund Large Cap | best Large Cap funds | Old Bridge Mutual Fund Large Cap Fund - Direct Plan - Growth NAV | Old Bridge Mutual Fund Large Cap Fund - Direct Plan - Growth returns | Old Bridge Mutual Fund Large Cap Fund - Direct Plan - Growth expense ratio | invest in Old Bridge Mutual Fund Large Cap Fund - Direct Plan - Growth | Old Bridge Mutual Fund Large Cap Fund - Direct Plan - Growth SIP | Large Cap investment 2025 | Old Bridge Mutual Fund Large Cap Fund - Direct Plan - Growth vs Large Cap | top Large Cap funds India | Old Bridge Mutual Fund Large Cap Fund - Direct Plan - Growth performance | Old Bridge Mutual Fund Large Cap Fund - Direct Plan - Growth fund manager | Large Cap fund comparison | buy Old Bridge Mutual Fund Large Cap Fund - Direct Plan - Growth online | Old Bridge Mutual Fund Large Cap Fund - Direct Plan - Growth minimum investment | Large Cap fund returns India
Old Bridge Mutual Fund Mid Cap Fund - Regular Plan - Growth,Old Bridge Mutual Fund,Mid Cap,Mid Cap Fund,200434,10.59,15708.00,1.75,500,1000,5.79,1.9,1.13,,Nifty Midcap 150 TRI,Very High,15.35,1.82,31,Chirag Setalvad; Dhruv Muchhal,13.4 years,Aims to provide capital appreciation by investing in Mid Cap securities,Equity: 94.00% | T-Bills: 6.00%,Nil,Voltas Ltd. (3.8%) | Mphasis Ltd. (3.5%) | Coforge Ltd. (3.2%) | Sundram Fasteners Ltd. (2.9%) | Persistent Systems Ltd. (2.7%) | Zydus Lifesciences Ltd. (2.5%) | Crompton Greaves Consumer Electricals Ltd. (2.4%) | Oberoi Realty Ltd. (2.2%) | Tube Investments of India Ltd. (2.1%) | Emami Ltd. (2.0%),25-May-2026,04-Mar-2026,0%,LTCG 12.5% after 2 years for equity,999,Old Bridge Mutual Fund Mid Cap Fund - Regular Plan - Growth,"Detailed review and analysis of Old Bridge Mutual Fund Mid Cap Fund - Regular Plan - Growth (Mid Cap). Compare returns, expenses, holdings and risks. Start inve",Old Bridge Mutual Fund Mid Cap Fund - Regular Plan - Growth | Old Bridge Mutual Fund Mid Cap Fund - Regular Plan - Growth review | Mid Cap mutual fund | Mid Cap fund in India | Old Bridge Mutual Fund Mid Cap | best Mid Cap funds | Old Bridge Mutual Fund Mid Cap Fund - Regular Plan - Growth NAV | Old Bridge Mutual Fund Mid Cap Fund - Regular Plan - Growth returns | Old Bridge Mutual Fund Mid Cap Fund - Regular Plan - Growth expense ratio | invest in Old Bridge Mutual Fund Mid Cap Fund - Regular Plan - Growth | Old Bridge Mutual Fund Mid Cap Fund - Regular Plan - Growth SIP | Mid Cap investment 2025 | Old Bridge Mutual Fund Mid Cap Fund - Regular Plan - Growth vs Mid Cap | top Mid Cap funds India | Old Bridge Mutual Fund Mid Cap Fund - Regular Plan - Growth performance | Old Bridge Mutual Fund Mid Cap Fund - Regular Plan - Growth fund manager | Mid Cap fund comparison | buy Old Bridge Mutual Fund Mid Cap Fund - Regular Plan - Growth online | Old Bridge Mutual Fund Mid Cap Fund - Regular Plan - Growth minimum investment | Mid Cap fund returns India
Old Bridge Mutual Fund Small Cap Fund - Direct Plan - Growth,Old Bridge Mutual Fund,Small Cap,Small Cap Fund,200435,226.029,12576.00,0.82,500,1000,9.07,20.44,18.91,20.97,Nifty Smallcap 250 TRI,Very High,18.02,0.77,25,R. Srinivasan,10.2 years,Aims to provide capital appreciation by investing in Small Cap securities,Equity: 91.00% | Cash & Equivalents: 9.00%,Nil,Aarti Drugs Ltd. (3.2%) | Hatsun Agro Product Ltd. (2.9%) | National Aluminium Company Ltd. (2.7%) | VST Tillers Tractors Ltd. (2.5%) | Repco Home Finance Ltd. (2.3%) | RACL Geartech Ltd. (2.1%) | Neuland Laboratories Ltd. (2.0%) | Mold-Tek Packaging Ltd. (1.9%) | NIIT Learning Systems Ltd. (1.8%) | Nuvama Wealth Management Ltd. (1.7%),25-May-2026,02-Jan-2013,0%,LTCG 12.5% after 2 years for equity,999,Old Bridge Mutual Fund Small Cap Fund - Direct Plan - Growth,"Detailed review and analysis of Old Bridge Mutual Fund Small Cap Fund - Direct Plan - Growth (Small Cap). Compare returns, expenses, holdings and risks. Start i",Old Bridge Mutual Fund Small Cap Fund - Direct Plan - Growth | Old Bridge Mutual Fund Small Cap Fund - Direct Plan - Growth review | Small Cap mutual fund | Small Cap fund in India | Old Bridge Mutual Fund Small Cap | best Small Cap funds | Old Bridge Mutual Fund Small Cap Fund - Direct Plan - Growth NAV | Old Bridge Mutual Fund Small Cap Fund - Direct Plan - Growth returns | Old Bridge Mutual Fund Small Cap Fund - Direct Plan - Growth expense ratio | invest in Old Bridge Mutual Fund Small Cap Fund - Direct Plan - Growth | Old Bridge Mutual Fund Small Cap Fund - Direct Plan - Growth SIP | Small Cap investment 2025 | Old Bridge Mutual Fund Small Cap Fund - Direct Plan - Growth vs Small Cap | top Small Cap funds India | Old Bridge Mutual Fund Small Cap Fund - Direct Plan - Growth performance | Old Bridge Mutual Fund Small Cap Fund - Direct Plan - Growth fund manager | Small Cap fund comparison | buy Old Bridge Mutual Fund Small Cap Fund - Direct Plan - Growth online | Old Bridge Mutual Fund Small Cap Fund - Direct Plan - Growth minimum investment | Small Cap fund returns India
Old Bridge Mutual Fund Multi Cap Fund - Regular Plan - Growth,Old Bridge Mutual Fund,Multi Cap,Multi Cap Fund,200436,8.38,18878.40,1.68,500,1000,-11.42,1.9,1.13,-11.2,Nifty 500 Multicap 50:25:25 TRI,Very High,13.85,1.82,38,Gopal Agrawal; Atul Zabhade,3.2 years,Aims to provide capital appreciation by investing in Multi Cap securities,Equity: 97.00% | T-Bills: 3.00%,Nil,HDFC Bank Ltd. (6.5%) | ICICI Bank Ltd. (5.8%) | Reliance Industries Ltd. (4.9%) | Infosys Ltd. (4.2%) | Axis Bank Ltd. (3.6%) | Larsen & Toubro Ltd. (3.2%) | Tata Consultancy Services Ltd. (2.9%) | Bharti Airtel Ltd. (2.7%) | State Bank of India (2.4%) | Sun Pharmaceutical Industries Ltd. (2.2%),25-May-2026,06-Nov-2024,0%,LTCG 12.5% after 2 years for equity,999,Old Bridge Mutual Fund Multi Cap Fund - Regular Plan - Growt,"Detailed review and analysis of Old Bridge Mutual Fund Multi Cap Fund - Regular Plan - Growth (Multi Cap). Compare returns, expenses, holdings and risks. Start ",Old Bridge Mutual Fund Multi Cap Fund - Regular Plan - Growth | Old Bridge Mutual Fund Multi Cap Fund - Regular Plan - Growth review | Multi Cap mutual fund | Multi Cap fund in India | Old Bridge Mutual Fund Multi Cap | best Multi Cap funds | Old Bridge Mutual Fund Multi Cap Fund - Regular Plan - Growth NAV | Old Bridge Mutual Fund Multi Cap Fund - Regular Plan - Growth returns | Old Bridge Mutual Fund Multi Cap Fund - Regular Plan - Growth expense ratio | invest in Old Bridge Mutual Fund Multi Cap Fund - Regular Plan - Growth | Old Bridge Mutual Fund Multi Cap Fund - Regular Plan - Growth SIP | Multi Cap investment 2025 | Old Bridge Mutual Fund Multi Cap Fund - Regular Plan - Growth vs Multi Cap | top Multi Cap funds India | Old Bridge Mutual Fund Multi Cap Fund - Regular Plan - Growth performance | Old Bridge Mutual Fund Multi Cap Fund - Regular Plan - Growth fund manager | Multi Cap fund comparison | buy Old Bridge Mutual Fund Multi Cap Fund - Regular Plan - Growth online | Old Bridge Mutual Fund Multi Cap Fund - Regular Plan - Growth minimum investment | Multi Cap fund returns India
Old Bridge Mutual Fund Flexi Cap Fund - Direct Plan - Growth,Old Bridge Mutual Fund,Flexi Cap,Flexi Cap Fund,200437,110.791,14694.40,0.72,500,1000,-2.38,14.63,12.31,14.46,Nifty 500 TRI,Very High,13.21,0.62,34,Roshi Jain; Gopal Agrawal,3.8 years,Aims to provide capital appreciation by investing in Flexi Cap securities,Equity: 95.00% | T-Bills: 5.00%,Nil,HDFC Bank Ltd. (8.2%) | ICICI Bank Ltd. (6.9%) | Infosys Ltd. (5.5%) | Reliance Industries Ltd. (5.1%) | Axis Bank Ltd. (4.2%) | Larsen & Toubro Ltd. (3.8%) | Tata Consultancy Services Ltd. (3.4%) | Bharti Airtel Ltd. (3.1%) | Sun Pharmaceutical Industries Ltd. (2.8%) | Kotak Mahindra Bank Ltd. (2.5%),25-May-2026,02-Jan-2013,0%,LTCG 12.5% after 2 years for equity,999,Old Bridge Mutual Fund Flexi Cap Fund - Direct Plan - Growth,"Detailed review and analysis of Old Bridge Mutual Fund Flexi Cap Fund - Direct Plan - Growth (Flexi Cap). Compare returns, expenses, holdings and risks. Start i",Old Bridge Mutual Fund Flexi Cap Fund - Direct Plan - Growth | Old Bridge Mutual Fund Flexi Cap Fund - Direct Plan - Growth review | Flexi Cap mutual fund | Flexi Cap fund in India | Old Bridge Mutual Fund Flexi Cap | best Flexi Cap funds | Old Bridge Mutual Fund Flexi Cap Fund - Direct Plan - Growth NAV | Old Bridge Mutual Fund Flexi Cap Fund - Direct Plan - Growth returns | Old Bridge Mutual Fund Flexi Cap Fund - Direct Plan - Growth expense ratio | invest in Old Bridge Mutual Fund Flexi Cap Fund - Direct Plan - Growth | Old Bridge Mutual Fund Flexi Cap Fund - Direct Plan - Growth SIP | Flexi Cap investment 2025 | Old Bridge Mutual Fund Flexi Cap Fund - Direct Plan - Growth vs Flexi Cap | top Flexi Cap funds India | Old Bridge Mutual Fund Flexi Cap Fund - Direct Plan - Growth performance | Old Bridge Mutual Fund Flexi Cap Fund - Direct Plan - Growth fund manager | Flexi Cap fund comparison | buy Old Bridge Mutual Fund Flexi Cap Fund - Direct Plan - Growth online | Old Bridge Mutual Fund Flexi Cap Fund - Direct Plan - Growth minimum investment | Flexi Cap fund returns India
Old Bridge Mutual Fund ELSS Tax Saver Fund - Regular Plan - Growth,Old Bridge Mutual Fund,ELSS,ELSS (Tax Saving),200438,134.992,10504.00,1.85,500,1000,-2.88,16.38,13.7,14.2,Nifty 500 TRI,Very High,14.20,0.70,29,Milind Agrawal,0.4 years,Aims to provide capital appreciation by investing in ELSS securities,Equity: 96.00% | T-Bills: 4.00%,Nil,ICICI Bank Ltd. (8.5%) | HDFC Bank Ltd. (7.2%) | Infosys Ltd. (5.8%) | Reliance Industries Ltd. (5.2%) | Axis Bank Ltd. (4.9%) | Kotak Mahindra Bank Ltd. (4.3%) | Sun Pharmaceutical Industries Ltd. (3.9%) | Bharti Airtel Ltd. (3.5%) | Larsen & Toubro Ltd. (3.2%) | Tata Consultancy Services Ltd. (2.9%),25-May-2026,22-Jan-2007,0%,LTCG 12.5% after 2 years for equity,999,Old Bridge Mutual Fund ELSS Tax Saver Fund - Regular Plan -,"Detailed review and analysis of Old Bridge Mutual Fund ELSS Tax Saver Fund - Regular Plan - Growth (ELSS). Compare returns, expenses, holdings and risks. Start ",Old Bridge Mutual Fund ELSS Tax Saver Fund - Regular Plan - Growth | Old Bridge Mutual Fund ELSS Tax Saver Fund - Regular Plan - Growth review | ELSS mutual fund | ELSS fund in India | Old Bridge Mutual Fund ELSS | best ELSS funds | Old Bridge Mutual Fund ELSS Tax Saver Fund - Regular Plan - Growth NAV | Old Bridge Mutual Fund ELSS Tax Saver Fund - Regular Plan - Growth returns | Old Bridge Mutual Fund ELSS Tax Saver Fund - Regular Plan - Growth expense ratio | invest in Old Bridge Mutual Fund ELSS Tax Saver Fund - Regular Plan - Growth | Old Bridge Mutual Fund ELSS Tax Saver Fund - Regular Plan - Growth SIP | ELSS investment 2025 | Old Bridge Mutual Fund ELSS Tax Saver Fund - Regular Plan - Growth vs ELSS | top ELSS funds India | Old Bridge Mutual Fund ELSS Tax Saver Fund - Regular Plan - Growth performance | Old Bridge Mutual Fund ELSS Tax Saver Fund - Regular Plan - Growth fund manager | ELSS fund comparison | buy Old Bridge Mutual Fund ELSS Tax Saver Fund - Regular Plan - Growth online | Old Bridge Mutual Fund ELSS Tax Saver Fund - Regular Plan - Growth minimum investment | ELSS fund returns India
Old Bridge Mutual Fund Liquid Fund - Direct Plan - Growth,Old Bridge Mutual Fund,Liquid Fund,Liquid Fund,200439,5622.7852,47304.00,0.12,500,1000,6.17,6.93,6.11,50.63,NIFTY Liquid Index,Low,0.12,3.58,239,,,Aims to provide capital appreciation by investing in Liquid Fund securities,T-Bills: 65.00% | CD: 20.00% | CP: 10.00% | Cash: 5.00%,Nil,State Bank of India CD (8.5%) | HDFC Bank CD (7.2%) | Reliance Industries T-Bills (6.8%) | ICICI Bank CP (5.9%) | 182-Day T-Bill (5.5%) | National Bank For Agriculture And Rural Development (5.2%) | 91-Day T-Bill (4.8%) | Kotak Mahindra Bank CD (4.5%) | Axis Bank CP (4.1%) | Power Finance Corporation (3.8%),25-May-2026,01-Jan-2013,0%,LTCG 12.5% after 2 years for equity,999,Old Bridge Mutual Fund Liquid Fund - Direct Plan - Growth -,"Detailed review and analysis of Old Bridge Mutual Fund Liquid Fund - Direct Plan - Growth (Liquid Fund). Compare returns, expenses, holdings and risks. Start in",Old Bridge Mutual Fund Liquid Fund - Direct Plan - Growth | Old Bridge Mutual Fund Liquid Fund - Direct Plan - Growth review | Liquid Fund mutual fund | Liquid Fund fund in India | Old Bridge Mutual Fund Liquid Fund | best Liquid Fund funds | Old Bridge Mutual Fund Liquid Fund - Direct Plan - Growth NAV | Old Bridge Mutual Fund Liquid Fund - Direct Plan - Growth returns | Old Bridge Mutual Fund Liquid Fund - Direct Plan - Growth expense ratio | invest in Old Bridge Mutual Fund Liquid Fund - Direct Plan - Growth | Old Bridge Mutual Fund Liquid Fund - Direct Plan - Growth SIP | Liquid Fund investment 2025 | Old Bridge Mutual Fund Liquid Fund - Direct Plan - Growth vs Liquid Fund | top Liquid Fund funds India | Old Bridge Mutual Fund Liquid Fund - Direct Plan - Growth performance | Old Bridge Mutual Fund Liquid Fund - Direct Plan - Growth fund manager | Liquid Fund fund comparison | buy Old Bridge Mutual Fund Liquid Fund - Direct Plan - Growth online | Old Bridge Mutual Fund Liquid Fund - Direct Plan - Growth minimum investment | Liquid Fund fund returns India
Old Bridge Mutual Fund Debt Fund - Regular Plan - Growth,Old Bridge Mutual Fund,Debt,Short Duration Fund,200440,11.612,8416.00,1.05,500,1000,6.4,8.06,4.76,0.48,CRISIL Composite Bond Fund Index,Moderate,3.10,0.31,165,,,Aims to provide capital appreciation by investing in Debt securities,Debenture: 40.00% | SDL: 30.00% | T-Bills: 20.00% | GOI Sec: 10.00%,Nil,National Bank For Agriculture And Rural Development (5.8%) | Power Finance Corporation Ltd. (5.2%) | Rural Electrification Corporation Ltd. (4.9%) | 7.26% GOI 2032 (4.5%) | State Bank of India (4.1%) | National Highways Authority of India (3.8%) | Housing Development Finance Corporation Ltd. (3.5%) | Indian Railway Finance Corporation Ltd. (3.2%) | HDFC Bank Ltd. (2.9%) | Bajaj Finance Ltd. (2.5%),25-May-2026,03-Apr-2006,0%,LTCG 12.5% after 2 years for equity,999,Old Bridge Mutual Fund Debt Fund - Regular Plan - Growth - O,"Detailed review and analysis of Old Bridge Mutual Fund Debt Fund - Regular Plan - Growth (Debt). Compare returns, expenses, holdings and risks. Start investing ",Old Bridge Mutual Fund Debt Fund - Regular Plan - Growth | Old Bridge Mutual Fund Debt Fund - Regular Plan - Growth review | Debt mutual fund | Debt fund in India | Old Bridge Mutual Fund Debt | best Debt funds | Old Bridge Mutual Fund Debt Fund - Regular Plan - Growth NAV | Old Bridge Mutual Fund Debt Fund - Regular Plan - Growth returns | Old Bridge Mutual Fund Debt Fund - Regular Plan - Growth expense ratio | invest in Old Bridge Mutual Fund Debt Fund - Regular Plan - Growth | Old Bridge Mutual Fund Debt Fund - Regular Plan - Growth SIP | Debt investment 2025 | Old Bridge Mutual Fund Debt Fund - Regular Plan - Growth vs Debt | top Debt funds India | Old Bridge Mutual Fund Debt Fund - Regular Plan - Growth performance | Old Bridge Mutual Fund Debt Fund - Regular Plan - Growth fund manager | Debt fund comparison | buy Old Bridge Mutual Fund Debt Fund - Regular Plan - Growth online | Old Bridge Mutual Fund Debt Fund - Regular Plan - Growth minimum investment | Debt fund returns India
Old Bridge Mutual Fund Banking Fund - Direct Plan - Growth,Old Bridge Mutual Fund,Banking,Sectoral - Banking & Financial Services,200441,11.612,7369.60,0.92,500,1000,7.48,8.93,5.27,0.48,Nifty Bank TRI,Very High,16.25,0.38,45,,,Aims to provide capital appreciation by investing in Banking securities,Equity: 97.00% | T-Bills: 3.00%,Nil,HDFC Bank Ltd. (22.5%) | ICICI Bank Ltd. (19.8%) | State Bank of India (12.4%) | Axis Bank Ltd. (10.8%) | Kotak Mahindra Bank Ltd. (8.5%) | Bank of Baroda (5.2%) | IndusInd Bank Ltd. (4.8%) | Federal Bank Ltd. (3.9%) | AU Small Finance Bank Ltd. (3.5%) | Punjab National Bank (2.8%),25-May-2026,03-Apr-2006,0%,LTCG 12.5% after 2 years for equity,999,Old Bridge Mutual Fund Banking Fund - Direct Plan - Growth -,"Detailed review and analysis of Old Bridge Mutual Fund Banking Fund - Direct Plan - Growth (Banking). Compare returns, expenses, holdings and risks. Start inves",Old Bridge Mutual Fund Banking Fund - Direct Plan - Growth | Old Bridge Mutual Fund Banking Fund - Direct Plan - Growth review | Banking mutual fund | Banking fund in India | Old Bridge Mutual Fund Banking | best Banking funds | Old Bridge Mutual Fund Banking Fund - Direct Plan - Growth NAV | Old Bridge Mutual Fund Banking Fund - Direct Plan - Growth returns | Old Bridge Mutual Fund Banking Fund - Direct Plan - Growth expense ratio | invest in Old Bridge Mutual Fund Banking Fund - Direct Plan - Growth | Old Bridge Mutual Fund Banking Fund - Direct Plan - Growth SIP | Banking investment 2025 | Old Bridge Mutual Fund Banking Fund - Direct Plan - Growth vs Banking | top Banking funds India | Old Bridge Mutual Fund Banking Fund - Direct Plan - Growth performance | Old Bridge Mutual Fund Banking Fund - Direct Plan - Growth fund manager | Banking fund comparison | buy Old Bridge Mutual Fund Banking Fund - Direct Plan - Growth online | Old Bridge Mutual Fund Banking Fund - Direct Plan - Growth minimum investment | Banking fund returns India
Old Bridge Mutual Fund Technology Fund - Regular Plan - Growth,Old Bridge Mutual Fund,Technology,Sectoral - Technology,200442,11.612,9482.40,1.98,500,1000,6.4,8.06,4.76,0.48,Nifty IT TRI,Very High,18.92,0.31,53,,,Aims to provide capital appreciation by investing in Technology securities,Equity: 91.00% | Forgn. Eq: 6.00% | T-Bills: 3.00%,Nil,Infosys Ltd. (18.5%) | Tata Consultancy Services Ltd. (15.2%) | Bharti Airtel Ltd. (12.4%) | HCL Technologies Ltd. (9.8%) | Wipro Ltd. (7.5%) | Tech Mahindra Ltd. (6.2%) | Coforge Ltd. (4.8%) | Mphasis Ltd. (4.2%) | Persistent Systems Ltd. (3.9%) | LTIMindtree Ltd. (3.5%),25-May-2026,03-Apr-2006,0%,LTCG 12.5% after 2 years for equity,999,Old Bridge Mutual Fund Technology Fund - Regular Plan - Grow,"Detailed review and analysis of Old Bridge Mutual Fund Technology Fund - Regular Plan - Growth (Technology). Compare returns, expenses, holdings and risks. Star",Old Bridge Mutual Fund Technology Fund - Regular Plan - Growth | Old Bridge Mutual Fund Technology Fund - Regular Plan - Growth review | Technology mutual fund | Technology fund in India | Old Bridge Mutual Fund Technology | best Technology funds | Old Bridge Mutual Fund Technology Fund - Regular Plan - Growth NAV | Old Bridge Mutual Fund Technology Fund - Regular Plan - Growth returns | Old Bridge Mutual Fund Technology Fund - Regular Plan - Growth expense ratio | invest in Old Bridge Mutual Fund Technology Fund - Regular Plan - Growth | Old Bridge Mutual Fund Technology Fund - Regular Plan - Growth SIP | Technology investment 2025 | Old Bridge Mutual Fund Technology Fund - Regular Plan - Growth vs Technology | top Technology funds India | Old Bridge Mutual Fund Technology Fund - Regular Plan - Growth performance | Old Bridge Mutual Fund Technology Fund - Regular Plan - Growth fund manager | Technology fund comparison | buy Old Bridge Mutual Fund Technology Fund - Regular Plan - Growth online | Old Bridge Mutual Fund Technology Fund - Regular Plan - Growth minimum investment | Technology fund returns India
Old Bridge Mutual Fund Infrastructure Fund - Direct Plan - Growth,Old Bridge Mutual Fund,Thematic,Thematic - Infrastructure,200443,55.3541,5799.20,0.92,500,1000,3.6,20.82,20.16,14.87,Nifty Infrastructure TRI,Very High,15.99,0.90,48,,,Aims to provide capital appreciation by investing in Thematic securities,Equity: 95.00% | T-Bills: 5.00%,Nil,HDFC Bank Ltd. (5.8%) | ICICI Bank Ltd. (5.2%) | Larsen & Toubro Ltd. (4.9%) | Reliance Industries Ltd. (4.5%) | Infosys Ltd. (4.1%) | Bharti Airtel Ltd. (3.8%) | Axis Bank Ltd. (3.5%) | State Bank of India (3.2%) | Tata Motors Ltd. (2.9%) | Adani Ports & SEZ Ltd. (2.6%),25-May-2026,03-Jan-2013,0%,LTCG 12.5% after 2 years for equity,999,Old Bridge Mutual Fund Infrastructure Fund - Direct Plan - G,"Detailed review and analysis of Old Bridge Mutual Fund Infrastructure Fund - Direct Plan - Growth (Thematic). Compare returns, expenses, holdings and risks. Sta",Old Bridge Mutual Fund Infrastructure Fund - Direct Plan - Growth | Old Bridge Mutual Fund Infrastructure Fund - Direct Plan - Growth review | Thematic mutual fund | Thematic fund in India | Old Bridge Mutual Fund Thematic | best Thematic funds | Old Bridge Mutual Fund Infrastructure Fund - Direct Plan - Growth NAV | Old Bridge Mutual Fund Infrastructure Fund - Direct Plan - Growth returns | Old Bridge Mutual Fund Infrastructure Fund - Direct Plan - Growth expense ratio | invest in Old Bridge Mutual Fund Infrastructure Fund - Direct Plan - Growth | Old Bridge Mutual Fund Infrastructure Fund - Direct Plan - Growth SIP | Thematic investment 2025 | Old Bridge Mutual Fund Infrastructure Fund - Direct Plan - Growth vs Thematic | top Thematic funds India | Old Bridge Mutual Fund Infrastructure Fund - Direct Plan - Growth performance | Old Bridge Mutual Fund Infrastructure Fund - Direct Plan - Growth fund manager | Thematic fund comparison | buy Old Bridge Mutual Fund Infrastructure Fund - Direct Plan - Growth online | Old Bridge Mutual Fund Infrastructure Fund - Direct Plan - Growth minimum investment | Thematic fund returns India
Old Bridge Mutual Fund Dividend Fund - Regular Plan - Growth,Old Bridge Mutual Fund,Thematic,Thematic - Dividend Yield,200444,11.612,5803.60,1.92,500,1000,6.4,8.06,4.76,0.48,Nifty Dividend Opportunities 50 TRI,Moderate,16.02,0.31,48,,,Aims to provide capital appreciation by investing in Thematic securities,Equity: 95.00% | T-Bills: 5.00%,Nil,HDFC Bank Ltd. (5.8%) | ICICI Bank Ltd. (5.2%) | Larsen & Toubro Ltd. (4.9%) | Reliance Industries Ltd. (4.5%) | Infosys Ltd. (4.1%) | Bharti Airtel Ltd. (3.8%) | Axis Bank Ltd. (3.5%) | State Bank of India (3.2%) | Tata Motors Ltd. (2.9%) | Adani Ports & SEZ Ltd. (2.6%),25-May-2026,03-Apr-2006,0%,LTCG 12.5% after 2 years for equity,999,Old Bridge Mutual Fund Dividend Fund - Regular Plan - Growth,"Detailed review and analysis of Old Bridge Mutual Fund Dividend Fund - Regular Plan - Growth (Thematic). Compare returns, expenses, holdings and risks. Start in",Old Bridge Mutual Fund Dividend Fund - Regular Plan - Growth | Old Bridge Mutual Fund Dividend Fund - Regular Plan - Growth review | Thematic mutual fund | Thematic fund in India | Old Bridge Mutual Fund Thematic | best Thematic funds | Old Bridge Mutual Fund Dividend Fund - Regular Plan - Growth NAV | Old Bridge Mutual Fund Dividend Fund - Regular Plan - Growth returns | Old Bridge Mutual Fund Dividend Fund - Regular Plan - Growth expense ratio | invest in Old Bridge Mutual Fund Dividend Fund - Regular Plan - Growth | Old Bridge Mutual Fund Dividend Fund - Regular Plan - Growth SIP | Thematic investment 2025 | Old Bridge Mutual Fund Dividend Fund - Regular Plan - Growth vs Thematic | top Thematic funds India | Old Bridge Mutual Fund Dividend Fund - Regular Plan - Growth performance | Old Bridge Mutual Fund Dividend Fund - Regular Plan - Growth fund manager | Thematic fund comparison | buy Old Bridge Mutual Fund Dividend Fund - Regular Plan - Growth online | Old Bridge Mutual Fund Dividend Fund - Regular Plan - Growth minimum investment | Thematic fund returns India
Old Bridge Mutual Fund Balanced Advantage Fund - Direct Plan - Growth,Old Bridge Mutual Fund,Balanced Hybrid,Balanced Advantage Fund,200445,16.3854,15840.00,0.78,500,1000,3.08,12.3,5.27,10.94,Nifty 50 Hybrid Composite Debt 65:35 Index,Moderately High,9.11,0.64,145,Gopal Agrawal; Srinivasan Ramamurthy,5.1 years,Aims to provide capital appreciation by investing in Balanced Hybrid securities,Equity: 65.00% | Debt: 30.00% | T-Bills: 5.00%,Nil,HDFC Bank Ltd. (6.8%) | ICICI Bank Ltd. (5.5%) | Reliance Industries Ltd. (4.5%) | 8.38% GOI 2027 (4.2%) | Infosys Ltd. (3.8%) | 7.26% GOI 2032 (3.5%) | Axis Bank Ltd. (3.2%) | Bharti Airtel Ltd. (2.9%) | Larsen & Toubro Ltd. (2.6%) | Tata Consultancy Services Ltd. (2.4%),25-May-2026,07-Sep-2021,0%,LTCG 12.5% after 2 years for equity,999,Old Bridge Mutual Fund Balanced Advantage Fund - Direct Plan,"Detailed review and analysis of Old Bridge Mutual Fund Balanced Advantage Fund - Direct Plan - Growth (Balanced Hybrid). Compare returns, expenses, holdings and",Old Bridge Mutual Fund Balanced Advantage Fund - Direct Plan - Growth | Old Bridge Mutual Fund Balanced Advantage Fund - Direct Plan - Growth review | Balanced Hybrid mutual fund | Balanced Hybrid fund in India | Old Bridge Mutual Fund Balanced Hybrid | best Balanced Hybrid funds | Old Bridge Mutual Fund Balanced Advantage Fund - Direct Plan - Growth NAV | Old Bridge Mutual Fund Balanced Advantage Fund - Direct Plan - Growth returns | Old Bridge Mutual Fund Balanced Advantage Fund - Direct Plan - Growth expense ratio | invest in Old Bridge Mutual Fund Balanced Advantage Fund - Direct Plan - Growth | Old Bridge Mutual Fund Balanced Advantage Fund - Direct Plan - Growth SIP | Balanced Hybrid investment 2025 | Old Bridge Mutual Fund Balanced Advantage Fund - Direct Plan - Growth vs Balanced Hybrid | top Balanced Hybrid funds India | Old Bridge Mutual Fund Balanced Advantage Fund - Direct Plan - Growth performance | Old Bridge Mutual Fund Balanced Advantage Fund - Direct Plan - Growth fund manager | Balanced Hybrid fund comparison | buy Old Bridge Mutual Fund Balanced Advantage Fund - Direct Plan - Growth online | Old Bridge Mutual Fund Balanced Advantage Fund - Direct Plan - Growth minimum investment | Balanced Hybrid fund returns India
Old Bridge Mutual Fund International Fund - Regular Plan - Growth,Old Bridge Mutual Fund,International,Fund of Funds - Overseas,200446,443.7671,3698.80,2.05,500,1000,6.09,6.85,6.05,20.09,MSCI World Index,Very High,14.67,0.02,19,,,Aims to provide capital appreciation by investing in International securities,Forgn. Eq: 95.00% | Cash & Equivalents: 5.00%,Nil,Apple Inc. (8.5%) | Microsoft Corp. (7.8%) | Alphabet Inc Class A (6.9%) | Amazon.com Inc. (5.2%) | NVIDIA Corp. (4.8%) | Meta Platforms Inc. (4.2%) | Tesla Inc. (3.9%) | Berkshire Hathaway Inc. (3.5%) | UnitedHealth Group Inc. (3.1%) | Johnson & Johnson (2.8%),25-May-2026,02-Apr-2006,0%,LTCG 12.5% after 2 years for equity,999,Old Bridge Mutual Fund International Fund - Regular Plan - G,"Detailed review and analysis of Old Bridge Mutual Fund International Fund - Regular Plan - Growth (International). Compare returns, expenses, holdings and risks",Old Bridge Mutual Fund International Fund - Regular Plan - Growth | Old Bridge Mutual Fund International Fund - Regular Plan - Growth review | International mutual fund | International fund in India | Old Bridge Mutual Fund International | best International funds | Old Bridge Mutual Fund International Fund - Regular Plan - Growth NAV | Old Bridge Mutual Fund International Fund - Regular Plan - Growth returns | Old Bridge Mutual Fund International Fund - Regular Plan - Growth expense ratio | invest in Old Bridge Mutual Fund International Fund - Regular Plan - Growth | Old Bridge Mutual Fund International Fund - Regular Plan - Growth SIP | International investment 2025 | Old Bridge Mutual Fund International Fund - Regular Plan - Growth vs International | top International funds India | Old Bridge Mutual Fund International Fund - Regular Plan - Growth performance | Old Bridge Mutual Fund International Fund - Regular Plan - Growth fund manager | International fund comparison | buy Old Bridge Mutual Fund International Fund - Regular Plan - Growth online | Old Bridge Mutual Fund International Fund - Regular Plan - Growth minimum investment | International fund returns India
Old Bridge Mutual Fund Energy Fund - Direct Plan - Growth,Old Bridge Mutual Fund,Equity,Focused Fund,200447,11.612,12691.20,0.75,500,1000,7.48,8.93,5.27,0.48,Nifty 500 TRI,Moderate,13.73,0.38,39,,,Aims to provide capital appreciation by investing in Equity securities,Equity: 97.00% | T-Bills: 3.00%,Nil,HDFC Bank Ltd. (8.8%) | ICICI Bank Ltd. (7.5%) | Reliance Industries Ltd. (6.2%) | Infosys Ltd. (5.8%) | Axis Bank Ltd. (5.1%) | Larsen & Toubro Ltd. (4.5%) | Bharti Airtel Ltd. (4.1%) | Sun Pharmaceutical Industries Ltd. (3.8%) | Tata Consultancy Services Ltd. (3.5%) | State Bank of India (3.2%),25-May-2026,03-Apr-2006,0%,LTCG 12.5% after 2 years for equity,999,Old Bridge Mutual Fund Energy Fund - Direct Plan - Growth -,"Detailed review and analysis of Old Bridge Mutual Fund Energy Fund - Direct Plan - Growth (Equity). Compare returns, expenses, holdings and risks. Start investi",Old Bridge Mutual Fund Energy Fund - Direct Plan - Growth | Old Bridge Mutual Fund Energy Fund - Direct Plan - Growth review | Equity mutual fund | Equity fund in India | Old Bridge Mutual Fund Equity | best Equity funds | Old Bridge Mutual Fund Energy Fund - Direct Plan - Growth NAV | Old Bridge Mutual Fund Energy Fund - Direct Plan - Growth returns | Old Bridge Mutual Fund Energy Fund - Direct Plan - Growth expense ratio | invest in Old Bridge Mutual Fund Energy Fund - Direct Plan - Growth | Old Bridge Mutual Fund Energy Fund - Direct Plan - Growth SIP | Equity investment 2025 | Old Bridge Mutual Fund Energy Fund - Direct Plan - Growth vs Equity | top Equity funds India | Old Bridge Mutual Fund Energy Fund - Direct Plan - Growth performance | Old Bridge Mutual Fund Energy Fund - Direct Plan - Growth fund manager | Equity fund comparison | buy Old Bridge Mutual Fund Energy Fund - Direct Plan - Growth online | Old Bridge Mutual Fund Energy Fund - Direct Plan - Growth minimum investment | Equity fund returns India
Old Bridge Mutual Fund Pharma Fund - Regular Plan - Growth,Old Bridge Mutual Fund,Pharma,Sectoral - Pharma & Healthcare,200448,11.612,5292.00,1.95,500,1000,6.4,8.06,4.76,0.48,Nifty Pharma TRI,Very High,15.74,0.31,51,,,Aims to provide capital appreciation by investing in Pharma securities,Equity: 96.00% | T-Bills: 4.00%,Nil,Sun Pharmaceutical Industries Ltd. (20.5%) | Dr. Reddy's Laboratories Ltd. (12.8%) | Cipla Ltd. (10.4%) | Divi's Laboratories Ltd. (9.8%) | Torrent Pharmaceuticals Ltd. (7.2%) | Aurobindo Pharma Ltd. (5.8%) | Alkem Laboratories Ltd. (5.2%) | Lupin Ltd. (4.9%) | Ipca Laboratories Ltd. (3.8%) | Mankind Pharma Ltd. (3.5%),25-May-2026,03-Apr-2006,0%,LTCG 12.5% after 2 years for equity,999,Old Bridge Mutual Fund Pharma Fund - Regular Plan - Growth -,"Detailed review and analysis of Old Bridge Mutual Fund Pharma Fund - Regular Plan - Growth (Pharma). Compare returns, expenses, holdings and risks. Start invest",Old Bridge Mutual Fund Pharma Fund - Regular Plan - Growth | Old Bridge Mutual Fund Pharma Fund - Regular Plan - Growth review | Pharma mutual fund | Pharma fund in India | Old Bridge Mutual Fund Pharma | best Pharma funds | Old Bridge Mutual Fund Pharma Fund - Regular Plan - Growth NAV | Old Bridge Mutual Fund Pharma Fund - Regular Plan - Growth returns | Old Bridge Mutual Fund Pharma Fund - Regular Plan - Growth expense ratio | invest in Old Bridge Mutual Fund Pharma Fund - Regular Plan - Growth | Old Bridge Mutual Fund Pharma Fund - Regular Plan - Growth SIP | Pharma investment 2025 | Old Bridge Mutual Fund Pharma Fund - Regular Plan - Growth vs Pharma | top Pharma funds India | Old Bridge Mutual Fund Pharma Fund - Regular Plan - Growth performance | Old Bridge Mutual Fund Pharma Fund - Regular Plan - Growth fund manager | Pharma fund comparison | buy Old Bridge Mutual Fund Pharma Fund - Regular Plan - Growth online | Old Bridge Mutual Fund Pharma Fund - Regular Plan - Growth minimum investment | Pharma fund returns India
Old Bridge Mutual Fund Auto Fund - Direct Plan - Growth,Old Bridge Mutual Fund,Sectoral,Sectoral - Automotive,200449,11.612,4766.40,0.98,500,1000,7.48,8.93,5.27,0.48,Nifty Auto TRI,Moderate,17.46,0.38,60,,,Aims to provide capital appreciation by investing in Sectoral securities,Equity: 96.00% | T-Bills: 4.00%,Nil,HDFC Bank Ltd. (8.5%) | ICICI Bank Ltd. (7.2%) | State Bank of India (5.8%) | Axis Bank Ltd. (5.2%) | Kotak Mahindra Bank Ltd. (4.9%) | IndusInd Bank Ltd. (4.5%) | Infosys Ltd. (4.1%) | TCS Ltd. (3.8%) | Bharti Airtel Ltd. (3.5%) | Reliance Industries Ltd. (3.2%),25-May-2026,03-Apr-2006,0%,LTCG 12.5% after 2 years for equity,999,Old Bridge Mutual Fund Auto Fund - Direct Plan - Growth - Ol,"Detailed review and analysis of Old Bridge Mutual Fund Auto Fund - Direct Plan - Growth (Sectoral). Compare returns, expenses, holdings and risks. Start investi",Old Bridge Mutual Fund Auto Fund - Direct Plan - Growth | Old Bridge Mutual Fund Auto Fund - Direct Plan - Growth review | Sectoral mutual fund | Sectoral fund in India | Old Bridge Mutual Fund Sectoral | best Sectoral funds | Old Bridge Mutual Fund Auto Fund - Direct Plan - Growth NAV | Old Bridge Mutual Fund Auto Fund - Direct Plan - Growth returns | Old Bridge Mutual Fund Auto Fund - Direct Plan - Growth expense ratio | invest in Old Bridge Mutual Fund Auto Fund - Direct Plan - Growth | Old Bridge Mutual Fund Auto Fund - Direct Plan - Growth SIP | Sectoral investment 2025 | Old Bridge Mutual Fund Auto Fund - Direct Plan - Growth vs Sectoral | top Sectoral funds India | Old Bridge Mutual Fund Auto Fund - Direct Plan - Growth performance | Old Bridge Mutual Fund Auto Fund - Direct Plan - Growth fund manager | Sectoral fund comparison | buy Old Bridge Mutual Fund Auto Fund - Direct Plan - Growth online | Old Bridge Mutual Fund Auto Fund - Direct Plan - Growth minimum investment | Sectoral fund returns India
Old Bridge Mutual Fund Manufacturing Fund - Regular Plan - Growth,Old Bridge Mutual Fund,Equity,Focused Fund,200450,443.7671,12720.00,1.75,500,1000,6.09,6.85,6.05,20.09,Nifty 500 TRI,Moderate,13.80,0.03,40,,,Aims to provide capital appreciation by investing in Equity securities,Equity: 97.00% | T-Bills: 3.00%,Nil,HDFC Bank Ltd. (8.8%) | ICICI Bank Ltd. (7.5%) | Reliance Industries Ltd. (6.2%) | Infosys Ltd. (5.8%) | Axis Bank Ltd. (5.1%) | Larsen & Toubro Ltd. (4.5%) | Bharti Airtel Ltd. (4.1%) | Sun Pharmaceutical Industries Ltd. (3.8%) | Tata Consultancy Services Ltd. (3.5%) | State Bank of India (3.2%),25-May-2026,02-Apr-2006,0%,LTCG 12.5% after 2 years for equity,999,Old Bridge Mutual Fund Manufacturing Fund - Regular Plan - G,"Detailed review and analysis of Old Bridge Mutual Fund Manufacturing Fund - Regular Plan - Growth (Equity). Compare returns, expenses, holdings and risks. Start",Old Bridge Mutual Fund Manufacturing Fund - Regular Plan - Growth | Old Bridge Mutual Fund Manufacturing Fund - Regular Plan - Growth review | Equity mutual fund | Equity fund in India | Old Bridge Mutual Fund Equity | best Equity funds | Old Bridge Mutual Fund Manufacturing Fund - Regular Plan - Growth NAV | Old Bridge Mutual Fund Manufacturing Fund - Regular Plan - Growth returns | Old Bridge Mutual Fund Manufacturing Fund - Regular Plan - Growth expense ratio | invest in Old Bridge Mutual Fund Manufacturing Fund - Regular Plan - Growth | Old Bridge Mutual Fund Manufacturing Fund - Regular Plan - Growth SIP | Equity investment 2025 | Old Bridge Mutual Fund Manufacturing Fund - Regular Plan - Growth vs Equity | top Equity funds India | Old Bridge Mutual Fund Manufacturing Fund - Regular Plan - Growth performance | Old Bridge Mutual Fund Manufacturing Fund - Regular Plan - Growth fund manager | Equity fund comparison | buy Old Bridge Mutual Fund Manufacturing Fund - Regular Plan - Growth online | Old Bridge Mutual Fund Manufacturing Fund - Regular Plan - Growth minimum investment | Equity fund returns India